2026-09-09 18:25:47 [background-preinit] INFO  o.h.validator.internal.util.Version - HV000001: Hibernate Validator 8.0.1.Final
2026-09-09 18:25:47 [main] INFO  B.ijse.IjseApplication - Starting IjseApplication using Java 21.0.11 with PID 6292 (C:\Users\Dinesh\Downloads\ijse\ijse\target\classes started by Dinesh in C:\Users\Dinesh\Downloads\ijse\ijse)
2026-09-09 18:25:47 [main] DEBUG B.ijse.IjseApplication - Running with Spring Boot v3.3.5, Spring v6.1.14
2026-09-09 18:25:47 [main] INFO  B.ijse.IjseApplication - No active profile set, falling back to 1 default profile: "default"
2026-09-09 18:25:48 [main] INFO  o.s.d.r.c.RepositoryConfigurationDelegate - Bootstrapping Spring Data JPA repositories in DEFAULT mode.
2026-09-09 18:25:48 [main] INFO  o.s.d.r.c.RepositoryConfigurationDelegate - Finished Spring Data repository scanning in 94 ms. Found 16 JPA repository interfaces.
2026-09-09 18:25:49 [main] INFO  o.s.b.w.e.tomcat.TomcatWebServer - Tomcat initialized with port 8080 (http)
2026-09-09 18:25:49 [main] INFO  o.a.coyote.http11.Http11NioProtocol - Initializing ProtocolHandler ["http-nio-8080"]
2026-09-09 18:25:49 [main] INFO  o.a.catalina.core.StandardService - Starting service [Tomcat]
2026-09-09 18:25:49 [main] INFO  o.a.catalina.core.StandardEngine - Starting Servlet engine: [Apache Tomcat/10.1.31]
2026-09-09 18:25:49 [main] INFO  o.a.c.c.C.[Tomcat].[localhost].[/] - Initializing Spring embedded WebApplicationContext
2026-09-09 18:25:49 [main] INFO  o.s.b.w.s.c.ServletWebServerApplicationContext - Root WebApplicationContext: initialization completed in 1917 ms
2026-09-09 18:25:49 [main] INFO  o.h.jpa.internal.util.LogHelper - HHH000204: Processing PersistenceUnitInfo [name: default]
2026-09-09 18:25:49 [main] INFO  org.hibernate.Version - HHH000412: Hibernate ORM core version 6.5.3.Final
2026-09-09 18:25:49 [main] INFO  o.h.c.i.RegionFactoryInitiator - HHH000026: Second-level cache disabled
2026-09-09 18:25:50 [main] INFO  o.s.o.j.p.SpringPersistenceUnitInfo - No LoadTimeWeaver setup: ignoring JPA class transformer
2026-09-09 18:25:50 [main] INFO  com.zaxxer.hikari.HikariDataSource - HikariPool-1 - Starting...
2026-09-09 18:25:50 [main] INFO  com.zaxxer.hikari.pool.HikariPool - HikariPool-1 - Added connection com.mysql.cj.jdbc.ConnectionImpl@75d7297d
2026-09-09 18:25:50 [main] INFO  com.zaxxer.hikari.HikariDataSource - HikariPool-1 - Start completed.
2026-09-09 18:25:50 [main] WARN  org.hibernate.orm.deprecation - HHH90000025: MySQLDialect does not need to be specified explicitly using 'hibernate.dialect' (remove the property setting and it will be selected by default)
2026-09-09 18:25:52 [main] INFO  o.h.e.t.j.p.i.JtaPlatformInitiator - HHH000489: No JTA platform available (set 'hibernate.transaction.jta.platform' to enable JTA platform integration)
2026-09-09 18:25:52 [main] DEBUG org.hibernate.SQL - 
    alter table bookings 
       modify column status enum ('CANCELLED','COMPLETED','CONFIRMED','NO_SHOW','PENDING') not null
2026-09-09 18:25:52 [main] DEBUG org.hibernate.SQL - 
    alter table bus_seats 
       modify column seat_type enum ('AISLE','LOWER_BERTH','MIDDLE','UPPER_BERTH','WINDOW') not null
2026-09-09 18:25:52 [main] DEBUG org.hibernate.SQL - 
    alter table buses 
       modify column bus_type enum ('AC_SEATER','AC_SLEEPER','LUXURY','MINI','NON_AC_SEATER','NON_AC_SLEEPER') not null
2026-09-09 18:25:52 [main] DEBUG org.hibernate.SQL - 
    alter table cancellations 
       modify column status enum ('APPROVED','REFUND_COMPLETED','REFUND_INITIATED','REJECTED','REQUESTED') not null
2026-09-09 18:25:52 [main] DEBUG org.hibernate.SQL - 
    alter table notifications 
       modify column type enum ('BOOKING_CANCELLED','BOOKING_CONFIRMED','GENERAL','PAYMENT_FAILED','PAYMENT_SUCCESS','REFUND_INITIATED','SCHEDULE_CHANGE') not null
2026-09-09 18:25:52 [main] DEBUG org.hibernate.SQL - 
    alter table payments 
       modify column method enum ('CASH','CREDIT_CARD','DEBIT_CARD','NET_BANKING','UPI','WALLET') not null
2026-09-09 18:25:52 [main] DEBUG org.hibernate.SQL - 
    alter table payments 
       modify column status enum ('FAILED','PARTIALLY_REFUNDED','PENDING','REFUNDED','SUCCESS') not null
2026-09-09 18:25:52 [main] DEBUG org.hibernate.SQL - 
    alter table roles 
       modify column name enum ('ROLE_ADMIN','ROLE_GUEST','ROLE_USER') not null
2026-09-09 18:25:52 [main] INFO  o.s.o.j.LocalContainerEntityManagerFactoryBean - Initialized JPA EntityManagerFactory for persistence unit 'default'
2026-09-09 18:25:53 [main] DEBUG B.i.security.JwtAuthenticationFilter - Filter 'jwtAuthenticationFilter' configured for use
2026-09-09 18:25:53 [main] INFO  o.s.s.c.a.a.c.InitializeAuthenticationProviderBeanManagerConfigurer$InitializeAuthenticationProviderManagerConfigurer - Global AuthenticationManager configured with AuthenticationProvider bean with name authenticationProvider
2026-09-09 18:25:53 [main] WARN  o.s.s.c.a.a.c.InitializeUserDetailsBeanManagerConfigurer$InitializeUserDetailsManagerConfigurer - Global AuthenticationManager configured with an AuthenticationProvider bean. UserDetailsService beans will not be used for username/password login. Consider removing the AuthenticationProvider bean. Alternatively, consider using the UserDetailsService in a manually instantiated DaoAuthenticationProvider.
2026-09-09 18:25:53 [main] INFO  o.s.d.j.r.query.QueryEnhancerFactory - Hibernate is in classpath; If applicable, HQL parser will be used.
2026-09-09 18:25:54 [main] INFO  o.s.b.a.w.s.WelcomePageHandlerMapping - Adding welcome page: class path resource [static/index.html]
2026-09-09 18:25:55 [main] INFO  o.a.coyote.http11.Http11NioProtocol - Starting ProtocolHandler ["http-nio-8080"]
2026-09-09 18:25:55 [main] INFO  o.s.b.w.e.tomcat.TomcatWebServer - Tomcat started on port 8080 (http) with context path '/'
2026-09-09 18:25:55 [main] INFO  B.ijse.IjseApplication - Started IjseApplication in 8.374 seconds (process running for 8.755)
2026-09-09 18:25:55 [main] INFO  B.ijse.DataInitializer - === GoBus API – Data Initialization ===
2026-09-09 18:25:55 [main] DEBUG org.hibernate.SQL - 
    select
        r1_0.id,
        r1_0.name 
    from
        roles r1_0 
    where
        r1_0.name=?
2026-09-09 18:25:55 [main] DEBUG org.hibernate.SQL - 
    select
        r1_0.id,
        r1_0.name 
    from
        roles r1_0 
    where
        r1_0.name=?
2026-09-09 18:25:55 [main] DEBUG org.hibernate.SQL - 
    select
        r1_0.id,
        r1_0.name 
    from
        roles r1_0 
    where
        r1_0.name=?
2026-09-09 18:25:55 [main] DEBUG org.hibernate.SQL - 
    select
        u1_0.id 
    from
        users u1_0 
    where
        u1_0.username=? 
    limit
        ?
2026-09-09 18:25:55 [main] DEBUG org.hibernate.SQL - 
    select
        u1_0.id 
    from
        users u1_0 
    where
        u1_0.username=? 
    limit
        ?
2026-09-09 18:25:55 [main] INFO  B.ijse.DataInitializer - === Data Initialization Complete ===
2026-09-09 18:46:29 [background-preinit] INFO  o.h.validator.internal.util.Version - HV000001: Hibernate Validator 8.0.1.Final
2026-09-09 18:46:29 [main] INFO  B.ijse.IjseApplication - Starting IjseApplication v0.0.1-SNAPSHOT using Java 21.0.11 with PID 17772 (C:\Users\Dinesh\Downloads\ijse\ijse\target\ijse-0.0.1-SNAPSHOT.jar started by Dinesh in C:\Users\Dinesh\Downloads\ijse\ijse)
2026-09-09 18:46:29 [main] DEBUG B.ijse.IjseApplication - Running with Spring Boot v3.3.5, Spring v6.1.14
2026-09-09 18:46:29 [main] INFO  B.ijse.IjseApplication - No active profile set, falling back to 1 default profile: "default"
2026-09-09 18:46:33 [main] INFO  o.s.d.r.c.RepositoryConfigurationDelegate - Bootstrapping Spring Data JPA repositories in DEFAULT mode.
2026-09-09 18:46:33 [main] INFO  o.s.d.r.c.RepositoryConfigurationDelegate - Finished Spring Data repository scanning in 335 ms. Found 16 JPA repository interfaces.
2026-09-09 18:46:37 [main] INFO  o.s.b.w.e.tomcat.TomcatWebServer - Tomcat initialized with port 8080 (http)
2026-09-09 18:46:37 [main] INFO  o.a.coyote.http11.Http11NioProtocol - Initializing ProtocolHandler ["http-nio-8080"]
2026-09-09 18:46:37 [main] INFO  o.a.catalina.core.StandardService - Starting service [Tomcat]
2026-09-09 18:46:37 [main] INFO  o.a.catalina.core.StandardEngine - Starting Servlet engine: [Apache Tomcat/10.1.31]
2026-09-09 18:46:37 [main] INFO  o.a.c.c.C.[Tomcat].[localhost].[/] - Initializing Spring embedded WebApplicationContext
2026-09-09 18:46:37 [main] INFO  o.s.b.w.s.c.ServletWebServerApplicationContext - Root WebApplicationContext: initialization completed in 7952 ms
2026-09-09 18:46:37 [main] INFO  o.h.jpa.internal.util.LogHelper - HHH000204: Processing PersistenceUnitInfo [name: default]
2026-09-09 18:46:38 [main] INFO  org.hibernate.Version - HHH000412: Hibernate ORM core version 6.5.3.Final
2026-09-09 18:46:38 [main] INFO  o.h.c.i.RegionFactoryInitiator - HHH000026: Second-level cache disabled
2026-09-09 18:46:39 [main] INFO  o.s.o.j.p.SpringPersistenceUnitInfo - No LoadTimeWeaver setup: ignoring JPA class transformer
2026-09-09 18:46:39 [main] INFO  com.zaxxer.hikari.HikariDataSource - HikariPool-1 - Starting...
2026-09-09 18:46:40 [main] INFO  com.zaxxer.hikari.pool.HikariPool - HikariPool-1 - Added connection com.mysql.cj.jdbc.ConnectionImpl@31204303
2026-09-09 18:46:40 [main] INFO  com.zaxxer.hikari.HikariDataSource - HikariPool-1 - Start completed.
2026-09-09 18:46:40 [main] WARN  org.hibernate.orm.deprecation - HHH90000025: MySQLDialect does not need to be specified explicitly using 'hibernate.dialect' (remove the property setting and it will be selected by default)
2026-09-09 18:46:44 [main] INFO  o.h.e.t.j.p.i.JtaPlatformInitiator - HHH000489: No JTA platform available (set 'hibernate.transaction.jta.platform' to enable JTA platform integration)
2026-09-09 18:46:44 [main] DEBUG org.hibernate.SQL - 
    alter table bookings 
       modify column status enum ('CANCELLED','COMPLETED','CONFIRMED','NO_SHOW','PENDING') not null
2026-09-09 18:46:44 [main] DEBUG org.hibernate.SQL - 
    alter table bus_seats 
       modify column seat_type enum ('AISLE','LOWER_BERTH','MIDDLE','UPPER_BERTH','WINDOW') not null
2026-09-09 18:46:44 [main] DEBUG org.hibernate.SQL - 
    alter table buses 
       modify column bus_type enum ('AC_SEATER','AC_SLEEPER','LUXURY','MINI','NON_AC_SEATER','NON_AC_SLEEPER') not null
2026-09-09 18:46:44 [main] DEBUG org.hibernate.SQL - 
    alter table cancellations 
       modify column status enum ('APPROVED','REFUND_COMPLETED','REFUND_INITIATED','REJECTED','REQUESTED') not null
2026-09-09 18:46:44 [main] DEBUG org.hibernate.SQL - 
    alter table notifications 
       modify column type enum ('BOOKING_CANCELLED','BOOKING_CONFIRMED','GENERAL','PAYMENT_FAILED','PAYMENT_SUCCESS','REFUND_INITIATED','SCHEDULE_CHANGE') not null
2026-09-09 18:46:44 [main] DEBUG org.hibernate.SQL - 
    alter table payments 
       modify column method enum ('CASH','CREDIT_CARD','DEBIT_CARD','NET_BANKING','UPI','WALLET') not null
2026-09-09 18:46:44 [main] DEBUG org.hibernate.SQL - 
    alter table payments 
       modify column status enum ('FAILED','PARTIALLY_REFUNDED','PENDING','REFUNDED','SUCCESS') not null
2026-09-09 18:46:44 [main] DEBUG org.hibernate.SQL - 
    alter table roles 
       modify column name enum ('ROLE_ADMIN','ROLE_GUEST','ROLE_USER') not null
2026-09-09 18:46:44 [main] INFO  o.s.o.j.LocalContainerEntityManagerFactoryBean - Initialized JPA EntityManagerFactory for persistence unit 'default'
2026-09-09 18:46:46 [main] DEBUG B.i.security.JwtAuthenticationFilter - Filter 'jwtAuthenticationFilter' configured for use
2026-09-09 18:46:46 [main] INFO  o.s.s.c.a.a.c.InitializeAuthenticationProviderBeanManagerConfigurer$InitializeAuthenticationProviderManagerConfigurer - Global AuthenticationManager configured with AuthenticationProvider bean with name authenticationProvider
2026-09-09 18:46:46 [main] WARN  o.s.s.c.a.a.c.InitializeUserDetailsBeanManagerConfigurer$InitializeUserDetailsManagerConfigurer - Global AuthenticationManager configured with an AuthenticationProvider bean. UserDetailsService beans will not be used for username/password login. Consider removing the AuthenticationProvider bean. Alternatively, consider using the UserDetailsService in a manually instantiated DaoAuthenticationProvider.
2026-09-09 18:46:46 [main] INFO  o.s.d.j.r.query.QueryEnhancerFactory - Hibernate is in classpath; If applicable, HQL parser will be used.
2026-09-09 18:46:50 [main] INFO  o.s.b.a.w.s.WelcomePageHandlerMapping - Adding welcome page: class path resource [static/index.html]
2026-09-09 18:46:52 [main] INFO  o.a.coyote.http11.Http11NioProtocol - Starting ProtocolHandler ["http-nio-8080"]
2026-09-09 18:46:52 [main] INFO  o.s.b.w.e.tomcat.TomcatWebServer - Tomcat started on port 8080 (http) with context path '/'
2026-09-09 18:46:52 [main] INFO  B.ijse.IjseApplication - Started IjseApplication in 26.352 seconds (process running for 33.731)
2026-09-09 18:46:52 [main] INFO  B.ijse.DataInitializer - === GoBus API – Data Initialization ===
2026-09-09 18:46:53 [main] DEBUG org.hibernate.SQL - 
    select
        r1_0.id,
        r1_0.name 
    from
        roles r1_0 
    where
        r1_0.name=?
2026-09-09 18:46:53 [main] DEBUG org.hibernate.SQL - 
    select
        r1_0.id,
        r1_0.name 
    from
        roles r1_0 
    where
        r1_0.name=?
2026-09-09 18:46:53 [main] DEBUG org.hibernate.SQL - 
    select
        r1_0.id,
        r1_0.name 
    from
        roles r1_0 
    where
        r1_0.name=?
2026-09-09 18:46:53 [main] DEBUG org.hibernate.SQL - 
    select
        u1_0.id 
    from
        users u1_0 
    where
        u1_0.username=? 
    limit
        ?
2026-09-09 18:46:53 [main] DEBUG org.hibernate.SQL - 
    select
        u1_0.id 
    from
        users u1_0 
    where
        u1_0.username=? 
    limit
        ?
2026-09-09 18:46:53 [main] INFO  B.ijse.DataInitializer - === Data Initialization Complete ===
2026-09-09 18:47:20 [http-nio-8080-exec-1] INFO  o.a.c.c.C.[Tomcat].[localhost].[/] - Initializing Spring DispatcherServlet 'dispatcherServlet'
2026-09-09 18:47:20 [http-nio-8080-exec-1] INFO  o.s.web.servlet.DispatcherServlet - Initializing Servlet 'dispatcherServlet'
2026-09-09 18:47:20 [http-nio-8080-exec-1] INFO  o.s.web.servlet.DispatcherServlet - Completed initialization in 2 ms
2026-09-09 18:47:20 [http-nio-8080-exec-1] INFO  B.ijse.Controller.AuthController - Login request for: admin
2026-09-09 18:47:20 [http-nio-8080-exec-1] DEBUG org.hibernate.SQL - 
    select
        u1_0.id,
        u1_0.email,
        u1_0.enabled,
        u1_0.full_name,
        u1_0.password,
        u1_0.phone,
        u1_0.username 
    from
        users u1_0 
    where
        u1_0.username=?
2026-09-09 18:47:20 [http-nio-8080-exec-1] DEBUG org.hibernate.SQL - 
    select
        r1_0.user_id,
        r1_1.id,
        r1_1.name 
    from
        user_roles r1_0 
    join
        roles r1_1 
            on r1_1.id=r1_0.role_id 
    where
        r1_0.user_id=?
2026-09-09 18:47:20 [http-nio-8080-exec-1] DEBUG B.i.security.UserDetailsServiceImpl - Loaded user: admin with roles: [Bus_Ticket_booking.ijse.entity.Role@3c, Bus_Ticket_booking.ijse.entity.Role@3d]
2026-09-09 18:47:21 [http-nio-8080-exec-1] INFO  B.ijse.Service.AuthService - User logged in: admin
2026-09-09 19:09:21 [background-preinit] INFO  o.h.validator.internal.util.Version - HV000001: Hibernate Validator 8.0.1.Final
2026-09-09 19:09:21 [main] INFO  B.ijse.IjseApplication - Starting IjseApplication using Java 21.0.11 with PID 7320 (C:\Users\Dinesh\Downloads\ijse\ijse\target\classes started by Dinesh in C:\Users\Dinesh\Downloads\ijse\ijse)
2026-09-09 19:09:21 [main] DEBUG B.ijse.IjseApplication - Running with Spring Boot v3.3.5, Spring v6.1.14
2026-09-09 19:09:21 [main] INFO  B.ijse.IjseApplication - No active profile set, falling back to 1 default profile: "default"
2026-09-09 19:09:22 [main] INFO  o.s.d.r.c.RepositoryConfigurationDelegate - Bootstrapping Spring Data JPA repositories in DEFAULT mode.
2026-09-09 19:09:22 [main] INFO  o.s.d.r.c.RepositoryConfigurationDelegate - Finished Spring Data repository scanning in 97 ms. Found 16 JPA repository interfaces.
2026-09-09 19:09:23 [main] INFO  o.s.b.w.e.tomcat.TomcatWebServer - Tomcat initialized with port 8080 (http)
2026-09-09 19:09:23 [main] INFO  o.a.coyote.http11.Http11NioProtocol - Initializing ProtocolHandler ["http-nio-8080"]
2026-09-09 19:09:23 [main] INFO  o.a.catalina.core.StandardService - Starting service [Tomcat]
2026-09-09 19:09:23 [main] INFO  o.a.catalina.core.StandardEngine - Starting Servlet engine: [Apache Tomcat/10.1.31]
2026-09-09 19:09:23 [main] INFO  o.a.c.c.C.[Tomcat].[localhost].[/] - Initializing Spring embedded WebApplicationContext
2026-09-09 19:09:23 [main] INFO  o.s.b.w.s.c.ServletWebServerApplicationContext - Root WebApplicationContext: initialization completed in 2030 ms
2026-09-09 19:09:24 [main] INFO  o.h.jpa.internal.util.LogHelper - HHH000204: Processing PersistenceUnitInfo [name: default]
2026-09-09 19:09:24 [main] INFO  org.hibernate.Version - HHH000412: Hibernate ORM core version 6.5.3.Final
2026-09-09 19:09:24 [main] INFO  o.h.c.i.RegionFactoryInitiator - HHH000026: Second-level cache disabled
2026-09-09 19:09:24 [main] INFO  o.s.o.j.p.SpringPersistenceUnitInfo - No LoadTimeWeaver setup: ignoring JPA class transformer
2026-09-09 19:09:24 [main] INFO  com.zaxxer.hikari.HikariDataSource - HikariPool-1 - Starting...
2026-09-09 19:09:24 [main] INFO  com.zaxxer.hikari.pool.HikariPool - HikariPool-1 - Added connection com.mysql.cj.jdbc.ConnectionImpl@6badb08c
2026-09-09 19:09:24 [main] INFO  com.zaxxer.hikari.HikariDataSource - HikariPool-1 - Start completed.
2026-09-09 19:09:24 [main] WARN  org.hibernate.orm.deprecation - HHH90000025: MySQLDialect does not need to be specified explicitly using 'hibernate.dialect' (remove the property setting and it will be selected by default)
2026-09-09 19:09:26 [main] INFO  o.h.e.t.j.p.i.JtaPlatformInitiator - HHH000489: No JTA platform available (set 'hibernate.transaction.jta.platform' to enable JTA platform integration)
2026-09-09 19:09:26 [main] DEBUG org.hibernate.SQL - 
    alter table bookings 
       modify column status enum ('CANCELLED','COMPLETED','CONFIRMED','NO_SHOW','PENDING') not null
2026-09-09 19:09:26 [main] DEBUG org.hibernate.SQL - 
    alter table bus_seats 
       modify column seat_type enum ('AISLE','LOWER_BERTH','MIDDLE','UPPER_BERTH','WINDOW') not null
2026-09-09 19:09:26 [main] DEBUG org.hibernate.SQL - 
    alter table buses 
       modify column bus_type enum ('AC_SEATER','AC_SLEEPER','LUXURY','MINI','NON_AC_SEATER','NON_AC_SLEEPER') not null
2026-09-09 19:09:26 [main] DEBUG org.hibernate.SQL - 
    alter table cancellations 
       modify column status enum ('APPROVED','REFUND_COMPLETED','REFUND_INITIATED','REJECTED','REQUESTED') not null
2026-09-09 19:09:26 [main] DEBUG org.hibernate.SQL - 
    alter table notifications 
       modify column type enum ('BOOKING_CANCELLED','BOOKING_CONFIRMED','GENERAL','PAYMENT_FAILED','PAYMENT_SUCCESS','REFUND_INITIATED','SCHEDULE_CHANGE') not null
2026-09-09 19:09:26 [main] DEBUG org.hibernate.SQL - 
    alter table payments 
       modify column method enum ('CASH','CREDIT_CARD','DEBIT_CARD','NET_BANKING','UPI','WALLET') not null
2026-09-09 19:09:26 [main] DEBUG org.hibernate.SQL - 
    alter table payments 
       modify column status enum ('FAILED','PARTIALLY_REFUNDED','PENDING','REFUNDED','SUCCESS') not null
2026-09-09 19:09:26 [main] DEBUG org.hibernate.SQL - 
    alter table roles 
       modify column name enum ('ROLE_ADMIN','ROLE_GUEST','ROLE_USER') not null
2026-09-09 19:09:26 [main] INFO  o.s.o.j.LocalContainerEntityManagerFactoryBean - Initialized JPA EntityManagerFactory for persistence unit 'default'
2026-09-09 19:09:27 [main] DEBUG B.i.security.JwtAuthenticationFilter - Filter 'jwtAuthenticationFilter' configured for use
2026-09-09 19:09:27 [main] INFO  o.s.s.c.a.a.c.InitializeAuthenticationProviderBeanManagerConfigurer$InitializeAuthenticationProviderManagerConfigurer - Global AuthenticationManager configured with AuthenticationProvider bean with name authenticationProvider
2026-09-09 19:09:27 [main] WARN  o.s.s.c.a.a.c.InitializeUserDetailsBeanManagerConfigurer$InitializeUserDetailsManagerConfigurer - Global AuthenticationManager configured with an AuthenticationProvider bean. UserDetailsService beans will not be used for username/password login. Consider removing the AuthenticationProvider bean. Alternatively, consider using the UserDetailsService in a manually instantiated DaoAuthenticationProvider.
2026-09-09 19:09:27 [main] INFO  o.s.d.j.r.query.QueryEnhancerFactory - Hibernate is in classpath; If applicable, HQL parser will be used.
2026-09-09 19:09:28 [main] INFO  o.s.b.a.w.s.WelcomePageHandlerMapping - Adding welcome page: class path resource [static/index.html]
2026-09-09 19:09:29 [main] INFO  o.a.coyote.http11.Http11NioProtocol - Starting ProtocolHandler ["http-nio-8080"]
2026-09-09 19:09:29 [main] INFO  o.s.b.w.e.tomcat.TomcatWebServer - Tomcat started on port 8080 (http) with context path '/'
2026-09-09 19:09:29 [main] INFO  B.ijse.IjseApplication - Started IjseApplication in 8.424 seconds (process running for 8.805)
2026-09-09 19:09:29 [main] INFO  B.ijse.DataInitializer - === GoBus API – Data Initialization ===
2026-09-09 19:09:29 [main] DEBUG org.hibernate.SQL - 
    select
        r1_0.id,
        r1_0.name 
    from
        roles r1_0 
    where
        r1_0.name=?
2026-09-09 19:09:29 [main] DEBUG org.hibernate.SQL - 
    select
        r1_0.id,
        r1_0.name 
    from
        roles r1_0 
    where
        r1_0.name=?
2026-09-09 19:09:29 [main] DEBUG org.hibernate.SQL - 
    select
        r1_0.id,
        r1_0.name 
    from
        roles r1_0 
    where
        r1_0.name=?
2026-09-09 19:09:29 [main] DEBUG org.hibernate.SQL - 
    select
        u1_0.id 
    from
        users u1_0 
    where
        u1_0.username=? 
    limit
        ?
2026-09-09 19:09:29 [main] DEBUG org.hibernate.SQL - 
    select
        u1_0.id 
    from
        users u1_0 
    where
        u1_0.username=? 
    limit
        ?
2026-09-09 19:09:29 [main] INFO  B.ijse.DataInitializer - === Data Initialization Complete ===
2026-09-09 19:58:33 [background-preinit] INFO  o.h.validator.internal.util.Version - HV000001: Hibernate Validator 8.0.1.Final
2026-09-09 19:58:34 [main] INFO  B.ijse.IjseApplication - Starting IjseApplication using Java 21.0.11 with PID 8016 (C:\Users\Dinesh\Downloads\ijse\ijse\target\classes started by Dinesh in C:\Users\Dinesh\Downloads\ijse\ijse)
2026-09-09 19:58:34 [main] DEBUG B.ijse.IjseApplication - Running with Spring Boot v3.3.5, Spring v6.1.14
2026-09-09 19:58:34 [main] INFO  B.ijse.IjseApplication - No active profile set, falling back to 1 default profile: "default"
2026-09-09 19:58:36 [main] INFO  o.s.d.r.c.RepositoryConfigurationDelegate - Bootstrapping Spring Data JPA repositories in DEFAULT mode.
2026-09-09 19:58:36 [main] INFO  o.s.d.r.c.RepositoryConfigurationDelegate - Finished Spring Data repository scanning in 275 ms. Found 16 JPA repository interfaces.
2026-09-09 19:58:37 [main] INFO  o.s.b.w.e.tomcat.TomcatWebServer - Tomcat initialized with port 8080 (http)
2026-09-09 19:58:37 [main] INFO  o.a.coyote.http11.Http11NioProtocol - Initializing ProtocolHandler ["http-nio-8080"]
2026-09-09 19:58:37 [main] INFO  o.a.catalina.core.StandardService - Starting service [Tomcat]
2026-09-09 19:58:37 [main] INFO  o.a.catalina.core.StandardEngine - Starting Servlet engine: [Apache Tomcat/10.1.31]
2026-09-09 19:58:37 [main] INFO  o.a.c.c.C.[Tomcat].[localhost].[/] - Initializing Spring embedded WebApplicationContext
2026-09-09 19:58:37 [main] INFO  o.s.b.w.s.c.ServletWebServerApplicationContext - Root WebApplicationContext: initialization completed in 3402 ms
2026-09-09 19:58:37 [main] INFO  o.h.jpa.internal.util.LogHelper - HHH000204: Processing PersistenceUnitInfo [name: default]
2026-09-09 19:58:37 [main] INFO  org.hibernate.Version - HHH000412: Hibernate ORM core version 6.5.3.Final
2026-09-09 19:58:37 [main] INFO  o.h.c.i.RegionFactoryInitiator - HHH000026: Second-level cache disabled
2026-09-09 19:58:38 [main] INFO  o.s.o.j.p.SpringPersistenceUnitInfo - No LoadTimeWeaver setup: ignoring JPA class transformer
2026-09-09 19:58:38 [main] INFO  com.zaxxer.hikari.HikariDataSource - HikariPool-1 - Starting...
2026-09-09 19:58:38 [main] INFO  com.zaxxer.hikari.pool.HikariPool - HikariPool-1 - Added connection com.mysql.cj.jdbc.ConnectionImpl@6071631f
2026-09-09 19:58:38 [main] INFO  com.zaxxer.hikari.HikariDataSource - HikariPool-1 - Start completed.
2026-09-09 19:58:38 [main] WARN  org.hibernate.orm.deprecation - HHH90000025: MySQLDialect does not need to be specified explicitly using 'hibernate.dialect' (remove the property setting and it will be selected by default)
2026-09-09 19:58:41 [main] INFO  o.h.e.t.j.p.i.JtaPlatformInitiator - HHH000489: No JTA platform available (set 'hibernate.transaction.jta.platform' to enable JTA platform integration)
2026-09-09 19:58:41 [main] DEBUG org.hibernate.SQL - 
    alter table bookings 
       modify column status enum ('CANCELLED','COMPLETED','CONFIRMED','NO_SHOW','PENDING') not null
2026-09-09 19:58:41 [main] DEBUG org.hibernate.SQL - 
    alter table bus_seats 
       modify column seat_type enum ('AISLE','LOWER_BERTH','MIDDLE','UPPER_BERTH','WINDOW') not null
2026-09-09 19:58:41 [main] DEBUG org.hibernate.SQL - 
    alter table buses 
       modify column bus_type enum ('AC_SEATER','AC_SLEEPER','LUXURY','MINI','NON_AC_SEATER','NON_AC_SLEEPER') not null
2026-09-09 19:58:41 [main] DEBUG org.hibernate.SQL - 
    alter table cancellations 
       modify column status enum ('APPROVED','REFUND_COMPLETED','REFUND_INITIATED','REJECTED','REQUESTED') not null
2026-09-09 19:58:41 [main] DEBUG org.hibernate.SQL - 
    alter table notifications 
       modify column type enum ('BOOKING_CANCELLED','BOOKING_CONFIRMED','GENERAL','PAYMENT_FAILED','PAYMENT_SUCCESS','REFUND_INITIATED','SCHEDULE_CHANGE') not null
2026-09-09 19:58:41 [main] DEBUG org.hibernate.SQL - 
    alter table payments 
       modify column method enum ('CASH','CREDIT_CARD','DEBIT_CARD','NET_BANKING','UPI','WALLET') not null
2026-09-09 19:58:41 [main] DEBUG org.hibernate.SQL - 
    alter table payments 
       modify column status enum ('FAILED','PARTIALLY_REFUNDED','PENDING','REFUNDED','SUCCESS') not null
2026-09-09 19:58:41 [main] DEBUG org.hibernate.SQL - 
    alter table roles 
       modify column name enum ('ROLE_ADMIN','ROLE_GUEST','ROLE_USER') not null
2026-09-09 19:58:41 [main] INFO  o.s.o.j.LocalContainerEntityManagerFactoryBean - Initialized JPA EntityManagerFactory for persistence unit 'default'
2026-09-09 19:58:42 [main] DEBUG B.i.security.JwtAuthenticationFilter - Filter 'jwtAuthenticationFilter' configured for use
2026-09-09 19:58:42 [main] INFO  o.s.s.c.a.a.c.InitializeAuthenticationProviderBeanManagerConfigurer$InitializeAuthenticationProviderManagerConfigurer - Global AuthenticationManager configured with AuthenticationProvider bean with name authenticationProvider
2026-09-09 19:58:42 [main] WARN  o.s.s.c.a.a.c.InitializeUserDetailsBeanManagerConfigurer$InitializeUserDetailsManagerConfigurer - Global AuthenticationManager configured with an AuthenticationProvider bean. UserDetailsService beans will not be used for username/password login. Consider removing the AuthenticationProvider bean. Alternatively, consider using the UserDetailsService in a manually instantiated DaoAuthenticationProvider.
2026-09-09 19:58:42 [main] INFO  o.s.d.j.r.query.QueryEnhancerFactory - Hibernate is in classpath; If applicable, HQL parser will be used.
2026-09-09 19:58:44 [main] INFO  o.s.b.a.w.s.WelcomePageHandlerMapping - Adding welcome page: class path resource [static/index.html]
2026-09-09 19:58:45 [main] INFO  o.a.coyote.http11.Http11NioProtocol - Starting ProtocolHandler ["http-nio-8080"]
2026-09-09 19:58:45 [main] INFO  o.s.b.w.e.tomcat.TomcatWebServer - Tomcat started on port 8080 (http) with context path '/'
2026-09-09 19:58:45 [main] INFO  B.ijse.IjseApplication - Started IjseApplication in 12.868 seconds (process running for 13.479)
2026-09-09 19:58:45 [main] INFO  o.s.b.a.l.ConditionEvaluationReportLogger - 

Error starting ApplicationContext. To display the condition evaluation report re-run your application with 'debug' enabled.
2026-09-09 19:58:45 [main] ERROR o.s.boot.SpringApplication - Application run failed
java.lang.Error: Unresolved compilation problems: 
	LUXURY_AC cannot be resolved or is not a field
	SUPER_LUXURY cannot be resolved or is not a field
	AC cannot be resolved or is not a field
	LUXURY_AC cannot be resolved or is not a field
	AC cannot be resolved or is not a field

	at Bus_Ticket_booking.ijse.DataInitializer.run(DataInitializer.java:83)
	at java.base/jdk.internal.reflect.DirectMethodHandleAccessor.invoke(DirectMethodHandleAccessor.java:103)
	at java.base/java.lang.reflect.Method.invoke(Method.java:580)
	at org.springframework.aop.support.AopUtils.invokeJoinpointUsingReflection(AopUtils.java:355)
	at org.springframework.aop.framework.ReflectiveMethodInvocation.invokeJoinpoint(ReflectiveMethodInvocation.java:196)
	at org.springframework.aop.framework.ReflectiveMethodInvocation.proceed(ReflectiveMethodInvocation.java:163)
	at org.springframework.aop.framework.CglibAopProxy$CglibMethodInvocation.proceed(CglibAopProxy.java:768)
	at org.springframework.transaction.interceptor.TransactionAspectSupport.invokeWithinTransaction(TransactionAspectSupport.java:379)
	at org.springframework.transaction.interceptor.TransactionInterceptor.invoke(TransactionInterceptor.java:119)
	at org.springframework.aop.framework.ReflectiveMethodInvocation.proceed(ReflectiveMethodInvocation.java:184)
	at org.springframework.aop.framework.CglibAopProxy$CglibMethodInvocation.proceed(CglibAopProxy.java:768)
	at org.springframework.aop.framework.CglibAopProxy$DynamicAdvisedInterceptor.intercept(CglibAopProxy.java:720)
	at Bus_Ticket_booking.ijse.DataInitializer$$SpringCGLIB$$0.run(<generated>)
	at org.springframework.boot.SpringApplication.lambda$callRunner$5(SpringApplication.java:790)
	at org.springframework.util.function.ThrowingConsumer$1.acceptWithException(ThrowingConsumer.java:83)
	at org.springframework.util.function.ThrowingConsumer.accept(ThrowingConsumer.java:60)
	at org.springframework.util.function.ThrowingConsumer$1.accept(ThrowingConsumer.java:88)
	at org.springframework.boot.SpringApplication.callRunner(SpringApplication.java:798)
	at org.springframework.boot.SpringApplication.callRunner(SpringApplication.java:789)
	at org.springframework.boot.SpringApplication.lambda$callRunners$3(SpringApplication.java:774)
	at java.base/java.util.stream.ForEachOps$ForEachOp$OfRef.accept(ForEachOps.java:184)
	at java.base/java.util.stream.SortedOps$SizedRefSortingSink.end(SortedOps.java:357)
	at java.base/java.util.stream.AbstractPipeline.copyInto(AbstractPipeline.java:510)
	at java.base/java.util.stream.AbstractPipeline.wrapAndCopyInto(AbstractPipeline.java:499)
	at java.base/java.util.stream.ForEachOps$ForEachOp.evaluateSequential(ForEachOps.java:151)
	at java.base/java.util.stream.ForEachOps$ForEachOp$OfRef.evaluateSequential(ForEachOps.java:174)
	at java.base/java.util.stream.AbstractPipeline.evaluate(AbstractPipeline.java:234)
	at java.base/java.util.stream.ReferencePipeline.forEach(ReferencePipeline.java:596)
	at org.springframework.boot.SpringApplication.callRunners(SpringApplication.java:774)
	at org.springframework.boot.SpringApplication.run(SpringApplication.java:342)
	at org.springframework.boot.SpringApplication.run(SpringApplication.java:1363)
	at org.springframework.boot.SpringApplication.run(SpringApplication.java:1352)
	at Bus_Ticket_booking.ijse.IjseApplication.main(IjseApplication.java:12)
2026-09-09 19:58:45 [main] INFO  o.s.o.j.LocalContainerEntityManagerFactoryBean - Closing JPA EntityManagerFactory for persistence unit 'default'
2026-09-09 19:58:45 [main] INFO  com.zaxxer.hikari.HikariDataSource - HikariPool-1 - Shutdown initiated...
2026-09-09 19:58:45 [main] INFO  com.zaxxer.hikari.HikariDataSource - HikariPool-1 - Shutdown completed.
2026-09-09 19:59:46 [background-preinit] INFO  o.h.validator.internal.util.Version - HV000001: Hibernate Validator 8.0.1.Final
2026-09-09 19:59:46 [main] INFO  B.ijse.IjseApplication - Starting IjseApplication using Java 21.0.11 with PID 10664 (C:\Users\Dinesh\Downloads\ijse\ijse\target\classes started by Dinesh in C:\Users\Dinesh\Downloads\ijse\ijse)
2026-09-09 19:59:46 [main] DEBUG B.ijse.IjseApplication - Running with Spring Boot v3.3.5, Spring v6.1.14
2026-09-09 19:59:46 [main] INFO  B.ijse.IjseApplication - No active profile set, falling back to 1 default profile: "default"
2026-09-09 19:59:47 [main] INFO  o.s.d.r.c.RepositoryConfigurationDelegate - Bootstrapping Spring Data JPA repositories in DEFAULT mode.
2026-09-09 19:59:47 [main] INFO  o.s.d.r.c.RepositoryConfigurationDelegate - Finished Spring Data repository scanning in 124 ms. Found 16 JPA repository interfaces.
2026-09-09 19:59:48 [main] INFO  o.s.b.w.e.tomcat.TomcatWebServer - Tomcat initialized with port 8080 (http)
2026-09-09 19:59:48 [main] INFO  o.a.coyote.http11.Http11NioProtocol - Initializing ProtocolHandler ["http-nio-8080"]
2026-09-09 19:59:48 [main] INFO  o.a.catalina.core.StandardService - Starting service [Tomcat]
2026-09-09 19:59:48 [main] INFO  o.a.catalina.core.StandardEngine - Starting Servlet engine: [Apache Tomcat/10.1.31]
2026-09-09 19:59:48 [main] INFO  o.a.c.c.C.[Tomcat].[localhost].[/] - Initializing Spring embedded WebApplicationContext
2026-09-09 19:59:48 [main] INFO  o.s.b.w.s.c.ServletWebServerApplicationContext - Root WebApplicationContext: initialization completed in 2500 ms
2026-09-09 19:59:49 [main] INFO  o.h.jpa.internal.util.LogHelper - HHH000204: Processing PersistenceUnitInfo [name: default]
2026-09-09 19:59:49 [main] INFO  org.hibernate.Version - HHH000412: Hibernate ORM core version 6.5.3.Final
2026-09-09 19:59:49 [main] INFO  o.h.c.i.RegionFactoryInitiator - HHH000026: Second-level cache disabled
2026-09-09 19:59:49 [main] INFO  o.s.o.j.p.SpringPersistenceUnitInfo - No LoadTimeWeaver setup: ignoring JPA class transformer
2026-09-09 19:59:50 [main] INFO  com.zaxxer.hikari.HikariDataSource - HikariPool-1 - Starting...
2026-09-09 19:59:50 [main] INFO  com.zaxxer.hikari.pool.HikariPool - HikariPool-1 - Added connection com.mysql.cj.jdbc.ConnectionImpl@7a247711
2026-09-09 19:59:50 [main] INFO  com.zaxxer.hikari.HikariDataSource - HikariPool-1 - Start completed.
2026-09-09 19:59:50 [main] WARN  org.hibernate.orm.deprecation - HHH90000025: MySQLDialect does not need to be specified explicitly using 'hibernate.dialect' (remove the property setting and it will be selected by default)
2026-09-09 19:59:53 [main] INFO  o.h.e.t.j.p.i.JtaPlatformInitiator - HHH000489: No JTA platform available (set 'hibernate.transaction.jta.platform' to enable JTA platform integration)
2026-09-09 19:59:53 [main] DEBUG org.hibernate.SQL - 
    alter table bookings 
       modify column status enum ('CANCELLED','COMPLETED','CONFIRMED','NO_SHOW','PENDING') not null
2026-09-09 19:59:53 [main] DEBUG org.hibernate.SQL - 
    alter table bus_seats 
       modify column seat_type enum ('AISLE','LOWER_BERTH','MIDDLE','UPPER_BERTH','WINDOW') not null
2026-09-09 19:59:53 [main] DEBUG org.hibernate.SQL - 
    alter table buses 
       modify column bus_type enum ('AC_SEATER','AC_SLEEPER','LUXURY','MINI','NON_AC_SEATER','NON_AC_SLEEPER') not null
2026-09-09 19:59:53 [main] DEBUG org.hibernate.SQL - 
    alter table cancellations 
       modify column status enum ('APPROVED','REFUND_COMPLETED','REFUND_INITIATED','REJECTED','REQUESTED') not null
2026-09-09 19:59:53 [main] DEBUG org.hibernate.SQL - 
    alter table notifications 
       modify column type enum ('BOOKING_CANCELLED','BOOKING_CONFIRMED','GENERAL','PAYMENT_FAILED','PAYMENT_SUCCESS','REFUND_INITIATED','SCHEDULE_CHANGE') not null
2026-09-09 19:59:53 [main] DEBUG org.hibernate.SQL - 
    alter table payments 
       modify column method enum ('CASH','CREDIT_CARD','DEBIT_CARD','NET_BANKING','UPI','WALLET') not null
2026-09-09 19:59:53 [main] DEBUG org.hibernate.SQL - 
    alter table payments 
       modify column status enum ('FAILED','PARTIALLY_REFUNDED','PENDING','REFUNDED','SUCCESS') not null
2026-09-09 19:59:53 [main] DEBUG org.hibernate.SQL - 
    alter table roles 
       modify column name enum ('ROLE_ADMIN','ROLE_GUEST','ROLE_USER') not null
2026-09-09 19:59:53 [main] INFO  o.s.o.j.LocalContainerEntityManagerFactoryBean - Initialized JPA EntityManagerFactory for persistence unit 'default'
2026-09-09 19:59:54 [main] DEBUG B.i.security.JwtAuthenticationFilter - Filter 'jwtAuthenticationFilter' configured for use
2026-09-09 19:59:54 [main] INFO  o.s.s.c.a.a.c.InitializeAuthenticationProviderBeanManagerConfigurer$InitializeAuthenticationProviderManagerConfigurer - Global AuthenticationManager configured with AuthenticationProvider bean with name authenticationProvider
2026-09-09 19:59:54 [main] WARN  o.s.s.c.a.a.c.InitializeUserDetailsBeanManagerConfigurer$InitializeUserDetailsManagerConfigurer - Global AuthenticationManager configured with an AuthenticationProvider bean. UserDetailsService beans will not be used for username/password login. Consider removing the AuthenticationProvider bean. Alternatively, consider using the UserDetailsService in a manually instantiated DaoAuthenticationProvider.
2026-09-09 19:59:54 [main] INFO  o.s.d.j.r.query.QueryEnhancerFactory - Hibernate is in classpath; If applicable, HQL parser will be used.
2026-09-09 19:59:55 [main] INFO  o.s.b.a.w.s.WelcomePageHandlerMapping - Adding welcome page: class path resource [static/index.html]
2026-09-09 19:59:56 [main] INFO  o.a.coyote.http11.Http11NioProtocol - Starting ProtocolHandler ["http-nio-8080"]
2026-09-09 19:59:56 [main] INFO  o.s.b.w.e.tomcat.TomcatWebServer - Tomcat started on port 8080 (http) with context path '/'
2026-09-09 19:59:56 [main] INFO  B.ijse.IjseApplication - Started IjseApplication in 11.245 seconds (process running for 11.882)
2026-09-09 19:59:56 [main] INFO  B.ijse.DataInitializer - === GoBus API – Data Initialization ===
2026-09-09 19:59:56 [main] DEBUG org.hibernate.SQL - 
    select
        r1_0.id,
        r1_0.name 
    from
        roles r1_0 
    where
        r1_0.name=?
2026-09-09 19:59:56 [main] DEBUG org.hibernate.SQL - 
    select
        r1_0.id,
        r1_0.name 
    from
        roles r1_0 
    where
        r1_0.name=?
2026-09-09 19:59:56 [main] DEBUG org.hibernate.SQL - 
    select
        r1_0.id,
        r1_0.name 
    from
        roles r1_0 
    where
        r1_0.name=?
2026-09-09 19:59:56 [main] DEBUG org.hibernate.SQL - 
    select
        u1_0.id 
    from
        users u1_0 
    where
        u1_0.username=? 
    limit
        ?
2026-09-09 19:59:56 [main] DEBUG org.hibernate.SQL - 
    select
        u1_0.id 
    from
        users u1_0 
    where
        u1_0.username=? 
    limit
        ?
2026-09-09 19:59:56 [main] DEBUG org.hibernate.SQL - 
    select
        count(*) 
    from
        routes r1_0
2026-09-09 19:59:56 [main] INFO  B.ijse.DataInitializer - Sample data already present – skipping route/bus/schedule seeding.
2026-09-09 19:59:56 [main] INFO  B.ijse.DataInitializer - === Data Initialization Complete ===
2026-09-09 20:01:32 [background-preinit] INFO  o.h.validator.internal.util.Version - HV000001: Hibernate Validator 8.0.1.Final
2026-09-09 20:01:33 [main] INFO  B.ijse.IjseApplication - Starting IjseApplication using Java 21.0.11 with PID 5364 (C:\Users\Dinesh\Downloads\ijse\ijse\target\classes started by Dinesh in C:\Users\Dinesh\Downloads\ijse\ijse)
2026-09-09 20:01:33 [main] DEBUG B.ijse.IjseApplication - Running with Spring Boot v3.3.5, Spring v6.1.14
2026-09-09 20:01:33 [main] INFO  B.ijse.IjseApplication - No active profile set, falling back to 1 default profile: "default"
2026-09-09 20:01:34 [main] INFO  o.s.d.r.c.RepositoryConfigurationDelegate - Bootstrapping Spring Data JPA repositories in DEFAULT mode.
2026-09-09 20:01:35 [main] INFO  o.s.d.r.c.RepositoryConfigurationDelegate - Finished Spring Data repository scanning in 154 ms. Found 16 JPA repository interfaces.
2026-09-09 20:01:36 [main] INFO  o.s.b.w.e.tomcat.TomcatWebServer - Tomcat initialized with port 8080 (http)
2026-09-09 20:01:36 [main] INFO  o.a.coyote.http11.Http11NioProtocol - Initializing ProtocolHandler ["http-nio-8080"]
2026-09-09 20:01:36 [main] INFO  o.a.catalina.core.StandardService - Starting service [Tomcat]
2026-09-09 20:01:36 [main] INFO  o.a.catalina.core.StandardEngine - Starting Servlet engine: [Apache Tomcat/10.1.31]
2026-09-09 20:01:36 [main] INFO  o.a.c.c.C.[Tomcat].[localhost].[/] - Initializing Spring embedded WebApplicationContext
2026-09-09 20:01:36 [main] INFO  o.s.b.w.s.c.ServletWebServerApplicationContext - Root WebApplicationContext: initialization completed in 3330 ms
2026-09-09 20:01:36 [main] INFO  o.h.jpa.internal.util.LogHelper - HHH000204: Processing PersistenceUnitInfo [name: default]
2026-09-09 20:01:36 [main] INFO  org.hibernate.Version - HHH000412: Hibernate ORM core version 6.5.3.Final
2026-09-09 20:01:36 [main] INFO  o.h.c.i.RegionFactoryInitiator - HHH000026: Second-level cache disabled
2026-09-09 20:01:37 [main] INFO  o.s.o.j.p.SpringPersistenceUnitInfo - No LoadTimeWeaver setup: ignoring JPA class transformer
2026-09-09 20:01:37 [main] INFO  com.zaxxer.hikari.HikariDataSource - HikariPool-1 - Starting...
2026-09-09 20:01:38 [main] INFO  com.zaxxer.hikari.pool.HikariPool - HikariPool-1 - Added connection com.mysql.cj.jdbc.ConnectionImpl@50ac1249
2026-09-09 20:01:38 [main] INFO  com.zaxxer.hikari.HikariDataSource - HikariPool-1 - Start completed.
2026-09-09 20:01:38 [main] WARN  org.hibernate.orm.deprecation - HHH90000025: MySQLDialect does not need to be specified explicitly using 'hibernate.dialect' (remove the property setting and it will be selected by default)
2026-09-09 20:01:41 [main] INFO  o.h.e.t.j.p.i.JtaPlatformInitiator - HHH000489: No JTA platform available (set 'hibernate.transaction.jta.platform' to enable JTA platform integration)
2026-09-09 20:01:41 [main] DEBUG org.hibernate.SQL - 
    alter table audit_logs 
       drop 
       foreign key FKjs4iimve3y0xssbtve5ysyef0
2026-09-09 20:01:41 [main] DEBUG org.hibernate.SQL - 
    alter table booking_seats 
       drop 
       foreign key FKmbi9ciapn0nvat63t0a8tv478
2026-09-09 20:01:41 [main] DEBUG org.hibernate.SQL - 
    alter table booking_seats 
       drop 
       foreign key FKqeycm8ftof5hcswydlo5el3kh
2026-09-09 20:01:41 [main] DEBUG org.hibernate.SQL - 
    alter table bookings 
       drop 
       foreign key FKdrfy7gcwhtaubn8vgbc4jv989
2026-09-09 20:01:41 [main] DEBUG org.hibernate.SQL - 
    alter table bookings 
       drop 
       foreign key FKer0lq2qsui5vv3qn0i6sm1rom
2026-09-09 20:01:41 [main] DEBUG org.hibernate.SQL - 
    alter table bookings 
       drop 
       foreign key FKeyog2oic85xg7hsu2je2lx3s6
2026-09-09 20:01:41 [main] DEBUG org.hibernate.SQL - 
    alter table bus_seats 
       drop 
       foreign key FKqklosns5qqr0ksbl06d5y0i3u
2026-09-09 20:01:41 [main] DEBUG org.hibernate.SQL - 
    alter table cancellations 
       drop 
       foreign key FKsdt8qlt8xtvakjpyg80rhysav
2026-09-09 20:01:41 [main] DEBUG org.hibernate.SQL - 
    alter table notifications 
       drop 
       foreign key FK9y21adhxn0ayjhfocscqox7bh
2026-09-09 20:01:41 [main] DEBUG org.hibernate.SQL - 
    alter table payments 
       drop 
       foreign key FKc52o2b1jkxttngufqp3t7jr3h
2026-09-09 20:01:41 [main] DEBUG org.hibernate.SQL - 
    alter table reviews 
       drop 
       foreign key FKll2k8990gkp4imyh4qygtn4ex
2026-09-09 20:01:41 [main] DEBUG org.hibernate.SQL - 
    alter table reviews 
       drop 
       foreign key FKcgy7qjc1r99dp117y9en6lxye
2026-09-09 20:01:41 [main] DEBUG org.hibernate.SQL - 
    alter table route_stops 
       drop 
       foreign key FK63y33daxb1qs5nbnkuicbpkej
2026-09-09 20:01:41 [main] DEBUG org.hibernate.SQL - 
    alter table route_stops 
       drop 
       foreign key FKjmssq6w9xpsvupp2x407s43i2
2026-09-09 20:01:41 [main] DEBUG org.hibernate.SQL - 
    alter table schedules 
       drop 
       foreign key FKpuih24muu99o0lkfkasqh26uj
2026-09-09 20:01:41 [main] DEBUG org.hibernate.SQL - 
    alter table schedules 
       drop 
       foreign key FKc29vj8art9umx13trmnv0pqw7
2026-09-09 20:01:41 [main] DEBUG org.hibernate.SQL - 
    alter table user_roles 
       drop 
       foreign key FKh8ciramu9cc9q3qcqiv4ue8a6
2026-09-09 20:01:41 [main] DEBUG org.hibernate.SQL - 
    alter table user_roles 
       drop 
       foreign key FKhfh9dx7w3ubf1co1vdev94g3f
2026-09-09 20:01:41 [main] DEBUG org.hibernate.SQL - 
    drop table if exists audit_logs
2026-09-09 20:01:41 [main] DEBUG org.hibernate.SQL - 
    drop table if exists booking_seats
2026-09-09 20:01:41 [main] DEBUG org.hibernate.SQL - 
    drop table if exists bookings
2026-09-09 20:01:41 [main] DEBUG org.hibernate.SQL - 
    drop table if exists bus_seats
2026-09-09 20:01:41 [main] DEBUG org.hibernate.SQL - 
    drop table if exists buses
2026-09-09 20:01:41 [main] DEBUG org.hibernate.SQL - 
    drop table if exists cancellations
2026-09-09 20:01:42 [main] DEBUG org.hibernate.SQL - 
    drop table if exists notifications
2026-09-09 20:01:42 [main] DEBUG org.hibernate.SQL - 
    drop table if exists passengers
2026-09-09 20:01:42 [main] DEBUG org.hibernate.SQL - 
    drop table if exists payments
2026-09-09 20:01:42 [main] DEBUG org.hibernate.SQL - 
    drop table if exists reviews
2026-09-09 20:01:42 [main] DEBUG org.hibernate.SQL - 
    drop table if exists roles
2026-09-09 20:01:42 [main] DEBUG org.hibernate.SQL - 
    drop table if exists route_stops
2026-09-09 20:01:42 [main] DEBUG org.hibernate.SQL - 
    drop table if exists routes
2026-09-09 20:01:42 [main] DEBUG org.hibernate.SQL - 
    drop table if exists schedules
2026-09-09 20:01:42 [main] DEBUG org.hibernate.SQL - 
    drop table if exists stops
2026-09-09 20:01:42 [main] DEBUG org.hibernate.SQL - 
    drop table if exists user_roles
2026-09-09 20:01:42 [main] DEBUG org.hibernate.SQL - 
    drop table if exists users
2026-09-09 20:01:42 [main] DEBUG org.hibernate.SQL - 
    create table audit_logs (
        entity_id bigint,
        id bigint not null auto_increment,
        timestamp datetime(6) not null,
        user_id bigint,
        entity_name varchar(50),
        action varchar(100) not null,
        details varchar(1000),
        primary key (id)
    ) engine=InnoDB
2026-09-09 20:01:42 [main] DEBUG org.hibernate.SQL - 
    create table booking_seats (
        booking_id bigint not null,
        bus_seat_id bigint not null,
        id bigint not null auto_increment,
        primary key (id)
    ) engine=InnoDB
2026-09-09 20:01:42 [main] DEBUG org.hibernate.SQL - 
    create table bookings (
        total_amount decimal(10,2) not null,
        booking_date datetime(6) not null,
        id bigint not null auto_increment,
        passenger_id bigint not null,
        schedule_id bigint not null,
        user_id bigint not null,
        status enum ('CANCELLED','COMPLETED','CONFIRMED','NO_SHOW','PENDING') not null,
        primary key (id)
    ) engine=InnoDB
2026-09-09 20:01:42 [main] DEBUG org.hibernate.SQL - 
    create table bus_seats (
        is_available bit not null,
        bus_id bigint not null,
        id bigint not null auto_increment,
        seat_number varchar(10) not null,
        seat_type enum ('AISLE','LOWER_BERTH','MIDDLE','UPPER_BERTH','WINDOW') not null,
        primary key (id)
    ) engine=InnoDB
2026-09-09 20:01:42 [main] DEBUG org.hibernate.SQL - 
    create table buses (
        is_active bit not null,
        total_seats integer not null,
        id bigint not null auto_increment,
        bus_number varchar(20) not null,
        bus_name varchar(100) not null,
        bus_type enum ('AC_SEATER','AC_SLEEPER','LUXURY','MINI','NON_AC_SEATER','NON_AC_SLEEPER') not null,
        primary key (id)
    ) engine=InnoDB
2026-09-09 20:01:42 [main] DEBUG org.hibernate.SQL - 
    create table cancellations (
        refund_amount decimal(10,2),
        booking_id bigint not null,
        cancellation_date datetime(6) not null,
        id bigint not null auto_increment,
        reason varchar(500),
        status enum ('APPROVED','REFUND_COMPLETED','REFUND_INITIATED','REJECTED','REQUESTED') not null,
        primary key (id)
    ) engine=InnoDB
2026-09-09 20:01:42 [main] DEBUG org.hibernate.SQL - 
    create table notifications (
        is_read bit not null,
        created_at datetime(6) not null,
        id bigint not null auto_increment,
        user_id bigint not null,
        message varchar(500) not null,
        type enum ('BOOKING_CANCELLED','BOOKING_CONFIRMED','GENERAL','PAYMENT_FAILED','PAYMENT_SUCCESS','REFUND_INITIATED','SCHEDULE_CHANGE') not null,
        primary key (id)
    ) engine=InnoDB
2026-09-09 20:01:42 [main] DEBUG org.hibernate.SQL - 
    create table passengers (
        age integer not null,
        id bigint not null auto_increment,
        gender varchar(10) not null,
        phone varchar(15),
        nic varchar(20) not null,
        first_name varchar(50) not null,
        last_name varchar(50) not null,
        primary key (id)
    ) engine=InnoDB
2026-09-09 20:01:42 [main] DEBUG org.hibernate.SQL - 
    create table payments (
        amount decimal(10,2) not null,
        booking_id bigint not null,
        id bigint not null auto_increment,
        payment_date datetime(6) not null,
        transaction_id varchar(100),
        method enum ('CASH','CREDIT_CARD','DEBIT_CARD','NET_BANKING','UPI','WALLET') not null,
        status enum ('FAILED','PARTIALLY_REFUNDED','PENDING','REFUNDED','SUCCESS') not null,
        primary key (id)
    ) engine=InnoDB
2026-09-09 20:01:42 [main] DEBUG org.hibernate.SQL - 
    create table reviews (
        rating integer not null,
        created_at datetime(6) not null,
        id bigint not null auto_increment,
        route_id bigint not null,
        user_id bigint not null,
        comment varchar(1000),
        primary key (id)
    ) engine=InnoDB
2026-09-09 20:01:42 [main] DEBUG org.hibernate.SQL - 
    create table roles (
        id bigint not null auto_increment,
        name enum ('ROLE_ADMIN','ROLE_GUEST','ROLE_USER') not null,
        primary key (id)
    ) engine=InnoDB
2026-09-09 20:01:42 [main] DEBUG org.hibernate.SQL - 
    create table route_stops (
        arrival_offset_minutes integer,
        stop_order integer not null,
        id bigint not null auto_increment,
        route_id bigint not null,
        stop_id bigint not null,
        primary key (id)
    ) engine=InnoDB
2026-09-09 20:01:43 [main] DEBUG org.hibernate.SQL - 
    create table routes (
        active bit not null,
        base_fare decimal(10,2) not null,
        distance_km decimal(10,2) not null,
        duration_minutes integer not null,
        id bigint not null auto_increment,
        destination varchar(100) not null,
        source varchar(100) not null,
        primary key (id)
    ) engine=InnoDB
2026-09-09 20:01:43 [main] DEBUG org.hibernate.SQL - 
    create table schedules (
        active bit not null,
        available_seats integer not null,
        fare decimal(10,2) not null,
        arrival_time datetime(6) not null,
        bus_id bigint not null,
        departure_time datetime(6) not null,
        id bigint not null auto_increment,
        route_id bigint not null,
        primary key (id)
    ) engine=InnoDB
2026-09-09 20:01:43 [main] DEBUG org.hibernate.SQL - 
    create table stops (
        id bigint not null auto_increment,
        name varchar(100) not null,
        location varchar(200),
        primary key (id)
    ) engine=InnoDB
2026-09-09 20:01:43 [main] DEBUG org.hibernate.SQL - 
    create table user_roles (
        role_id bigint not null,
        user_id bigint not null,
        primary key (role_id, user_id)
    ) engine=InnoDB
2026-09-09 20:01:43 [main] DEBUG org.hibernate.SQL - 
    create table users (
        enabled bit not null,
        id bigint not null auto_increment,
        phone varchar(15),
        username varchar(50) not null,
        email varchar(100) not null,
        full_name varchar(100),
        password varchar(255) not null,
        primary key (id)
    ) engine=InnoDB
2026-09-09 20:01:43 [main] DEBUG org.hibernate.SQL - 
    alter table booking_seats 
       add constraint UK6v0ix4yd9r9dpnywyhxvrg4o3 unique (booking_id, bus_seat_id)
2026-09-09 20:01:43 [main] DEBUG org.hibernate.SQL - 
    alter table bookings 
       add constraint UK34xv75yjwebocc1x64s83wwfw unique (passenger_id)
2026-09-09 20:01:43 [main] DEBUG org.hibernate.SQL - 
    alter table bus_seats 
       add constraint UKpi3u89tpb9bomd3ci6d6404hx unique (bus_id, seat_number)
2026-09-09 20:01:43 [main] DEBUG org.hibernate.SQL - 
    alter table buses 
       add constraint UKf0wpejbtx1fk17hi1t6ba5vbv unique (bus_number)
2026-09-09 20:01:43 [main] DEBUG org.hibernate.SQL - 
    alter table cancellations 
       add constraint UKt5knedn1afmsyv6y33okbige6 unique (booking_id)
2026-09-09 20:01:43 [main] DEBUG org.hibernate.SQL - 
    alter table payments 
       add constraint UKnuscjm6x127hkb15kcb8n56wo unique (booking_id)
2026-09-09 20:01:43 [main] DEBUG org.hibernate.SQL - 
    alter table payments 
       add constraint UKlryndveuwa4k5qthti0pkmtlx unique (transaction_id)
2026-09-09 20:01:43 [main] DEBUG org.hibernate.SQL - 
    alter table reviews 
       add constraint UKb3wke76h78x08mcfmg9d5nppq unique (user_id, route_id)
2026-09-09 20:01:43 [main] DEBUG org.hibernate.SQL - 
    alter table roles 
       add constraint UKofx66keruapi6vyqpv6f2or37 unique (name)
2026-09-09 20:01:43 [main] DEBUG org.hibernate.SQL - 
    alter table route_stops 
       add constraint UKsloe1mgq6y9iiqhabygjob4fw unique (route_id, stop_order)
2026-09-09 20:01:43 [main] DEBUG org.hibernate.SQL - 
    alter table users 
       add constraint UKr43af9ap4edm43mmtq01oddj6 unique (username)
2026-09-09 20:01:43 [main] DEBUG org.hibernate.SQL - 
    alter table users 
       add constraint UK6dotkott2kjsp8vw4d0m25fb7 unique (email)
2026-09-09 20:01:43 [main] DEBUG org.hibernate.SQL - 
    alter table audit_logs 
       add constraint FKjs4iimve3y0xssbtve5ysyef0 
       foreign key (user_id) 
       references users (id)
2026-09-09 20:01:43 [main] DEBUG org.hibernate.SQL - 
    alter table booking_seats 
       add constraint FKmbi9ciapn0nvat63t0a8tv478 
       foreign key (booking_id) 
       references bookings (id)
2026-09-09 20:01:43 [main] DEBUG org.hibernate.SQL - 
    alter table booking_seats 
       add constraint FKqeycm8ftof5hcswydlo5el3kh 
       foreign key (bus_seat_id) 
       references bus_seats (id)
2026-09-09 20:01:44 [main] DEBUG org.hibernate.SQL - 
    alter table bookings 
       add constraint FKdrfy7gcwhtaubn8vgbc4jv989 
       foreign key (passenger_id) 
       references passengers (id)
2026-09-09 20:01:44 [main] DEBUG org.hibernate.SQL - 
    alter table bookings 
       add constraint FKer0lq2qsui5vv3qn0i6sm1rom 
       foreign key (schedule_id) 
       references schedules (id)
2026-09-09 20:01:44 [main] DEBUG org.hibernate.SQL - 
    alter table bookings 
       add constraint FKeyog2oic85xg7hsu2je2lx3s6 
       foreign key (user_id) 
       references users (id)
2026-09-09 20:01:44 [main] DEBUG org.hibernate.SQL - 
    alter table bus_seats 
       add constraint FKqklosns5qqr0ksbl06d5y0i3u 
       foreign key (bus_id) 
       references buses (id)
2026-09-09 20:01:44 [main] DEBUG org.hibernate.SQL - 
    alter table cancellations 
       add constraint FKsdt8qlt8xtvakjpyg80rhysav 
       foreign key (booking_id) 
       references bookings (id)
2026-09-09 20:01:44 [main] DEBUG org.hibernate.SQL - 
    alter table notifications 
       add constraint FK9y21adhxn0ayjhfocscqox7bh 
       foreign key (user_id) 
       references users (id)
2026-09-09 20:01:44 [main] DEBUG org.hibernate.SQL - 
    alter table payments 
       add constraint FKc52o2b1jkxttngufqp3t7jr3h 
       foreign key (booking_id) 
       references bookings (id)
2026-09-09 20:01:45 [main] DEBUG org.hibernate.SQL - 
    alter table reviews 
       add constraint FKll2k8990gkp4imyh4qygtn4ex 
       foreign key (route_id) 
       references routes (id)
2026-09-09 20:01:45 [main] DEBUG org.hibernate.SQL - 
    alter table reviews 
       add constraint FKcgy7qjc1r99dp117y9en6lxye 
       foreign key (user_id) 
       references users (id)
2026-09-09 20:01:45 [main] DEBUG org.hibernate.SQL - 
    alter table route_stops 
       add constraint FK63y33daxb1qs5nbnkuicbpkej 
       foreign key (route_id) 
       references routes (id)
2026-09-09 20:01:45 [main] DEBUG org.hibernate.SQL - 
    alter table route_stops 
       add constraint FKjmssq6w9xpsvupp2x407s43i2 
       foreign key (stop_id) 
       references stops (id)
2026-09-09 20:01:45 [main] DEBUG org.hibernate.SQL - 
    alter table schedules 
       add constraint FKpuih24muu99o0lkfkasqh26uj 
       foreign key (bus_id) 
       references buses (id)
2026-09-09 20:01:45 [main] DEBUG org.hibernate.SQL - 
    alter table schedules 
       add constraint FKc29vj8art9umx13trmnv0pqw7 
       foreign key (route_id) 
       references routes (id)
2026-09-09 20:01:45 [main] DEBUG org.hibernate.SQL - 
    alter table user_roles 
       add constraint FKh8ciramu9cc9q3qcqiv4ue8a6 
       foreign key (role_id) 
       references roles (id)
2026-09-09 20:01:46 [main] DEBUG org.hibernate.SQL - 
    alter table user_roles 
       add constraint FKhfh9dx7w3ubf1co1vdev94g3f 
       foreign key (user_id) 
       references users (id)
2026-09-09 20:01:46 [main] INFO  o.s.o.j.LocalContainerEntityManagerFactoryBean - Initialized JPA EntityManagerFactory for persistence unit 'default'
2026-09-09 20:01:46 [main] DEBUG B.i.security.JwtAuthenticationFilter - Filter 'jwtAuthenticationFilter' configured for use
2026-09-09 20:01:47 [main] INFO  o.s.s.c.a.a.c.InitializeAuthenticationProviderBeanManagerConfigurer$InitializeAuthenticationProviderManagerConfigurer - Global AuthenticationManager configured with AuthenticationProvider bean with name authenticationProvider
2026-09-09 20:01:47 [main] WARN  o.s.s.c.a.a.c.InitializeUserDetailsBeanManagerConfigurer$InitializeUserDetailsManagerConfigurer - Global AuthenticationManager configured with an AuthenticationProvider bean. UserDetailsService beans will not be used for username/password login. Consider removing the AuthenticationProvider bean. Alternatively, consider using the UserDetailsService in a manually instantiated DaoAuthenticationProvider.
2026-09-09 20:01:47 [main] INFO  o.s.d.j.r.query.QueryEnhancerFactory - Hibernate is in classpath; If applicable, HQL parser will be used.
2026-09-09 20:01:49 [main] INFO  o.s.b.a.w.s.WelcomePageHandlerMapping - Adding welcome page: class path resource [static/index.html]
2026-09-09 20:01:50 [main] INFO  o.a.coyote.http11.Http11NioProtocol - Starting ProtocolHandler ["http-nio-8080"]
2026-09-09 20:01:50 [main] INFO  o.s.b.w.e.tomcat.TomcatWebServer - Tomcat started on port 8080 (http) with context path '/'
2026-09-09 20:01:50 [main] INFO  B.ijse.IjseApplication - Started IjseApplication in 19.386 seconds (process running for 21.721)
2026-09-09 20:01:50 [main] INFO  B.ijse.DataInitializer - === GoBus API – Data Initialization ===
2026-09-09 20:01:50 [main] DEBUG org.hibernate.SQL - 
    select
        r1_0.id,
        r1_0.name 
    from
        roles r1_0 
    where
        r1_0.name=?
2026-09-09 20:01:50 [main] DEBUG org.hibernate.SQL - 
    insert 
    into
        roles
        (name) 
    values
        (?)
2026-09-09 20:01:50 [main] INFO  B.ijse.DataInitializer - Created role: ROLE_ADMIN
2026-09-09 20:01:51 [main] DEBUG org.hibernate.SQL - 
    select
        r1_0.id,
        r1_0.name 
    from
        roles r1_0 
    where
        r1_0.name=?
2026-09-09 20:01:51 [main] DEBUG org.hibernate.SQL - 
    insert 
    into
        roles
        (name) 
    values
        (?)
2026-09-09 20:01:51 [main] INFO  B.ijse.DataInitializer - Created role: ROLE_USER
2026-09-09 20:01:51 [main] DEBUG org.hibernate.SQL - 
    select
        r1_0.id,
        r1_0.name 
    from
        roles r1_0 
    where
        r1_0.name=?
2026-09-09 20:01:51 [main] DEBUG org.hibernate.SQL - 
    insert 
    into
        roles
        (name) 
    values
        (?)
2026-09-09 20:01:51 [main] INFO  B.ijse.DataInitializer - Created role: ROLE_GUEST
2026-09-09 20:01:51 [main] DEBUG org.hibernate.SQL - 
    select
        u1_0.id 
    from
        users u1_0 
    where
        u1_0.username=? 
    limit
        ?
2026-09-09 20:01:51 [main] DEBUG org.hibernate.SQL - 
    insert 
    into
        users
        (email, enabled, full_name, password, phone, username) 
    values
        (?, ?, ?, ?, ?, ?)
2026-09-09 20:01:51 [main] INFO  B.ijse.DataInitializer - Admin user created  → admin / Admin@1234
2026-09-09 20:01:51 [main] DEBUG org.hibernate.SQL - 
    select
        u1_0.id 
    from
        users u1_0 
    where
        u1_0.username=? 
    limit
        ?
2026-09-09 20:01:52 [main] DEBUG org.hibernate.SQL - 
    insert 
    into
        users
        (email, enabled, full_name, password, phone, username) 
    values
        (?, ?, ?, ?, ?, ?)
2026-09-09 20:01:52 [main] INFO  B.ijse.DataInitializer - Test user created   → testuser / User@1234
2026-09-09 20:01:52 [main] DEBUG org.hibernate.SQL - 
    select
        count(*) 
    from
        routes r1_0
2026-09-09 20:01:52 [main] INFO  o.s.b.a.l.ConditionEvaluationReportLogger - 

Error starting ApplicationContext. To display the condition evaluation report re-run your application with 'debug' enabled.
2026-09-09 20:01:52 [main] ERROR o.s.boot.SpringApplication - Application run failed
java.lang.Error: Unresolved compilation problem: 
	The method distanceKm(BigDecimal) in the type Route.RouteBuilder is not applicable for the arguments (int)

	at Bus_Ticket_booking.ijse.DataInitializer.saveRoute(DataInitializer.java:133)
	at Bus_Ticket_booking.ijse.DataInitializer.run(DataInitializer.java:72)
	at java.base/jdk.internal.reflect.DirectMethodHandleAccessor.invoke(DirectMethodHandleAccessor.java:103)
	at java.base/java.lang.reflect.Method.invoke(Method.java:580)
	at org.springframework.aop.support.AopUtils.invokeJoinpointUsingReflection(AopUtils.java:355)
	at org.springframework.aop.framework.ReflectiveMethodInvocation.invokeJoinpoint(ReflectiveMethodInvocation.java:196)
	at org.springframework.aop.framework.ReflectiveMethodInvocation.proceed(ReflectiveMethodInvocation.java:163)
	at org.springframework.aop.framework.CglibAopProxy$CglibMethodInvocation.proceed(CglibAopProxy.java:768)
	at org.springframework.transaction.interceptor.TransactionAspectSupport.invokeWithinTransaction(TransactionAspectSupport.java:379)
	at org.springframework.transaction.interceptor.TransactionInterceptor.invoke(TransactionInterceptor.java:119)
	at org.springframework.aop.framework.ReflectiveMethodInvocation.proceed(ReflectiveMethodInvocation.java:184)
	at org.springframework.aop.framework.CglibAopProxy$CglibMethodInvocation.proceed(CglibAopProxy.java:768)
	at org.springframework.aop.framework.CglibAopProxy$DynamicAdvisedInterceptor.intercept(CglibAopProxy.java:720)
	at Bus_Ticket_booking.ijse.DataInitializer$$SpringCGLIB$$0.run(<generated>)
	at org.springframework.boot.SpringApplication.lambda$callRunner$5(SpringApplication.java:790)
	at org.springframework.util.function.ThrowingConsumer$1.acceptWithException(ThrowingConsumer.java:83)
	at org.springframework.util.function.ThrowingConsumer.accept(ThrowingConsumer.java:60)
	at org.springframework.util.function.ThrowingConsumer$1.accept(ThrowingConsumer.java:88)
	at org.springframework.boot.SpringApplication.callRunner(SpringApplication.java:798)
	at org.springframework.boot.SpringApplication.callRunner(SpringApplication.java:789)
	at org.springframework.boot.SpringApplication.lambda$callRunners$3(SpringApplication.java:774)
	at java.base/java.util.stream.ForEachOps$ForEachOp$OfRef.accept(ForEachOps.java:184)
	at java.base/java.util.stream.SortedOps$SizedRefSortingSink.end(SortedOps.java:357)
	at java.base/java.util.stream.AbstractPipeline.copyInto(AbstractPipeline.java:510)
	at java.base/java.util.stream.AbstractPipeline.wrapAndCopyInto(AbstractPipeline.java:499)
	at java.base/java.util.stream.ForEachOps$ForEachOp.evaluateSequential(ForEachOps.java:151)
	at java.base/java.util.stream.ForEachOps$ForEachOp$OfRef.evaluateSequential(ForEachOps.java:174)
	at java.base/java.util.stream.AbstractPipeline.evaluate(AbstractPipeline.java:234)
	at java.base/java.util.stream.ReferencePipeline.forEach(ReferencePipeline.java:596)
	at org.springframework.boot.SpringApplication.callRunners(SpringApplication.java:774)
	at org.springframework.boot.SpringApplication.run(SpringApplication.java:342)
	at org.springframework.boot.SpringApplication.run(SpringApplication.java:1363)
	at org.springframework.boot.SpringApplication.run(SpringApplication.java:1352)
	at Bus_Ticket_booking.ijse.IjseApplication.main(IjseApplication.java:12)
2026-09-09 20:01:52 [main] INFO  o.s.o.j.LocalContainerEntityManagerFactoryBean - Closing JPA EntityManagerFactory for persistence unit 'default'
2026-09-09 20:01:52 [main] INFO  com.zaxxer.hikari.HikariDataSource - HikariPool-1 - Shutdown initiated...
2026-09-09 20:01:52 [main] INFO  com.zaxxer.hikari.HikariDataSource - HikariPool-1 - Shutdown completed.
2026-09-09 20:19:27 [background-preinit] INFO  o.h.validator.internal.util.Version - HV000001: Hibernate Validator 8.0.1.Final
2026-09-09 20:19:27 [main] INFO  B.ijse.IjseApplication - Starting IjseApplication using Java 21.0.11 with PID 12508 (C:\Users\Dinesh\Downloads\ijse\ijse\target\classes started by Dinesh in C:\Users\Dinesh\Downloads\ijse\ijse)
2026-09-09 20:19:27 [main] DEBUG B.ijse.IjseApplication - Running with Spring Boot v3.3.5, Spring v6.1.14
2026-09-09 20:19:27 [main] INFO  B.ijse.IjseApplication - No active profile set, falling back to 1 default profile: "default"
2026-09-09 20:19:29 [main] INFO  o.s.d.r.c.RepositoryConfigurationDelegate - Bootstrapping Spring Data JPA repositories in DEFAULT mode.
2026-09-09 20:19:30 [main] INFO  o.s.d.r.c.RepositoryConfigurationDelegate - Finished Spring Data repository scanning in 209 ms. Found 16 JPA repository interfaces.
2026-09-09 20:19:31 [main] INFO  o.s.b.w.e.tomcat.TomcatWebServer - Tomcat initialized with port 8080 (http)
2026-09-09 20:19:31 [main] INFO  o.a.coyote.http11.Http11NioProtocol - Initializing ProtocolHandler ["http-nio-8080"]
2026-09-09 20:19:31 [main] INFO  o.a.catalina.core.StandardService - Starting service [Tomcat]
2026-09-09 20:19:31 [main] INFO  o.a.catalina.core.StandardEngine - Starting Servlet engine: [Apache Tomcat/10.1.31]
2026-09-09 20:19:32 [main] INFO  o.a.c.c.C.[Tomcat].[localhost].[/] - Initializing Spring embedded WebApplicationContext
2026-09-09 20:19:32 [main] INFO  o.s.b.w.s.c.ServletWebServerApplicationContext - Root WebApplicationContext: initialization completed in 4084 ms
2026-09-09 20:19:32 [main] INFO  o.h.jpa.internal.util.LogHelper - HHH000204: Processing PersistenceUnitInfo [name: default]
2026-09-09 20:19:32 [main] INFO  org.hibernate.Version - HHH000412: Hibernate ORM core version 6.5.3.Final
2026-09-09 20:19:32 [main] INFO  o.h.c.i.RegionFactoryInitiator - HHH000026: Second-level cache disabled
2026-09-09 20:19:33 [main] INFO  o.s.o.j.p.SpringPersistenceUnitInfo - No LoadTimeWeaver setup: ignoring JPA class transformer
2026-09-09 20:19:33 [main] INFO  com.zaxxer.hikari.HikariDataSource - HikariPool-1 - Starting...
2026-09-09 20:19:33 [main] INFO  com.zaxxer.hikari.pool.HikariPool - HikariPool-1 - Added connection com.mysql.cj.jdbc.ConnectionImpl@5ffd35dd
2026-09-09 20:19:33 [main] INFO  com.zaxxer.hikari.HikariDataSource - HikariPool-1 - Start completed.
2026-09-09 20:19:33 [main] WARN  org.hibernate.orm.deprecation - HHH90000025: MySQLDialect does not need to be specified explicitly using 'hibernate.dialect' (remove the property setting and it will be selected by default)
2026-09-09 20:19:36 [main] INFO  o.h.e.t.j.p.i.JtaPlatformInitiator - HHH000489: No JTA platform available (set 'hibernate.transaction.jta.platform' to enable JTA platform integration)
2026-09-09 20:19:36 [main] DEBUG org.hibernate.SQL - 
    alter table bookings 
       modify column status enum ('CANCELLED','COMPLETED','CONFIRMED','NO_SHOW','PENDING') not null
2026-09-09 20:19:36 [main] DEBUG org.hibernate.SQL - 
    alter table bus_seats 
       modify column seat_type enum ('AISLE','LOWER_BERTH','MIDDLE','UPPER_BERTH','WINDOW') not null
2026-09-09 20:19:36 [main] DEBUG org.hibernate.SQL - 
    alter table buses 
       modify column bus_type enum ('AC_SEATER','AC_SLEEPER','LUXURY','MINI','NON_AC_SEATER','NON_AC_SLEEPER') not null
2026-09-09 20:19:36 [main] DEBUG org.hibernate.SQL - 
    alter table cancellations 
       modify column status enum ('APPROVED','REFUND_COMPLETED','REFUND_INITIATED','REJECTED','REQUESTED') not null
2026-09-09 20:19:36 [main] DEBUG org.hibernate.SQL - 
    alter table notifications 
       modify column type enum ('BOOKING_CANCELLED','BOOKING_CONFIRMED','GENERAL','PAYMENT_FAILED','PAYMENT_SUCCESS','REFUND_INITIATED','SCHEDULE_CHANGE') not null
2026-09-09 20:19:36 [main] DEBUG org.hibernate.SQL - 
    alter table payments 
       modify column method enum ('CASH','CREDIT_CARD','DEBIT_CARD','NET_BANKING','UPI','WALLET') not null
2026-09-09 20:19:36 [main] DEBUG org.hibernate.SQL - 
    alter table payments 
       modify column status enum ('FAILED','PARTIALLY_REFUNDED','PENDING','REFUNDED','SUCCESS') not null
2026-09-09 20:19:36 [main] DEBUG org.hibernate.SQL - 
    alter table roles 
       modify column name enum ('ROLE_ADMIN','ROLE_GUEST','ROLE_USER') not null
2026-09-09 20:19:37 [main] INFO  o.s.o.j.LocalContainerEntityManagerFactoryBean - Initialized JPA EntityManagerFactory for persistence unit 'default'
2026-09-09 20:19:38 [main] DEBUG B.i.security.JwtAuthenticationFilter - Filter 'jwtAuthenticationFilter' configured for use
2026-09-09 20:19:38 [main] INFO  o.s.s.c.a.a.c.InitializeAuthenticationProviderBeanManagerConfigurer$InitializeAuthenticationProviderManagerConfigurer - Global AuthenticationManager configured with AuthenticationProvider bean with name authenticationProvider
2026-09-09 20:19:38 [main] WARN  o.s.s.c.a.a.c.InitializeUserDetailsBeanManagerConfigurer$InitializeUserDetailsManagerConfigurer - Global AuthenticationManager configured with an AuthenticationProvider bean. UserDetailsService beans will not be used for username/password login. Consider removing the AuthenticationProvider bean. Alternatively, consider using the UserDetailsService in a manually instantiated DaoAuthenticationProvider.
2026-09-09 20:19:38 [main] INFO  o.s.d.j.r.query.QueryEnhancerFactory - Hibernate is in classpath; If applicable, HQL parser will be used.
2026-09-09 20:19:41 [main] INFO  o.s.b.a.w.s.WelcomePageHandlerMapping - Adding welcome page: class path resource [static/index.html]
2026-09-09 20:19:42 [main] INFO  o.a.coyote.http11.Http11NioProtocol - Starting ProtocolHandler ["http-nio-8080"]
2026-09-09 20:19:42 [main] INFO  o.s.b.w.e.tomcat.TomcatWebServer - Tomcat started on port 8080 (http) with context path '/'
2026-09-09 20:19:42 [main] INFO  B.ijse.IjseApplication - Started IjseApplication in 15.921 seconds (process running for 16.86)
2026-09-09 20:19:42 [main] INFO  B.ijse.DataInitializer - === GoBus API – Data Initialization ===
2026-09-09 20:19:42 [main] DEBUG org.hibernate.SQL - 
    select
        r1_0.id,
        r1_0.name 
    from
        roles r1_0 
    where
        r1_0.name=?
2026-09-09 20:19:42 [main] DEBUG org.hibernate.SQL - 
    insert 
    into
        roles
        (name) 
    values
        (?)
2026-09-09 20:19:42 [main] INFO  B.ijse.DataInitializer - Created role: ROLE_ADMIN
2026-09-09 20:19:42 [main] DEBUG org.hibernate.SQL - 
    select
        r1_0.id,
        r1_0.name 
    from
        roles r1_0 
    where
        r1_0.name=?
2026-09-09 20:19:42 [main] DEBUG org.hibernate.SQL - 
    insert 
    into
        roles
        (name) 
    values
        (?)
2026-09-09 20:19:42 [main] INFO  B.ijse.DataInitializer - Created role: ROLE_USER
2026-09-09 20:19:42 [main] DEBUG org.hibernate.SQL - 
    select
        r1_0.id,
        r1_0.name 
    from
        roles r1_0 
    where
        r1_0.name=?
2026-09-09 20:19:42 [main] DEBUG org.hibernate.SQL - 
    insert 
    into
        roles
        (name) 
    values
        (?)
2026-09-09 20:19:42 [main] INFO  B.ijse.DataInitializer - Created role: ROLE_GUEST
2026-09-09 20:19:42 [main] DEBUG org.hibernate.SQL - 
    select
        u1_0.id 
    from
        users u1_0 
    where
        u1_0.username=? 
    limit
        ?
2026-09-09 20:19:43 [main] DEBUG org.hibernate.SQL - 
    insert 
    into
        users
        (email, enabled, full_name, password, phone, username) 
    values
        (?, ?, ?, ?, ?, ?)
2026-09-09 20:19:43 [main] INFO  B.ijse.DataInitializer - Admin user created  → admin / Admin@1234
2026-09-09 20:19:43 [main] DEBUG org.hibernate.SQL - 
    select
        u1_0.id 
    from
        users u1_0 
    where
        u1_0.username=? 
    limit
        ?
2026-09-09 20:19:44 [main] DEBUG org.hibernate.SQL - 
    insert 
    into
        users
        (email, enabled, full_name, password, phone, username) 
    values
        (?, ?, ?, ?, ?, ?)
2026-09-09 20:19:44 [main] INFO  B.ijse.DataInitializer - Test user created   → testuser / User@1234
2026-09-09 20:19:44 [main] DEBUG org.hibernate.SQL - 
    select
        r1_0.id,
        r1_0.active,
        r1_0.base_fare,
        r1_0.destination,
        r1_0.distance_km,
        r1_0.duration_minutes,
        r1_0.source 
    from
        routes r1_0 
    where
        upper(r1_0.source)=upper(?) 
        and upper(r1_0.destination)=upper(?)
2026-09-09 20:19:44 [main] DEBUG org.hibernate.SQL - 
    insert 
    into
        routes
        (active, base_fare, destination, distance_km, duration_minutes, source) 
    values
        (?, ?, ?, ?, ?, ?)
2026-09-09 20:19:44 [main] DEBUG org.hibernate.SQL - 
    select
        r1_0.id,
        r1_0.active,
        r1_0.base_fare,
        r1_0.destination,
        r1_0.distance_km,
        r1_0.duration_minutes,
        r1_0.source 
    from
        routes r1_0 
    where
        upper(r1_0.source)=upper(?) 
        and upper(r1_0.destination)=upper(?)
2026-09-09 20:19:44 [main] DEBUG org.hibernate.SQL - 
    insert 
    into
        routes
        (active, base_fare, destination, distance_km, duration_minutes, source) 
    values
        (?, ?, ?, ?, ?, ?)
2026-09-09 20:19:44 [main] DEBUG org.hibernate.SQL - 
    select
        r1_0.id,
        r1_0.active,
        r1_0.base_fare,
        r1_0.destination,
        r1_0.distance_km,
        r1_0.duration_minutes,
        r1_0.source 
    from
        routes r1_0 
    where
        upper(r1_0.source)=upper(?) 
        and upper(r1_0.destination)=upper(?)
2026-09-09 20:19:44 [main] DEBUG org.hibernate.SQL - 
    insert 
    into
        routes
        (active, base_fare, destination, distance_km, duration_minutes, source) 
    values
        (?, ?, ?, ?, ?, ?)
2026-09-09 20:19:44 [main] DEBUG org.hibernate.SQL - 
    select
        r1_0.id,
        r1_0.active,
        r1_0.base_fare,
        r1_0.destination,
        r1_0.distance_km,
        r1_0.duration_minutes,
        r1_0.source 
    from
        routes r1_0 
    where
        upper(r1_0.source)=upper(?) 
        and upper(r1_0.destination)=upper(?)
2026-09-09 20:19:44 [main] DEBUG org.hibernate.SQL - 
    insert 
    into
        routes
        (active, base_fare, destination, distance_km, duration_minutes, source) 
    values
        (?, ?, ?, ?, ?, ?)
2026-09-09 20:19:44 [main] DEBUG org.hibernate.SQL - 
    select
        r1_0.id,
        r1_0.active,
        r1_0.base_fare,
        r1_0.destination,
        r1_0.distance_km,
        r1_0.duration_minutes,
        r1_0.source 
    from
        routes r1_0 
    where
        upper(r1_0.source)=upper(?) 
        and upper(r1_0.destination)=upper(?)
2026-09-09 20:19:44 [main] DEBUG org.hibernate.SQL - 
    insert 
    into
        routes
        (active, base_fare, destination, distance_km, duration_minutes, source) 
    values
        (?, ?, ?, ?, ?, ?)
2026-09-09 20:19:44 [main] DEBUG org.hibernate.SQL - 
    select
        r1_0.id,
        r1_0.active,
        r1_0.base_fare,
        r1_0.destination,
        r1_0.distance_km,
        r1_0.duration_minutes,
        r1_0.source 
    from
        routes r1_0 
    where
        upper(r1_0.source)=upper(?) 
        and upper(r1_0.destination)=upper(?)
2026-09-09 20:19:44 [main] DEBUG org.hibernate.SQL - 
    insert 
    into
        routes
        (active, base_fare, destination, distance_km, duration_minutes, source) 
    values
        (?, ?, ?, ?, ?, ?)
2026-09-09 20:19:44 [main] DEBUG org.hibernate.SQL - 
    select
        r1_0.id,
        r1_0.active,
        r1_0.base_fare,
        r1_0.destination,
        r1_0.distance_km,
        r1_0.duration_minutes,
        r1_0.source 
    from
        routes r1_0 
    where
        upper(r1_0.source)=upper(?) 
        and upper(r1_0.destination)=upper(?)
2026-09-09 20:19:44 [main] DEBUG org.hibernate.SQL - 
    insert 
    into
        routes
        (active, base_fare, destination, distance_km, duration_minutes, source) 
    values
        (?, ?, ?, ?, ?, ?)
2026-09-09 20:19:44 [main] DEBUG org.hibernate.SQL - 
    select
        r1_0.id,
        r1_0.active,
        r1_0.base_fare,
        r1_0.destination,
        r1_0.distance_km,
        r1_0.duration_minutes,
        r1_0.source 
    from
        routes r1_0 
    where
        upper(r1_0.source)=upper(?) 
        and upper(r1_0.destination)=upper(?)
2026-09-09 20:19:44 [main] DEBUG org.hibernate.SQL - 
    insert 
    into
        routes
        (active, base_fare, destination, distance_km, duration_minutes, source) 
    values
        (?, ?, ?, ?, ?, ?)
2026-09-09 20:19:44 [main] INFO  B.ijse.DataInitializer - Ensured 8 routes exist
2026-09-09 20:19:44 [main] DEBUG org.hibernate.SQL - 
    select
        b1_0.id,
        b1_0.is_active,
        b1_0.bus_name,
        b1_0.bus_number,
        b1_0.bus_type,
        b1_0.total_seats 
    from
        buses b1_0 
    where
        b1_0.bus_number=?
2026-09-09 20:19:44 [main] DEBUG org.hibernate.SQL - 
    insert 
    into
        buses
        (is_active, bus_name, bus_number, bus_type, total_seats) 
    values
        (?, ?, ?, ?, ?)
2026-09-09 20:19:44 [main] DEBUG org.hibernate.SQL - 
    insert 
    into
        bus_seats
        (is_available, bus_id, seat_number, seat_type) 
    values
        (?, ?, ?, ?)
2026-09-09 20:19:44 [main] DEBUG org.hibernate.SQL - 
    insert 
    into
        bus_seats
        (is_available, bus_id, seat_number, seat_type) 
    values
        (?, ?, ?, ?)
2026-09-09 20:19:44 [main] DEBUG org.hibernate.SQL - 
    insert 
    into
        bus_seats
        (is_available, bus_id, seat_number, seat_type) 
    values
        (?, ?, ?, ?)
2026-09-09 20:19:44 [main] DEBUG org.hibernate.SQL - 
    insert 
    into
        bus_seats
        (is_available, bus_id, seat_number, seat_type) 
    values
        (?, ?, ?, ?)
2026-09-09 20:19:44 [main] DEBUG org.hibernate.SQL - 
    insert 
    into
        bus_seats
        (is_available, bus_id, seat_number, seat_type) 
    values
        (?, ?, ?, ?)
2026-09-09 20:19:44 [main] DEBUG org.hibernate.SQL - 
    insert 
    into
        bus_seats
        (is_available, bus_id, seat_number, seat_type) 
    values
        (?, ?, ?, ?)
2026-09-09 20:19:44 [main] DEBUG org.hibernate.SQL - 
    insert 
    into
        bus_seats
        (is_available, bus_id, seat_number, seat_type) 
    values
        (?, ?, ?, ?)
2026-09-09 20:19:44 [main] DEBUG org.hibernate.SQL - 
    insert 
    into
        bus_seats
        (is_available, bus_id, seat_number, seat_type) 
    values
        (?, ?, ?, ?)
2026-09-09 20:19:44 [main] DEBUG org.hibernate.SQL - 
    insert 
    into
        bus_seats
        (is_available, bus_id, seat_number, seat_type) 
    values
        (?, ?, ?, ?)
2026-09-09 20:19:44 [main] DEBUG org.hibernate.SQL - 
    insert 
    into
        bus_seats
        (is_available, bus_id, seat_number, seat_type) 
    values
        (?, ?, ?, ?)
2026-09-09 20:19:44 [main] DEBUG org.hibernate.SQL - 
    insert 
    into
        bus_seats
        (is_available, bus_id, seat_number, seat_type) 
    values
        (?, ?, ?, ?)
2026-09-09 20:19:44 [main] DEBUG org.hibernate.SQL - 
    insert 
    into
        bus_seats
        (is_available, bus_id, seat_number, seat_type) 
    values
        (?, ?, ?, ?)
2026-09-09 20:19:44 [main] DEBUG org.hibernate.SQL - 
    insert 
    into
        bus_seats
        (is_available, bus_id, seat_number, seat_type) 
    values
        (?, ?, ?, ?)
2026-09-09 20:19:44 [main] DEBUG org.hibernate.SQL - 
    insert 
    into
        bus_seats
        (is_available, bus_id, seat_number, seat_type) 
    values
        (?, ?, ?, ?)
2026-09-09 20:19:44 [main] DEBUG org.hibernate.SQL - 
    insert 
    into
        bus_seats
        (is_available, bus_id, seat_number, seat_type) 
    values
        (?, ?, ?, ?)
2026-09-09 20:19:44 [main] DEBUG org.hibernate.SQL - 
    insert 
    into
        bus_seats
        (is_available, bus_id, seat_number, seat_type) 
    values
        (?, ?, ?, ?)
2026-09-09 20:19:44 [main] DEBUG org.hibernate.SQL - 
    insert 
    into
        bus_seats
        (is_available, bus_id, seat_number, seat_type) 
    values
        (?, ?, ?, ?)
2026-09-09 20:19:44 [main] DEBUG org.hibernate.SQL - 
    insert 
    into
        bus_seats
        (is_available, bus_id, seat_number, seat_type) 
    values
        (?, ?, ?, ?)
2026-09-09 20:19:44 [main] DEBUG org.hibernate.SQL - 
    insert 
    into
        bus_seats
        (is_available, bus_id, seat_number, seat_type) 
    values
        (?, ?, ?, ?)
2026-09-09 20:19:44 [main] DEBUG org.hibernate.SQL - 
    insert 
    into
        bus_seats
        (is_available, bus_id, seat_number, seat_type) 
    values
        (?, ?, ?, ?)
2026-09-09 20:19:44 [main] DEBUG org.hibernate.SQL - 
    insert 
    into
        bus_seats
        (is_available, bus_id, seat_number, seat_type) 
    values
        (?, ?, ?, ?)
2026-09-09 20:19:44 [main] DEBUG org.hibernate.SQL - 
    insert 
    into
        bus_seats
        (is_available, bus_id, seat_number, seat_type) 
    values
        (?, ?, ?, ?)
2026-09-09 20:19:44 [main] DEBUG org.hibernate.SQL - 
    insert 
    into
        bus_seats
        (is_available, bus_id, seat_number, seat_type) 
    values
        (?, ?, ?, ?)
2026-09-09 20:19:44 [main] DEBUG org.hibernate.SQL - 
    insert 
    into
        bus_seats
        (is_available, bus_id, seat_number, seat_type) 
    values
        (?, ?, ?, ?)
2026-09-09 20:19:44 [main] DEBUG org.hibernate.SQL - 
    insert 
    into
        bus_seats
        (is_available, bus_id, seat_number, seat_type) 
    values
        (?, ?, ?, ?)
2026-09-09 20:19:44 [main] DEBUG org.hibernate.SQL - 
    insert 
    into
        bus_seats
        (is_available, bus_id, seat_number, seat_type) 
    values
        (?, ?, ?, ?)
2026-09-09 20:19:44 [main] DEBUG org.hibernate.SQL - 
    insert 
    into
        bus_seats
        (is_available, bus_id, seat_number, seat_type) 
    values
        (?, ?, ?, ?)
2026-09-09 20:19:44 [main] DEBUG org.hibernate.SQL - 
    insert 
    into
        bus_seats
        (is_available, bus_id, seat_number, seat_type) 
    values
        (?, ?, ?, ?)
2026-09-09 20:19:44 [main] DEBUG org.hibernate.SQL - 
    insert 
    into
        bus_seats
        (is_available, bus_id, seat_number, seat_type) 
    values
        (?, ?, ?, ?)
2026-09-09 20:19:44 [main] DEBUG org.hibernate.SQL - 
    insert 
    into
        bus_seats
        (is_available, bus_id, seat_number, seat_type) 
    values
        (?, ?, ?, ?)
2026-09-09 20:19:44 [main] DEBUG org.hibernate.SQL - 
    insert 
    into
        bus_seats
        (is_available, bus_id, seat_number, seat_type) 
    values
        (?, ?, ?, ?)
2026-09-09 20:19:44 [main] DEBUG org.hibernate.SQL - 
    insert 
    into
        bus_seats
        (is_available, bus_id, seat_number, seat_type) 
    values
        (?, ?, ?, ?)
2026-09-09 20:19:44 [main] DEBUG org.hibernate.SQL - 
    insert 
    into
        bus_seats
        (is_available, bus_id, seat_number, seat_type) 
    values
        (?, ?, ?, ?)
2026-09-09 20:19:44 [main] DEBUG org.hibernate.SQL - 
    insert 
    into
        bus_seats
        (is_available, bus_id, seat_number, seat_type) 
    values
        (?, ?, ?, ?)
2026-09-09 20:19:44 [main] DEBUG org.hibernate.SQL - 
    insert 
    into
        bus_seats
        (is_available, bus_id, seat_number, seat_type) 
    values
        (?, ?, ?, ?)
2026-09-09 20:19:44 [main] DEBUG org.hibernate.SQL - 
    insert 
    into
        bus_seats
        (is_available, bus_id, seat_number, seat_type) 
    values
        (?, ?, ?, ?)
2026-09-09 20:19:44 [main] DEBUG org.hibernate.SQL - 
    select
        b1_0.id,
        b1_0.is_active,
        b1_0.bus_name,
        b1_0.bus_number,
        b1_0.bus_type,
        b1_0.total_seats 
    from
        buses b1_0 
    where
        b1_0.bus_number=?
2026-09-09 20:19:44 [main] DEBUG org.hibernate.SQL - 
    insert 
    into
        buses
        (is_active, bus_name, bus_number, bus_type, total_seats) 
    values
        (?, ?, ?, ?, ?)
2026-09-09 20:19:44 [main] DEBUG org.hibernate.SQL - 
    insert 
    into
        bus_seats
        (is_available, bus_id, seat_number, seat_type) 
    values
        (?, ?, ?, ?)
2026-09-09 20:19:44 [main] DEBUG org.hibernate.SQL - 
    insert 
    into
        bus_seats
        (is_available, bus_id, seat_number, seat_type) 
    values
        (?, ?, ?, ?)
2026-09-09 20:19:44 [main] DEBUG org.hibernate.SQL - 
    insert 
    into
        bus_seats
        (is_available, bus_id, seat_number, seat_type) 
    values
        (?, ?, ?, ?)
2026-09-09 20:19:44 [main] DEBUG org.hibernate.SQL - 
    insert 
    into
        bus_seats
        (is_available, bus_id, seat_number, seat_type) 
    values
        (?, ?, ?, ?)
2026-09-09 20:19:44 [main] DEBUG org.hibernate.SQL - 
    insert 
    into
        bus_seats
        (is_available, bus_id, seat_number, seat_type) 
    values
        (?, ?, ?, ?)
2026-09-09 20:19:44 [main] DEBUG org.hibernate.SQL - 
    insert 
    into
        bus_seats
        (is_available, bus_id, seat_number, seat_type) 
    values
        (?, ?, ?, ?)
2026-09-09 20:19:44 [main] DEBUG org.hibernate.SQL - 
    insert 
    into
        bus_seats
        (is_available, bus_id, seat_number, seat_type) 
    values
        (?, ?, ?, ?)
2026-09-09 20:19:44 [main] DEBUG org.hibernate.SQL - 
    insert 
    into
        bus_seats
        (is_available, bus_id, seat_number, seat_type) 
    values
        (?, ?, ?, ?)
2026-09-09 20:19:44 [main] DEBUG org.hibernate.SQL - 
    insert 
    into
        bus_seats
        (is_available, bus_id, seat_number, seat_type) 
    values
        (?, ?, ?, ?)
2026-09-09 20:19:44 [main] DEBUG org.hibernate.SQL - 
    insert 
    into
        bus_seats
        (is_available, bus_id, seat_number, seat_type) 
    values
        (?, ?, ?, ?)
2026-09-09 20:19:44 [main] DEBUG org.hibernate.SQL - 
    insert 
    into
        bus_seats
        (is_available, bus_id, seat_number, seat_type) 
    values
        (?, ?, ?, ?)
2026-09-09 20:19:44 [main] DEBUG org.hibernate.SQL - 
    insert 
    into
        bus_seats
        (is_available, bus_id, seat_number, seat_type) 
    values
        (?, ?, ?, ?)
2026-09-09 20:19:44 [main] DEBUG org.hibernate.SQL - 
    insert 
    into
        bus_seats
        (is_available, bus_id, seat_number, seat_type) 
    values
        (?, ?, ?, ?)
2026-09-09 20:19:44 [main] DEBUG org.hibernate.SQL - 
    insert 
    into
        bus_seats
        (is_available, bus_id, seat_number, seat_type) 
    values
        (?, ?, ?, ?)
2026-09-09 20:19:44 [main] DEBUG org.hibernate.SQL - 
    insert 
    into
        bus_seats
        (is_available, bus_id, seat_number, seat_type) 
    values
        (?, ?, ?, ?)
2026-09-09 20:19:44 [main] DEBUG org.hibernate.SQL - 
    insert 
    into
        bus_seats
        (is_available, bus_id, seat_number, seat_type) 
    values
        (?, ?, ?, ?)
2026-09-09 20:19:44 [main] DEBUG org.hibernate.SQL - 
    insert 
    into
        bus_seats
        (is_available, bus_id, seat_number, seat_type) 
    values
        (?, ?, ?, ?)
2026-09-09 20:19:44 [main] DEBUG org.hibernate.SQL - 
    insert 
    into
        bus_seats
        (is_available, bus_id, seat_number, seat_type) 
    values
        (?, ?, ?, ?)
2026-09-09 20:19:44 [main] DEBUG org.hibernate.SQL - 
    insert 
    into
        bus_seats
        (is_available, bus_id, seat_number, seat_type) 
    values
        (?, ?, ?, ?)
2026-09-09 20:19:44 [main] DEBUG org.hibernate.SQL - 
    insert 
    into
        bus_seats
        (is_available, bus_id, seat_number, seat_type) 
    values
        (?, ?, ?, ?)
2026-09-09 20:19:44 [main] DEBUG org.hibernate.SQL - 
    insert 
    into
        bus_seats
        (is_available, bus_id, seat_number, seat_type) 
    values
        (?, ?, ?, ?)
2026-09-09 20:19:44 [main] DEBUG org.hibernate.SQL - 
    insert 
    into
        bus_seats
        (is_available, bus_id, seat_number, seat_type) 
    values
        (?, ?, ?, ?)
2026-09-09 20:19:44 [main] DEBUG org.hibernate.SQL - 
    insert 
    into
        bus_seats
        (is_available, bus_id, seat_number, seat_type) 
    values
        (?, ?, ?, ?)
2026-09-09 20:19:44 [main] DEBUG org.hibernate.SQL - 
    insert 
    into
        bus_seats
        (is_available, bus_id, seat_number, seat_type) 
    values
        (?, ?, ?, ?)
2026-09-09 20:19:44 [main] DEBUG org.hibernate.SQL - 
    insert 
    into
        bus_seats
        (is_available, bus_id, seat_number, seat_type) 
    values
        (?, ?, ?, ?)
2026-09-09 20:19:44 [main] DEBUG org.hibernate.SQL - 
    insert 
    into
        bus_seats
        (is_available, bus_id, seat_number, seat_type) 
    values
        (?, ?, ?, ?)
2026-09-09 20:19:44 [main] DEBUG org.hibernate.SQL - 
    insert 
    into
        bus_seats
        (is_available, bus_id, seat_number, seat_type) 
    values
        (?, ?, ?, ?)
2026-09-09 20:19:44 [main] DEBUG org.hibernate.SQL - 
    insert 
    into
        bus_seats
        (is_available, bus_id, seat_number, seat_type) 
    values
        (?, ?, ?, ?)
2026-09-09 20:19:44 [main] DEBUG org.hibernate.SQL - 
    insert 
    into
        bus_seats
        (is_available, bus_id, seat_number, seat_type) 
    values
        (?, ?, ?, ?)
2026-09-09 20:19:44 [main] DEBUG org.hibernate.SQL - 
    insert 
    into
        bus_seats
        (is_available, bus_id, seat_number, seat_type) 
    values
        (?, ?, ?, ?)
2026-09-09 20:19:44 [main] DEBUG org.hibernate.SQL - 
    insert 
    into
        bus_seats
        (is_available, bus_id, seat_number, seat_type) 
    values
        (?, ?, ?, ?)
2026-09-09 20:19:44 [main] DEBUG org.hibernate.SQL - 
    insert 
    into
        bus_seats
        (is_available, bus_id, seat_number, seat_type) 
    values
        (?, ?, ?, ?)
2026-09-09 20:19:44 [main] DEBUG org.hibernate.SQL - 
    insert 
    into
        bus_seats
        (is_available, bus_id, seat_number, seat_type) 
    values
        (?, ?, ?, ?)
2026-09-09 20:19:44 [main] DEBUG org.hibernate.SQL - 
    insert 
    into
        bus_seats
        (is_available, bus_id, seat_number, seat_type) 
    values
        (?, ?, ?, ?)
2026-09-09 20:19:44 [main] DEBUG org.hibernate.SQL - 
    insert 
    into
        bus_seats
        (is_available, bus_id, seat_number, seat_type) 
    values
        (?, ?, ?, ?)
2026-09-09 20:19:44 [main] DEBUG org.hibernate.SQL - 
    insert 
    into
        bus_seats
        (is_available, bus_id, seat_number, seat_type) 
    values
        (?, ?, ?, ?)
2026-09-09 20:19:44 [main] DEBUG org.hibernate.SQL - 
    insert 
    into
        bus_seats
        (is_available, bus_id, seat_number, seat_type) 
    values
        (?, ?, ?, ?)
2026-09-09 20:19:44 [main] DEBUG org.hibernate.SQL - 
    insert 
    into
        bus_seats
        (is_available, bus_id, seat_number, seat_type) 
    values
        (?, ?, ?, ?)
2026-09-09 20:19:44 [main] DEBUG org.hibernate.SQL - 
    insert 
    into
        bus_seats
        (is_available, bus_id, seat_number, seat_type) 
    values
        (?, ?, ?, ?)
2026-09-09 20:19:44 [main] DEBUG org.hibernate.SQL - 
    insert 
    into
        bus_seats
        (is_available, bus_id, seat_number, seat_type) 
    values
        (?, ?, ?, ?)
2026-09-09 20:19:44 [main] DEBUG org.hibernate.SQL - 
    select
        b1_0.id,
        b1_0.is_active,
        b1_0.bus_name,
        b1_0.bus_number,
        b1_0.bus_type,
        b1_0.total_seats 
    from
        buses b1_0 
    where
        b1_0.bus_number=?
2026-09-09 20:19:44 [main] DEBUG org.hibernate.SQL - 
    insert 
    into
        buses
        (is_active, bus_name, bus_number, bus_type, total_seats) 
    values
        (?, ?, ?, ?, ?)
2026-09-09 20:19:44 [main] DEBUG org.hibernate.SQL - 
    insert 
    into
        bus_seats
        (is_available, bus_id, seat_number, seat_type) 
    values
        (?, ?, ?, ?)
2026-09-09 20:19:44 [main] DEBUG org.hibernate.SQL - 
    insert 
    into
        bus_seats
        (is_available, bus_id, seat_number, seat_type) 
    values
        (?, ?, ?, ?)
2026-09-09 20:19:44 [main] DEBUG org.hibernate.SQL - 
    insert 
    into
        bus_seats
        (is_available, bus_id, seat_number, seat_type) 
    values
        (?, ?, ?, ?)
2026-09-09 20:19:44 [main] DEBUG org.hibernate.SQL - 
    insert 
    into
        bus_seats
        (is_available, bus_id, seat_number, seat_type) 
    values
        (?, ?, ?, ?)
2026-09-09 20:19:44 [main] DEBUG org.hibernate.SQL - 
    insert 
    into
        bus_seats
        (is_available, bus_id, seat_number, seat_type) 
    values
        (?, ?, ?, ?)
2026-09-09 20:19:44 [main] DEBUG org.hibernate.SQL - 
    insert 
    into
        bus_seats
        (is_available, bus_id, seat_number, seat_type) 
    values
        (?, ?, ?, ?)
2026-09-09 20:19:44 [main] DEBUG org.hibernate.SQL - 
    insert 
    into
        bus_seats
        (is_available, bus_id, seat_number, seat_type) 
    values
        (?, ?, ?, ?)
2026-09-09 20:19:44 [main] DEBUG org.hibernate.SQL - 
    insert 
    into
        bus_seats
        (is_available, bus_id, seat_number, seat_type) 
    values
        (?, ?, ?, ?)
2026-09-09 20:19:44 [main] DEBUG org.hibernate.SQL - 
    insert 
    into
        bus_seats
        (is_available, bus_id, seat_number, seat_type) 
    values
        (?, ?, ?, ?)
2026-09-09 20:19:44 [main] DEBUG org.hibernate.SQL - 
    insert 
    into
        bus_seats
        (is_available, bus_id, seat_number, seat_type) 
    values
        (?, ?, ?, ?)
2026-09-09 20:19:44 [main] DEBUG org.hibernate.SQL - 
    insert 
    into
        bus_seats
        (is_available, bus_id, seat_number, seat_type) 
    values
        (?, ?, ?, ?)
2026-09-09 20:19:44 [main] DEBUG org.hibernate.SQL - 
    insert 
    into
        bus_seats
        (is_available, bus_id, seat_number, seat_type) 
    values
        (?, ?, ?, ?)
2026-09-09 20:19:44 [main] DEBUG org.hibernate.SQL - 
    insert 
    into
        bus_seats
        (is_available, bus_id, seat_number, seat_type) 
    values
        (?, ?, ?, ?)
2026-09-09 20:19:44 [main] DEBUG org.hibernate.SQL - 
    insert 
    into
        bus_seats
        (is_available, bus_id, seat_number, seat_type) 
    values
        (?, ?, ?, ?)
2026-09-09 20:19:44 [main] DEBUG org.hibernate.SQL - 
    insert 
    into
        bus_seats
        (is_available, bus_id, seat_number, seat_type) 
    values
        (?, ?, ?, ?)
2026-09-09 20:19:44 [main] DEBUG org.hibernate.SQL - 
    insert 
    into
        bus_seats
        (is_available, bus_id, seat_number, seat_type) 
    values
        (?, ?, ?, ?)
2026-09-09 20:19:44 [main] DEBUG org.hibernate.SQL - 
    insert 
    into
        bus_seats
        (is_available, bus_id, seat_number, seat_type) 
    values
        (?, ?, ?, ?)
2026-09-09 20:19:44 [main] DEBUG org.hibernate.SQL - 
    insert 
    into
        bus_seats
        (is_available, bus_id, seat_number, seat_type) 
    values
        (?, ?, ?, ?)
2026-09-09 20:19:44 [main] DEBUG org.hibernate.SQL - 
    insert 
    into
        bus_seats
        (is_available, bus_id, seat_number, seat_type) 
    values
        (?, ?, ?, ?)
2026-09-09 20:19:44 [main] DEBUG org.hibernate.SQL - 
    insert 
    into
        bus_seats
        (is_available, bus_id, seat_number, seat_type) 
    values
        (?, ?, ?, ?)
2026-09-09 20:19:44 [main] DEBUG org.hibernate.SQL - 
    insert 
    into
        bus_seats
        (is_available, bus_id, seat_number, seat_type) 
    values
        (?, ?, ?, ?)
2026-09-09 20:19:44 [main] DEBUG org.hibernate.SQL - 
    insert 
    into
        bus_seats
        (is_available, bus_id, seat_number, seat_type) 
    values
        (?, ?, ?, ?)
2026-09-09 20:19:44 [main] DEBUG org.hibernate.SQL - 
    insert 
    into
        bus_seats
        (is_available, bus_id, seat_number, seat_type) 
    values
        (?, ?, ?, ?)
2026-09-09 20:19:44 [main] DEBUG org.hibernate.SQL - 
    insert 
    into
        bus_seats
        (is_available, bus_id, seat_number, seat_type) 
    values
        (?, ?, ?, ?)
2026-09-09 20:19:44 [main] DEBUG org.hibernate.SQL - 
    insert 
    into
        bus_seats
        (is_available, bus_id, seat_number, seat_type) 
    values
        (?, ?, ?, ?)
2026-09-09 20:19:44 [main] DEBUG org.hibernate.SQL - 
    insert 
    into
        bus_seats
        (is_available, bus_id, seat_number, seat_type) 
    values
        (?, ?, ?, ?)
2026-09-09 20:19:44 [main] DEBUG org.hibernate.SQL - 
    insert 
    into
        bus_seats
        (is_available, bus_id, seat_number, seat_type) 
    values
        (?, ?, ?, ?)
2026-09-09 20:19:44 [main] DEBUG org.hibernate.SQL - 
    insert 
    into
        bus_seats
        (is_available, bus_id, seat_number, seat_type) 
    values
        (?, ?, ?, ?)
2026-09-09 20:19:44 [main] DEBUG org.hibernate.SQL - 
    insert 
    into
        bus_seats
        (is_available, bus_id, seat_number, seat_type) 
    values
        (?, ?, ?, ?)
2026-09-09 20:19:44 [main] DEBUG org.hibernate.SQL - 
    insert 
    into
        bus_seats
        (is_available, bus_id, seat_number, seat_type) 
    values
        (?, ?, ?, ?)
2026-09-09 20:19:44 [main] DEBUG org.hibernate.SQL - 
    insert 
    into
        bus_seats
        (is_available, bus_id, seat_number, seat_type) 
    values
        (?, ?, ?, ?)
2026-09-09 20:19:44 [main] DEBUG org.hibernate.SQL - 
    insert 
    into
        bus_seats
        (is_available, bus_id, seat_number, seat_type) 
    values
        (?, ?, ?, ?)
2026-09-09 20:19:44 [main] DEBUG org.hibernate.SQL - 
    insert 
    into
        bus_seats
        (is_available, bus_id, seat_number, seat_type) 
    values
        (?, ?, ?, ?)
2026-09-09 20:19:44 [main] DEBUG org.hibernate.SQL - 
    insert 
    into
        bus_seats
        (is_available, bus_id, seat_number, seat_type) 
    values
        (?, ?, ?, ?)
2026-09-09 20:19:44 [main] DEBUG org.hibernate.SQL - 
    insert 
    into
        bus_seats
        (is_available, bus_id, seat_number, seat_type) 
    values
        (?, ?, ?, ?)
2026-09-09 20:19:44 [main] DEBUG org.hibernate.SQL - 
    insert 
    into
        bus_seats
        (is_available, bus_id, seat_number, seat_type) 
    values
        (?, ?, ?, ?)
2026-09-09 20:19:44 [main] DEBUG org.hibernate.SQL - 
    insert 
    into
        bus_seats
        (is_available, bus_id, seat_number, seat_type) 
    values
        (?, ?, ?, ?)
2026-09-09 20:19:44 [main] DEBUG org.hibernate.SQL - 
    insert 
    into
        bus_seats
        (is_available, bus_id, seat_number, seat_type) 
    values
        (?, ?, ?, ?)
2026-09-09 20:19:44 [main] DEBUG org.hibernate.SQL - 
    insert 
    into
        bus_seats
        (is_available, bus_id, seat_number, seat_type) 
    values
        (?, ?, ?, ?)
2026-09-09 20:19:44 [main] DEBUG org.hibernate.SQL - 
    insert 
    into
        bus_seats
        (is_available, bus_id, seat_number, seat_type) 
    values
        (?, ?, ?, ?)
2026-09-09 20:19:44 [main] DEBUG org.hibernate.SQL - 
    insert 
    into
        bus_seats
        (is_available, bus_id, seat_number, seat_type) 
    values
        (?, ?, ?, ?)
2026-09-09 20:19:44 [main] DEBUG org.hibernate.SQL - 
    insert 
    into
        bus_seats
        (is_available, bus_id, seat_number, seat_type) 
    values
        (?, ?, ?, ?)
2026-09-09 20:19:44 [main] DEBUG org.hibernate.SQL - 
    insert 
    into
        bus_seats
        (is_available, bus_id, seat_number, seat_type) 
    values
        (?, ?, ?, ?)
2026-09-09 20:19:44 [main] DEBUG org.hibernate.SQL - 
    insert 
    into
        bus_seats
        (is_available, bus_id, seat_number, seat_type) 
    values
        (?, ?, ?, ?)
2026-09-09 20:19:45 [main] DEBUG org.hibernate.SQL - 
    select
        b1_0.id,
        b1_0.is_active,
        b1_0.bus_name,
        b1_0.bus_number,
        b1_0.bus_type,
        b1_0.total_seats 
    from
        buses b1_0 
    where
        b1_0.bus_number=?
2026-09-09 20:19:45 [main] DEBUG org.hibernate.SQL - 
    insert 
    into
        buses
        (is_active, bus_name, bus_number, bus_type, total_seats) 
    values
        (?, ?, ?, ?, ?)
2026-09-09 20:19:45 [main] DEBUG org.hibernate.SQL - 
    insert 
    into
        bus_seats
        (is_available, bus_id, seat_number, seat_type) 
    values
        (?, ?, ?, ?)
2026-09-09 20:19:45 [main] DEBUG org.hibernate.SQL - 
    insert 
    into
        bus_seats
        (is_available, bus_id, seat_number, seat_type) 
    values
        (?, ?, ?, ?)
2026-09-09 20:19:45 [main] DEBUG org.hibernate.SQL - 
    insert 
    into
        bus_seats
        (is_available, bus_id, seat_number, seat_type) 
    values
        (?, ?, ?, ?)
2026-09-09 20:19:45 [main] DEBUG org.hibernate.SQL - 
    insert 
    into
        bus_seats
        (is_available, bus_id, seat_number, seat_type) 
    values
        (?, ?, ?, ?)
2026-09-09 20:19:45 [main] DEBUG org.hibernate.SQL - 
    insert 
    into
        bus_seats
        (is_available, bus_id, seat_number, seat_type) 
    values
        (?, ?, ?, ?)
2026-09-09 20:19:45 [main] DEBUG org.hibernate.SQL - 
    insert 
    into
        bus_seats
        (is_available, bus_id, seat_number, seat_type) 
    values
        (?, ?, ?, ?)
2026-09-09 20:19:45 [main] DEBUG org.hibernate.SQL - 
    insert 
    into
        bus_seats
        (is_available, bus_id, seat_number, seat_type) 
    values
        (?, ?, ?, ?)
2026-09-09 20:19:45 [main] DEBUG org.hibernate.SQL - 
    insert 
    into
        bus_seats
        (is_available, bus_id, seat_number, seat_type) 
    values
        (?, ?, ?, ?)
2026-09-09 20:19:45 [main] DEBUG org.hibernate.SQL - 
    insert 
    into
        bus_seats
        (is_available, bus_id, seat_number, seat_type) 
    values
        (?, ?, ?, ?)
2026-09-09 20:19:45 [main] DEBUG org.hibernate.SQL - 
    insert 
    into
        bus_seats
        (is_available, bus_id, seat_number, seat_type) 
    values
        (?, ?, ?, ?)
2026-09-09 20:19:45 [main] DEBUG org.hibernate.SQL - 
    insert 
    into
        bus_seats
        (is_available, bus_id, seat_number, seat_type) 
    values
        (?, ?, ?, ?)
2026-09-09 20:19:45 [main] DEBUG org.hibernate.SQL - 
    insert 
    into
        bus_seats
        (is_available, bus_id, seat_number, seat_type) 
    values
        (?, ?, ?, ?)
2026-09-09 20:19:45 [main] DEBUG org.hibernate.SQL - 
    insert 
    into
        bus_seats
        (is_available, bus_id, seat_number, seat_type) 
    values
        (?, ?, ?, ?)
2026-09-09 20:19:45 [main] DEBUG org.hibernate.SQL - 
    insert 
    into
        bus_seats
        (is_available, bus_id, seat_number, seat_type) 
    values
        (?, ?, ?, ?)
2026-09-09 20:19:45 [main] DEBUG org.hibernate.SQL - 
    insert 
    into
        bus_seats
        (is_available, bus_id, seat_number, seat_type) 
    values
        (?, ?, ?, ?)
2026-09-09 20:19:45 [main] DEBUG org.hibernate.SQL - 
    insert 
    into
        bus_seats
        (is_available, bus_id, seat_number, seat_type) 
    values
        (?, ?, ?, ?)
2026-09-09 20:19:45 [main] DEBUG org.hibernate.SQL - 
    insert 
    into
        bus_seats
        (is_available, bus_id, seat_number, seat_type) 
    values
        (?, ?, ?, ?)
2026-09-09 20:19:45 [main] DEBUG org.hibernate.SQL - 
    insert 
    into
        bus_seats
        (is_available, bus_id, seat_number, seat_type) 
    values
        (?, ?, ?, ?)
2026-09-09 20:19:45 [main] DEBUG org.hibernate.SQL - 
    insert 
    into
        bus_seats
        (is_available, bus_id, seat_number, seat_type) 
    values
        (?, ?, ?, ?)
2026-09-09 20:19:45 [main] DEBUG org.hibernate.SQL - 
    insert 
    into
        bus_seats
        (is_available, bus_id, seat_number, seat_type) 
    values
        (?, ?, ?, ?)
2026-09-09 20:19:45 [main] DEBUG org.hibernate.SQL - 
    insert 
    into
        bus_seats
        (is_available, bus_id, seat_number, seat_type) 
    values
        (?, ?, ?, ?)
2026-09-09 20:19:45 [main] DEBUG org.hibernate.SQL - 
    insert 
    into
        bus_seats
        (is_available, bus_id, seat_number, seat_type) 
    values
        (?, ?, ?, ?)
2026-09-09 20:19:45 [main] DEBUG org.hibernate.SQL - 
    insert 
    into
        bus_seats
        (is_available, bus_id, seat_number, seat_type) 
    values
        (?, ?, ?, ?)
2026-09-09 20:19:45 [main] DEBUG org.hibernate.SQL - 
    insert 
    into
        bus_seats
        (is_available, bus_id, seat_number, seat_type) 
    values
        (?, ?, ?, ?)
2026-09-09 20:19:45 [main] DEBUG org.hibernate.SQL - 
    insert 
    into
        bus_seats
        (is_available, bus_id, seat_number, seat_type) 
    values
        (?, ?, ?, ?)
2026-09-09 20:19:45 [main] DEBUG org.hibernate.SQL - 
    insert 
    into
        bus_seats
        (is_available, bus_id, seat_number, seat_type) 
    values
        (?, ?, ?, ?)
2026-09-09 20:19:45 [main] DEBUG org.hibernate.SQL - 
    insert 
    into
        bus_seats
        (is_available, bus_id, seat_number, seat_type) 
    values
        (?, ?, ?, ?)
2026-09-09 20:19:45 [main] DEBUG org.hibernate.SQL - 
    insert 
    into
        bus_seats
        (is_available, bus_id, seat_number, seat_type) 
    values
        (?, ?, ?, ?)
2026-09-09 20:19:45 [main] DEBUG org.hibernate.SQL - 
    insert 
    into
        bus_seats
        (is_available, bus_id, seat_number, seat_type) 
    values
        (?, ?, ?, ?)
2026-09-09 20:19:45 [main] DEBUG org.hibernate.SQL - 
    insert 
    into
        bus_seats
        (is_available, bus_id, seat_number, seat_type) 
    values
        (?, ?, ?, ?)
2026-09-09 20:19:45 [main] DEBUG org.hibernate.SQL - 
    insert 
    into
        bus_seats
        (is_available, bus_id, seat_number, seat_type) 
    values
        (?, ?, ?, ?)
2026-09-09 20:19:45 [main] DEBUG org.hibernate.SQL - 
    insert 
    into
        bus_seats
        (is_available, bus_id, seat_number, seat_type) 
    values
        (?, ?, ?, ?)
2026-09-09 20:19:45 [main] DEBUG org.hibernate.SQL - 
    insert 
    into
        bus_seats
        (is_available, bus_id, seat_number, seat_type) 
    values
        (?, ?, ?, ?)
2026-09-09 20:19:45 [main] DEBUG org.hibernate.SQL - 
    insert 
    into
        bus_seats
        (is_available, bus_id, seat_number, seat_type) 
    values
        (?, ?, ?, ?)
2026-09-09 20:19:45 [main] DEBUG org.hibernate.SQL - 
    insert 
    into
        bus_seats
        (is_available, bus_id, seat_number, seat_type) 
    values
        (?, ?, ?, ?)
2026-09-09 20:19:45 [main] DEBUG org.hibernate.SQL - 
    insert 
    into
        bus_seats
        (is_available, bus_id, seat_number, seat_type) 
    values
        (?, ?, ?, ?)
2026-09-09 20:19:45 [main] DEBUG org.hibernate.SQL - 
    select
        b1_0.id,
        b1_0.is_active,
        b1_0.bus_name,
        b1_0.bus_number,
        b1_0.bus_type,
        b1_0.total_seats 
    from
        buses b1_0 
    where
        b1_0.bus_number=?
2026-09-09 20:19:45 [main] DEBUG org.hibernate.SQL - 
    insert 
    into
        buses
        (is_active, bus_name, bus_number, bus_type, total_seats) 
    values
        (?, ?, ?, ?, ?)
2026-09-09 20:19:45 [main] DEBUG org.hibernate.SQL - 
    insert 
    into
        bus_seats
        (is_available, bus_id, seat_number, seat_type) 
    values
        (?, ?, ?, ?)
2026-09-09 20:19:45 [main] DEBUG org.hibernate.SQL - 
    insert 
    into
        bus_seats
        (is_available, bus_id, seat_number, seat_type) 
    values
        (?, ?, ?, ?)
2026-09-09 20:19:45 [main] DEBUG org.hibernate.SQL - 
    insert 
    into
        bus_seats
        (is_available, bus_id, seat_number, seat_type) 
    values
        (?, ?, ?, ?)
2026-09-09 20:19:45 [main] DEBUG org.hibernate.SQL - 
    insert 
    into
        bus_seats
        (is_available, bus_id, seat_number, seat_type) 
    values
        (?, ?, ?, ?)
2026-09-09 20:19:45 [main] DEBUG org.hibernate.SQL - 
    insert 
    into
        bus_seats
        (is_available, bus_id, seat_number, seat_type) 
    values
        (?, ?, ?, ?)
2026-09-09 20:19:45 [main] DEBUG org.hibernate.SQL - 
    insert 
    into
        bus_seats
        (is_available, bus_id, seat_number, seat_type) 
    values
        (?, ?, ?, ?)
2026-09-09 20:19:45 [main] DEBUG org.hibernate.SQL - 
    insert 
    into
        bus_seats
        (is_available, bus_id, seat_number, seat_type) 
    values
        (?, ?, ?, ?)
2026-09-09 20:19:45 [main] DEBUG org.hibernate.SQL - 
    insert 
    into
        bus_seats
        (is_available, bus_id, seat_number, seat_type) 
    values
        (?, ?, ?, ?)
2026-09-09 20:19:45 [main] DEBUG org.hibernate.SQL - 
    insert 
    into
        bus_seats
        (is_available, bus_id, seat_number, seat_type) 
    values
        (?, ?, ?, ?)
2026-09-09 20:19:45 [main] DEBUG org.hibernate.SQL - 
    insert 
    into
        bus_seats
        (is_available, bus_id, seat_number, seat_type) 
    values
        (?, ?, ?, ?)
2026-09-09 20:19:45 [main] DEBUG org.hibernate.SQL - 
    insert 
    into
        bus_seats
        (is_available, bus_id, seat_number, seat_type) 
    values
        (?, ?, ?, ?)
2026-09-09 20:19:45 [main] DEBUG org.hibernate.SQL - 
    insert 
    into
        bus_seats
        (is_available, bus_id, seat_number, seat_type) 
    values
        (?, ?, ?, ?)
2026-09-09 20:19:45 [main] DEBUG org.hibernate.SQL - 
    insert 
    into
        bus_seats
        (is_available, bus_id, seat_number, seat_type) 
    values
        (?, ?, ?, ?)
2026-09-09 20:19:45 [main] DEBUG org.hibernate.SQL - 
    insert 
    into
        bus_seats
        (is_available, bus_id, seat_number, seat_type) 
    values
        (?, ?, ?, ?)
2026-09-09 20:19:45 [main] DEBUG org.hibernate.SQL - 
    insert 
    into
        bus_seats
        (is_available, bus_id, seat_number, seat_type) 
    values
        (?, ?, ?, ?)
2026-09-09 20:19:45 [main] DEBUG org.hibernate.SQL - 
    insert 
    into
        bus_seats
        (is_available, bus_id, seat_number, seat_type) 
    values
        (?, ?, ?, ?)
2026-09-09 20:19:45 [main] DEBUG org.hibernate.SQL - 
    insert 
    into
        bus_seats
        (is_available, bus_id, seat_number, seat_type) 
    values
        (?, ?, ?, ?)
2026-09-09 20:19:45 [main] DEBUG org.hibernate.SQL - 
    insert 
    into
        bus_seats
        (is_available, bus_id, seat_number, seat_type) 
    values
        (?, ?, ?, ?)
2026-09-09 20:19:45 [main] DEBUG org.hibernate.SQL - 
    insert 
    into
        bus_seats
        (is_available, bus_id, seat_number, seat_type) 
    values
        (?, ?, ?, ?)
2026-09-09 20:19:45 [main] DEBUG org.hibernate.SQL - 
    insert 
    into
        bus_seats
        (is_available, bus_id, seat_number, seat_type) 
    values
        (?, ?, ?, ?)
2026-09-09 20:19:45 [main] DEBUG org.hibernate.SQL - 
    insert 
    into
        bus_seats
        (is_available, bus_id, seat_number, seat_type) 
    values
        (?, ?, ?, ?)
2026-09-09 20:19:45 [main] DEBUG org.hibernate.SQL - 
    insert 
    into
        bus_seats
        (is_available, bus_id, seat_number, seat_type) 
    values
        (?, ?, ?, ?)
2026-09-09 20:19:45 [main] DEBUG org.hibernate.SQL - 
    insert 
    into
        bus_seats
        (is_available, bus_id, seat_number, seat_type) 
    values
        (?, ?, ?, ?)
2026-09-09 20:19:45 [main] DEBUG org.hibernate.SQL - 
    insert 
    into
        bus_seats
        (is_available, bus_id, seat_number, seat_type) 
    values
        (?, ?, ?, ?)
2026-09-09 20:19:45 [main] DEBUG org.hibernate.SQL - 
    insert 
    into
        bus_seats
        (is_available, bus_id, seat_number, seat_type) 
    values
        (?, ?, ?, ?)
2026-09-09 20:19:45 [main] DEBUG org.hibernate.SQL - 
    insert 
    into
        bus_seats
        (is_available, bus_id, seat_number, seat_type) 
    values
        (?, ?, ?, ?)
2026-09-09 20:19:45 [main] DEBUG org.hibernate.SQL - 
    insert 
    into
        bus_seats
        (is_available, bus_id, seat_number, seat_type) 
    values
        (?, ?, ?, ?)
2026-09-09 20:19:45 [main] DEBUG org.hibernate.SQL - 
    insert 
    into
        bus_seats
        (is_available, bus_id, seat_number, seat_type) 
    values
        (?, ?, ?, ?)
2026-09-09 20:19:45 [main] DEBUG org.hibernate.SQL - 
    insert 
    into
        bus_seats
        (is_available, bus_id, seat_number, seat_type) 
    values
        (?, ?, ?, ?)
2026-09-09 20:19:45 [main] DEBUG org.hibernate.SQL - 
    insert 
    into
        bus_seats
        (is_available, bus_id, seat_number, seat_type) 
    values
        (?, ?, ?, ?)
2026-09-09 20:19:45 [main] DEBUG org.hibernate.SQL - 
    insert 
    into
        bus_seats
        (is_available, bus_id, seat_number, seat_type) 
    values
        (?, ?, ?, ?)
2026-09-09 20:19:45 [main] DEBUG org.hibernate.SQL - 
    insert 
    into
        bus_seats
        (is_available, bus_id, seat_number, seat_type) 
    values
        (?, ?, ?, ?)
2026-09-09 20:19:45 [main] DEBUG org.hibernate.SQL - 
    insert 
    into
        bus_seats
        (is_available, bus_id, seat_number, seat_type) 
    values
        (?, ?, ?, ?)
2026-09-09 20:19:45 [main] DEBUG org.hibernate.SQL - 
    insert 
    into
        bus_seats
        (is_available, bus_id, seat_number, seat_type) 
    values
        (?, ?, ?, ?)
2026-09-09 20:19:45 [main] DEBUG org.hibernate.SQL - 
    insert 
    into
        bus_seats
        (is_available, bus_id, seat_number, seat_type) 
    values
        (?, ?, ?, ?)
2026-09-09 20:19:45 [main] DEBUG org.hibernate.SQL - 
    insert 
    into
        bus_seats
        (is_available, bus_id, seat_number, seat_type) 
    values
        (?, ?, ?, ?)
2026-09-09 20:19:45 [main] DEBUG org.hibernate.SQL - 
    insert 
    into
        bus_seats
        (is_available, bus_id, seat_number, seat_type) 
    values
        (?, ?, ?, ?)
2026-09-09 20:19:45 [main] DEBUG org.hibernate.SQL - 
    insert 
    into
        bus_seats
        (is_available, bus_id, seat_number, seat_type) 
    values
        (?, ?, ?, ?)
2026-09-09 20:19:45 [main] DEBUG org.hibernate.SQL - 
    insert 
    into
        bus_seats
        (is_available, bus_id, seat_number, seat_type) 
    values
        (?, ?, ?, ?)
2026-09-09 20:19:45 [main] DEBUG org.hibernate.SQL - 
    insert 
    into
        bus_seats
        (is_available, bus_id, seat_number, seat_type) 
    values
        (?, ?, ?, ?)
2026-09-09 20:19:45 [main] DEBUG org.hibernate.SQL - 
    insert 
    into
        bus_seats
        (is_available, bus_id, seat_number, seat_type) 
    values
        (?, ?, ?, ?)
2026-09-09 20:19:45 [main] DEBUG org.hibernate.SQL - 
    insert 
    into
        bus_seats
        (is_available, bus_id, seat_number, seat_type) 
    values
        (?, ?, ?, ?)
2026-09-09 20:19:45 [main] DEBUG org.hibernate.SQL - 
    insert 
    into
        bus_seats
        (is_available, bus_id, seat_number, seat_type) 
    values
        (?, ?, ?, ?)
2026-09-09 20:19:45 [main] DEBUG org.hibernate.SQL - 
    insert 
    into
        bus_seats
        (is_available, bus_id, seat_number, seat_type) 
    values
        (?, ?, ?, ?)
2026-09-09 20:19:45 [main] INFO  B.ijse.DataInitializer - Ensured 5 buses with seats exist
2026-09-09 20:19:45 [main] DEBUG org.hibernate.SQL - 
    insert 
    into
        user_roles
        (user_id, role_id) 
    values
        (?, ?)
2026-09-09 20:19:45 [main] DEBUG org.hibernate.SQL - 
    insert 
    into
        user_roles
        (user_id, role_id) 
    values
        (?, ?)
2026-09-09 20:19:45 [main] DEBUG org.hibernate.SQL - 
    insert 
    into
        user_roles
        (user_id, role_id) 
    values
        (?, ?)
2026-09-09 20:19:45 [main] DEBUG org.hibernate.SQL - 
    select
        count(*) 
    from
        schedules s1_0
2026-09-09 20:19:45 [main] DEBUG org.hibernate.SQL - 
    insert 
    into
        schedules
        (active, arrival_time, available_seats, bus_id, departure_time, fare, route_id) 
    values
        (?, ?, ?, ?, ?, ?, ?)
2026-09-09 20:19:45 [main] DEBUG org.hibernate.SQL - 
    insert 
    into
        schedules
        (active, arrival_time, available_seats, bus_id, departure_time, fare, route_id) 
    values
        (?, ?, ?, ?, ?, ?, ?)
2026-09-09 20:19:45 [main] DEBUG org.hibernate.SQL - 
    insert 
    into
        schedules
        (active, arrival_time, available_seats, bus_id, departure_time, fare, route_id) 
    values
        (?, ?, ?, ?, ?, ?, ?)
2026-09-09 20:19:45 [main] DEBUG org.hibernate.SQL - 
    insert 
    into
        schedules
        (active, arrival_time, available_seats, bus_id, departure_time, fare, route_id) 
    values
        (?, ?, ?, ?, ?, ?, ?)
2026-09-09 20:19:45 [main] DEBUG org.hibernate.SQL - 
    insert 
    into
        schedules
        (active, arrival_time, available_seats, bus_id, departure_time, fare, route_id) 
    values
        (?, ?, ?, ?, ?, ?, ?)
2026-09-09 20:19:45 [main] DEBUG org.hibernate.SQL - 
    insert 
    into
        schedules
        (active, arrival_time, available_seats, bus_id, departure_time, fare, route_id) 
    values
        (?, ?, ?, ?, ?, ?, ?)
2026-09-09 20:19:45 [main] DEBUG org.hibernate.SQL - 
    insert 
    into
        schedules
        (active, arrival_time, available_seats, bus_id, departure_time, fare, route_id) 
    values
        (?, ?, ?, ?, ?, ?, ?)
2026-09-09 20:19:45 [main] DEBUG org.hibernate.SQL - 
    insert 
    into
        schedules
        (active, arrival_time, available_seats, bus_id, departure_time, fare, route_id) 
    values
        (?, ?, ?, ?, ?, ?, ?)
2026-09-09 20:19:45 [main] DEBUG org.hibernate.SQL - 
    insert 
    into
        schedules
        (active, arrival_time, available_seats, bus_id, departure_time, fare, route_id) 
    values
        (?, ?, ?, ?, ?, ?, ?)
2026-09-09 20:19:45 [main] DEBUG org.hibernate.SQL - 
    insert 
    into
        schedules
        (active, arrival_time, available_seats, bus_id, departure_time, fare, route_id) 
    values
        (?, ?, ?, ?, ?, ?, ?)
2026-09-09 20:19:45 [main] DEBUG org.hibernate.SQL - 
    insert 
    into
        schedules
        (active, arrival_time, available_seats, bus_id, departure_time, fare, route_id) 
    values
        (?, ?, ?, ?, ?, ?, ?)
2026-09-09 20:19:45 [main] DEBUG org.hibernate.SQL - 
    insert 
    into
        schedules
        (active, arrival_time, available_seats, bus_id, departure_time, fare, route_id) 
    values
        (?, ?, ?, ?, ?, ?, ?)
2026-09-09 20:19:45 [main] DEBUG org.hibernate.SQL - 
    insert 
    into
        schedules
        (active, arrival_time, available_seats, bus_id, departure_time, fare, route_id) 
    values
        (?, ?, ?, ?, ?, ?, ?)
2026-09-09 20:19:45 [main] DEBUG org.hibernate.SQL - 
    insert 
    into
        schedules
        (active, arrival_time, available_seats, bus_id, departure_time, fare, route_id) 
    values
        (?, ?, ?, ?, ?, ?, ?)
2026-09-09 20:19:45 [main] DEBUG org.hibernate.SQL - 
    insert 
    into
        schedules
        (active, arrival_time, available_seats, bus_id, departure_time, fare, route_id) 
    values
        (?, ?, ?, ?, ?, ?, ?)
2026-09-09 20:19:45 [main] DEBUG org.hibernate.SQL - 
    insert 
    into
        schedules
        (active, arrival_time, available_seats, bus_id, departure_time, fare, route_id) 
    values
        (?, ?, ?, ?, ?, ?, ?)
2026-09-09 20:19:45 [main] DEBUG org.hibernate.SQL - 
    insert 
    into
        schedules
        (active, arrival_time, available_seats, bus_id, departure_time, fare, route_id) 
    values
        (?, ?, ?, ?, ?, ?, ?)
2026-09-09 20:19:45 [main] DEBUG org.hibernate.SQL - 
    insert 
    into
        schedules
        (active, arrival_time, available_seats, bus_id, departure_time, fare, route_id) 
    values
        (?, ?, ?, ?, ?, ?, ?)
2026-09-09 20:19:45 [main] DEBUG org.hibernate.SQL - 
    insert 
    into
        schedules
        (active, arrival_time, available_seats, bus_id, departure_time, fare, route_id) 
    values
        (?, ?, ?, ?, ?, ?, ?)
2026-09-09 20:19:45 [main] DEBUG org.hibernate.SQL - 
    insert 
    into
        schedules
        (active, arrival_time, available_seats, bus_id, departure_time, fare, route_id) 
    values
        (?, ?, ?, ?, ?, ?, ?)
2026-09-09 20:19:45 [main] DEBUG org.hibernate.SQL - 
    insert 
    into
        schedules
        (active, arrival_time, available_seats, bus_id, departure_time, fare, route_id) 
    values
        (?, ?, ?, ?, ?, ?, ?)
2026-09-09 20:19:45 [main] DEBUG org.hibernate.SQL - 
    insert 
    into
        schedules
        (active, arrival_time, available_seats, bus_id, departure_time, fare, route_id) 
    values
        (?, ?, ?, ?, ?, ?, ?)
2026-09-09 20:19:45 [main] DEBUG org.hibernate.SQL - 
    insert 
    into
        schedules
        (active, arrival_time, available_seats, bus_id, departure_time, fare, route_id) 
    values
        (?, ?, ?, ?, ?, ?, ?)
2026-09-09 20:19:45 [main] DEBUG org.hibernate.SQL - 
    insert 
    into
        schedules
        (active, arrival_time, available_seats, bus_id, departure_time, fare, route_id) 
    values
        (?, ?, ?, ?, ?, ?, ?)
2026-09-09 20:19:45 [main] DEBUG org.hibernate.SQL - 
    insert 
    into
        schedules
        (active, arrival_time, available_seats, bus_id, departure_time, fare, route_id) 
    values
        (?, ?, ?, ?, ?, ?, ?)
2026-09-09 20:19:45 [main] DEBUG org.hibernate.SQL - 
    insert 
    into
        schedules
        (active, arrival_time, available_seats, bus_id, departure_time, fare, route_id) 
    values
        (?, ?, ?, ?, ?, ?, ?)
2026-09-09 20:19:45 [main] DEBUG org.hibernate.SQL - 
    insert 
    into
        schedules
        (active, arrival_time, available_seats, bus_id, departure_time, fare, route_id) 
    values
        (?, ?, ?, ?, ?, ?, ?)
2026-09-09 20:19:45 [main] DEBUG org.hibernate.SQL - 
    insert 
    into
        schedules
        (active, arrival_time, available_seats, bus_id, departure_time, fare, route_id) 
    values
        (?, ?, ?, ?, ?, ?, ?)
2026-09-09 20:19:45 [main] DEBUG org.hibernate.SQL - 
    insert 
    into
        schedules
        (active, arrival_time, available_seats, bus_id, departure_time, fare, route_id) 
    values
        (?, ?, ?, ?, ?, ?, ?)
2026-09-09 20:19:45 [main] DEBUG org.hibernate.SQL - 
    insert 
    into
        schedules
        (active, arrival_time, available_seats, bus_id, departure_time, fare, route_id) 
    values
        (?, ?, ?, ?, ?, ?, ?)
2026-09-09 20:19:45 [main] DEBUG org.hibernate.SQL - 
    insert 
    into
        schedules
        (active, arrival_time, available_seats, bus_id, departure_time, fare, route_id) 
    values
        (?, ?, ?, ?, ?, ?, ?)
2026-09-09 20:19:45 [main] DEBUG org.hibernate.SQL - 
    insert 
    into
        schedules
        (active, arrival_time, available_seats, bus_id, departure_time, fare, route_id) 
    values
        (?, ?, ?, ?, ?, ?, ?)
2026-09-09 20:19:45 [main] DEBUG org.hibernate.SQL - 
    insert 
    into
        schedules
        (active, arrival_time, available_seats, bus_id, departure_time, fare, route_id) 
    values
        (?, ?, ?, ?, ?, ?, ?)
2026-09-09 20:19:45 [main] DEBUG org.hibernate.SQL - 
    insert 
    into
        schedules
        (active, arrival_time, available_seats, bus_id, departure_time, fare, route_id) 
    values
        (?, ?, ?, ?, ?, ?, ?)
2026-09-09 20:19:45 [main] DEBUG org.hibernate.SQL - 
    insert 
    into
        schedules
        (active, arrival_time, available_seats, bus_id, departure_time, fare, route_id) 
    values
        (?, ?, ?, ?, ?, ?, ?)
2026-09-09 20:19:45 [main] DEBUG org.hibernate.SQL - 
    insert 
    into
        schedules
        (active, arrival_time, available_seats, bus_id, departure_time, fare, route_id) 
    values
        (?, ?, ?, ?, ?, ?, ?)
2026-09-09 20:19:45 [main] DEBUG org.hibernate.SQL - 
    insert 
    into
        schedules
        (active, arrival_time, available_seats, bus_id, departure_time, fare, route_id) 
    values
        (?, ?, ?, ?, ?, ?, ?)
2026-09-09 20:19:45 [main] DEBUG org.hibernate.SQL - 
    insert 
    into
        schedules
        (active, arrival_time, available_seats, bus_id, departure_time, fare, route_id) 
    values
        (?, ?, ?, ?, ?, ?, ?)
2026-09-09 20:19:45 [main] DEBUG org.hibernate.SQL - 
    insert 
    into
        schedules
        (active, arrival_time, available_seats, bus_id, departure_time, fare, route_id) 
    values
        (?, ?, ?, ?, ?, ?, ?)
2026-09-09 20:19:45 [main] DEBUG org.hibernate.SQL - 
    insert 
    into
        schedules
        (active, arrival_time, available_seats, bus_id, departure_time, fare, route_id) 
    values
        (?, ?, ?, ?, ?, ?, ?)
2026-09-09 20:19:45 [main] DEBUG org.hibernate.SQL - 
    insert 
    into
        schedules
        (active, arrival_time, available_seats, bus_id, departure_time, fare, route_id) 
    values
        (?, ?, ?, ?, ?, ?, ?)
2026-09-09 20:19:45 [main] DEBUG org.hibernate.SQL - 
    insert 
    into
        schedules
        (active, arrival_time, available_seats, bus_id, departure_time, fare, route_id) 
    values
        (?, ?, ?, ?, ?, ?, ?)
2026-09-09 20:19:45 [main] DEBUG org.hibernate.SQL - 
    insert 
    into
        schedules
        (active, arrival_time, available_seats, bus_id, departure_time, fare, route_id) 
    values
        (?, ?, ?, ?, ?, ?, ?)
2026-09-09 20:19:45 [main] DEBUG org.hibernate.SQL - 
    insert 
    into
        schedules
        (active, arrival_time, available_seats, bus_id, departure_time, fare, route_id) 
    values
        (?, ?, ?, ?, ?, ?, ?)
2026-09-09 20:19:45 [main] DEBUG org.hibernate.SQL - 
    insert 
    into
        schedules
        (active, arrival_time, available_seats, bus_id, departure_time, fare, route_id) 
    values
        (?, ?, ?, ?, ?, ?, ?)
2026-09-09 20:19:45 [main] DEBUG org.hibernate.SQL - 
    insert 
    into
        schedules
        (active, arrival_time, available_seats, bus_id, departure_time, fare, route_id) 
    values
        (?, ?, ?, ?, ?, ?, ?)
2026-09-09 20:19:45 [main] DEBUG org.hibernate.SQL - 
    insert 
    into
        schedules
        (active, arrival_time, available_seats, bus_id, departure_time, fare, route_id) 
    values
        (?, ?, ?, ?, ?, ?, ?)
2026-09-09 20:19:45 [main] DEBUG org.hibernate.SQL - 
    insert 
    into
        schedules
        (active, arrival_time, available_seats, bus_id, departure_time, fare, route_id) 
    values
        (?, ?, ?, ?, ?, ?, ?)
2026-09-09 20:19:45 [main] DEBUG org.hibernate.SQL - 
    insert 
    into
        schedules
        (active, arrival_time, available_seats, bus_id, departure_time, fare, route_id) 
    values
        (?, ?, ?, ?, ?, ?, ?)
2026-09-09 20:19:45 [main] DEBUG org.hibernate.SQL - 
    insert 
    into
        schedules
        (active, arrival_time, available_seats, bus_id, departure_time, fare, route_id) 
    values
        (?, ?, ?, ?, ?, ?, ?)
2026-09-09 20:19:45 [main] DEBUG org.hibernate.SQL - 
    insert 
    into
        schedules
        (active, arrival_time, available_seats, bus_id, departure_time, fare, route_id) 
    values
        (?, ?, ?, ?, ?, ?, ?)
2026-09-09 20:19:45 [main] DEBUG org.hibernate.SQL - 
    insert 
    into
        schedules
        (active, arrival_time, available_seats, bus_id, departure_time, fare, route_id) 
    values
        (?, ?, ?, ?, ?, ?, ?)
2026-09-09 20:19:45 [main] DEBUG org.hibernate.SQL - 
    insert 
    into
        schedules
        (active, arrival_time, available_seats, bus_id, departure_time, fare, route_id) 
    values
        (?, ?, ?, ?, ?, ?, ?)
2026-09-09 20:19:45 [main] DEBUG org.hibernate.SQL - 
    insert 
    into
        schedules
        (active, arrival_time, available_seats, bus_id, departure_time, fare, route_id) 
    values
        (?, ?, ?, ?, ?, ?, ?)
2026-09-09 20:19:45 [main] DEBUG org.hibernate.SQL - 
    insert 
    into
        schedules
        (active, arrival_time, available_seats, bus_id, departure_time, fare, route_id) 
    values
        (?, ?, ?, ?, ?, ?, ?)
2026-09-09 20:19:45 [main] DEBUG org.hibernate.SQL - 
    insert 
    into
        schedules
        (active, arrival_time, available_seats, bus_id, departure_time, fare, route_id) 
    values
        (?, ?, ?, ?, ?, ?, ?)
2026-09-09 20:19:45 [main] DEBUG org.hibernate.SQL - 
    insert 
    into
        schedules
        (active, arrival_time, available_seats, bus_id, departure_time, fare, route_id) 
    values
        (?, ?, ?, ?, ?, ?, ?)
2026-09-09 20:19:45 [main] DEBUG org.hibernate.SQL - 
    insert 
    into
        schedules
        (active, arrival_time, available_seats, bus_id, departure_time, fare, route_id) 
    values
        (?, ?, ?, ?, ?, ?, ?)
2026-09-09 20:19:45 [main] DEBUG org.hibernate.SQL - 
    insert 
    into
        schedules
        (active, arrival_time, available_seats, bus_id, departure_time, fare, route_id) 
    values
        (?, ?, ?, ?, ?, ?, ?)
2026-09-09 20:19:45 [main] DEBUG org.hibernate.SQL - 
    insert 
    into
        schedules
        (active, arrival_time, available_seats, bus_id, departure_time, fare, route_id) 
    values
        (?, ?, ?, ?, ?, ?, ?)
2026-09-09 20:19:45 [main] DEBUG org.hibernate.SQL - 
    insert 
    into
        schedules
        (active, arrival_time, available_seats, bus_id, departure_time, fare, route_id) 
    values
        (?, ?, ?, ?, ?, ?, ?)
2026-09-09 20:19:45 [main] DEBUG org.hibernate.SQL - 
    insert 
    into
        schedules
        (active, arrival_time, available_seats, bus_id, departure_time, fare, route_id) 
    values
        (?, ?, ?, ?, ?, ?, ?)
2026-09-09 20:19:45 [main] DEBUG org.hibernate.SQL - 
    insert 
    into
        schedules
        (active, arrival_time, available_seats, bus_id, departure_time, fare, route_id) 
    values
        (?, ?, ?, ?, ?, ?, ?)
2026-09-09 20:19:45 [main] DEBUG org.hibernate.SQL - 
    insert 
    into
        schedules
        (active, arrival_time, available_seats, bus_id, departure_time, fare, route_id) 
    values
        (?, ?, ?, ?, ?, ?, ?)
2026-09-09 20:19:45 [main] DEBUG org.hibernate.SQL - 
    insert 
    into
        schedules
        (active, arrival_time, available_seats, bus_id, departure_time, fare, route_id) 
    values
        (?, ?, ?, ?, ?, ?, ?)
2026-09-09 20:19:45 [main] DEBUG org.hibernate.SQL - 
    insert 
    into
        schedules
        (active, arrival_time, available_seats, bus_id, departure_time, fare, route_id) 
    values
        (?, ?, ?, ?, ?, ?, ?)
2026-09-09 20:19:45 [main] DEBUG org.hibernate.SQL - 
    insert 
    into
        schedules
        (active, arrival_time, available_seats, bus_id, departure_time, fare, route_id) 
    values
        (?, ?, ?, ?, ?, ?, ?)
2026-09-09 20:19:45 [main] DEBUG org.hibernate.SQL - 
    insert 
    into
        schedules
        (active, arrival_time, available_seats, bus_id, departure_time, fare, route_id) 
    values
        (?, ?, ?, ?, ?, ?, ?)
2026-09-09 20:19:45 [main] DEBUG org.hibernate.SQL - 
    insert 
    into
        schedules
        (active, arrival_time, available_seats, bus_id, departure_time, fare, route_id) 
    values
        (?, ?, ?, ?, ?, ?, ?)
2026-09-09 20:19:45 [main] DEBUG org.hibernate.SQL - 
    insert 
    into
        schedules
        (active, arrival_time, available_seats, bus_id, departure_time, fare, route_id) 
    values
        (?, ?, ?, ?, ?, ?, ?)
2026-09-09 20:19:45 [main] DEBUG org.hibernate.SQL - 
    insert 
    into
        schedules
        (active, arrival_time, available_seats, bus_id, departure_time, fare, route_id) 
    values
        (?, ?, ?, ?, ?, ?, ?)
2026-09-09 20:19:45 [main] DEBUG org.hibernate.SQL - 
    insert 
    into
        schedules
        (active, arrival_time, available_seats, bus_id, departure_time, fare, route_id) 
    values
        (?, ?, ?, ?, ?, ?, ?)
2026-09-09 20:19:45 [main] DEBUG org.hibernate.SQL - 
    insert 
    into
        schedules
        (active, arrival_time, available_seats, bus_id, departure_time, fare, route_id) 
    values
        (?, ?, ?, ?, ?, ?, ?)
2026-09-09 20:19:45 [main] DEBUG org.hibernate.SQL - 
    insert 
    into
        schedules
        (active, arrival_time, available_seats, bus_id, departure_time, fare, route_id) 
    values
        (?, ?, ?, ?, ?, ?, ?)
2026-09-09 20:19:45 [main] DEBUG org.hibernate.SQL - 
    insert 
    into
        schedules
        (active, arrival_time, available_seats, bus_id, departure_time, fare, route_id) 
    values
        (?, ?, ?, ?, ?, ?, ?)
2026-09-09 20:19:45 [main] DEBUG org.hibernate.SQL - 
    insert 
    into
        schedules
        (active, arrival_time, available_seats, bus_id, departure_time, fare, route_id) 
    values
        (?, ?, ?, ?, ?, ?, ?)
2026-09-09 20:19:45 [main] DEBUG org.hibernate.SQL - 
    insert 
    into
        schedules
        (active, arrival_time, available_seats, bus_id, departure_time, fare, route_id) 
    values
        (?, ?, ?, ?, ?, ?, ?)
2026-09-09 20:19:45 [main] DEBUG org.hibernate.SQL - 
    insert 
    into
        schedules
        (active, arrival_time, available_seats, bus_id, departure_time, fare, route_id) 
    values
        (?, ?, ?, ?, ?, ?, ?)
2026-09-09 20:19:45 [main] DEBUG org.hibernate.SQL - 
    insert 
    into
        schedules
        (active, arrival_time, available_seats, bus_id, departure_time, fare, route_id) 
    values
        (?, ?, ?, ?, ?, ?, ?)
2026-09-09 20:19:45 [main] DEBUG org.hibernate.SQL - 
    insert 
    into
        schedules
        (active, arrival_time, available_seats, bus_id, departure_time, fare, route_id) 
    values
        (?, ?, ?, ?, ?, ?, ?)
2026-09-09 20:19:45 [main] DEBUG org.hibernate.SQL - 
    insert 
    into
        schedules
        (active, arrival_time, available_seats, bus_id, departure_time, fare, route_id) 
    values
        (?, ?, ?, ?, ?, ?, ?)
2026-09-09 20:19:45 [main] DEBUG org.hibernate.SQL - 
    insert 
    into
        schedules
        (active, arrival_time, available_seats, bus_id, departure_time, fare, route_id) 
    values
        (?, ?, ?, ?, ?, ?, ?)
2026-09-09 20:19:45 [main] DEBUG org.hibernate.SQL - 
    insert 
    into
        schedules
        (active, arrival_time, available_seats, bus_id, departure_time, fare, route_id) 
    values
        (?, ?, ?, ?, ?, ?, ?)
2026-09-09 20:19:45 [main] DEBUG org.hibernate.SQL - 
    insert 
    into
        schedules
        (active, arrival_time, available_seats, bus_id, departure_time, fare, route_id) 
    values
        (?, ?, ?, ?, ?, ?, ?)
2026-09-09 20:19:45 [main] DEBUG org.hibernate.SQL - 
    insert 
    into
        schedules
        (active, arrival_time, available_seats, bus_id, departure_time, fare, route_id) 
    values
        (?, ?, ?, ?, ?, ?, ?)
2026-09-09 20:19:45 [main] DEBUG org.hibernate.SQL - 
    insert 
    into
        schedules
        (active, arrival_time, available_seats, bus_id, departure_time, fare, route_id) 
    values
        (?, ?, ?, ?, ?, ?, ?)
2026-09-09 20:19:45 [main] DEBUG org.hibernate.SQL - 
    insert 
    into
        schedules
        (active, arrival_time, available_seats, bus_id, departure_time, fare, route_id) 
    values
        (?, ?, ?, ?, ?, ?, ?)
2026-09-09 20:19:45 [main] DEBUG org.hibernate.SQL - 
    insert 
    into
        schedules
        (active, arrival_time, available_seats, bus_id, departure_time, fare, route_id) 
    values
        (?, ?, ?, ?, ?, ?, ?)
2026-09-09 20:19:45 [main] DEBUG org.hibernate.SQL - 
    insert 
    into
        schedules
        (active, arrival_time, available_seats, bus_id, departure_time, fare, route_id) 
    values
        (?, ?, ?, ?, ?, ?, ?)
2026-09-09 20:19:45 [main] DEBUG org.hibernate.SQL - 
    insert 
    into
        schedules
        (active, arrival_time, available_seats, bus_id, departure_time, fare, route_id) 
    values
        (?, ?, ?, ?, ?, ?, ?)
2026-09-09 20:19:45 [main] DEBUG org.hibernate.SQL - 
    insert 
    into
        schedules
        (active, arrival_time, available_seats, bus_id, departure_time, fare, route_id) 
    values
        (?, ?, ?, ?, ?, ?, ?)
2026-09-09 20:19:45 [main] DEBUG org.hibernate.SQL - 
    insert 
    into
        schedules
        (active, arrival_time, available_seats, bus_id, departure_time, fare, route_id) 
    values
        (?, ?, ?, ?, ?, ?, ?)
2026-09-09 20:19:45 [main] DEBUG org.hibernate.SQL - 
    insert 
    into
        schedules
        (active, arrival_time, available_seats, bus_id, departure_time, fare, route_id) 
    values
        (?, ?, ?, ?, ?, ?, ?)
2026-09-09 20:19:45 [main] DEBUG org.hibernate.SQL - 
    insert 
    into
        schedules
        (active, arrival_time, available_seats, bus_id, departure_time, fare, route_id) 
    values
        (?, ?, ?, ?, ?, ?, ?)
2026-09-09 20:19:45 [main] DEBUG org.hibernate.SQL - 
    insert 
    into
        schedules
        (active, arrival_time, available_seats, bus_id, departure_time, fare, route_id) 
    values
        (?, ?, ?, ?, ?, ?, ?)
2026-09-09 20:19:45 [main] DEBUG org.hibernate.SQL - 
    insert 
    into
        schedules
        (active, arrival_time, available_seats, bus_id, departure_time, fare, route_id) 
    values
        (?, ?, ?, ?, ?, ?, ?)
2026-09-09 20:19:45 [main] INFO  B.ijse.DataInitializer - Seeded schedules for today + 7 days
2026-09-09 20:19:45 [main] INFO  B.ijse.DataInitializer - === Data Initialization Complete ===
2026-09-09 20:25:21 [background-preinit] INFO  o.h.validator.internal.util.Version - HV000001: Hibernate Validator 8.0.1.Final
2026-09-09 20:25:21 [main] INFO  B.ijse.IjseApplication - Starting IjseApplication using Java 21.0.11 with PID 11176 (C:\Users\Dinesh\Downloads\ijse\ijse\target\classes started by Dinesh in C:\Users\Dinesh\Downloads\ijse\ijse)
2026-09-09 20:25:21 [main] DEBUG B.ijse.IjseApplication - Running with Spring Boot v3.3.5, Spring v6.1.14
2026-09-09 20:25:21 [main] INFO  B.ijse.IjseApplication - No active profile set, falling back to 1 default profile: "default"
2026-09-09 20:25:23 [main] INFO  o.s.d.r.c.RepositoryConfigurationDelegate - Bootstrapping Spring Data JPA repositories in DEFAULT mode.
2026-09-09 20:25:23 [main] INFO  o.s.d.r.c.RepositoryConfigurationDelegate - Finished Spring Data repository scanning in 159 ms. Found 16 JPA repository interfaces.
2026-09-09 20:25:24 [main] INFO  o.s.b.w.e.tomcat.TomcatWebServer - Tomcat initialized with port 8080 (http)
2026-09-09 20:25:24 [main] INFO  o.a.coyote.http11.Http11NioProtocol - Initializing ProtocolHandler ["http-nio-8080"]
2026-09-09 20:25:24 [main] INFO  o.a.catalina.core.StandardService - Starting service [Tomcat]
2026-09-09 20:25:24 [main] INFO  o.a.catalina.core.StandardEngine - Starting Servlet engine: [Apache Tomcat/10.1.31]
2026-09-09 20:25:24 [main] INFO  o.a.c.c.C.[Tomcat].[localhost].[/] - Initializing Spring embedded WebApplicationContext
2026-09-09 20:25:24 [main] INFO  o.s.b.w.s.c.ServletWebServerApplicationContext - Root WebApplicationContext: initialization completed in 2787 ms
2026-09-09 20:25:24 [main] INFO  o.h.jpa.internal.util.LogHelper - HHH000204: Processing PersistenceUnitInfo [name: default]
2026-09-09 20:25:24 [main] INFO  org.hibernate.Version - HHH000412: Hibernate ORM core version 6.5.3.Final
2026-09-09 20:25:24 [main] INFO  o.h.c.i.RegionFactoryInitiator - HHH000026: Second-level cache disabled
2026-09-09 20:25:25 [main] INFO  o.s.o.j.p.SpringPersistenceUnitInfo - No LoadTimeWeaver setup: ignoring JPA class transformer
2026-09-09 20:25:25 [main] INFO  com.zaxxer.hikari.HikariDataSource - HikariPool-1 - Starting...
2026-09-09 20:25:25 [main] INFO  com.zaxxer.hikari.pool.HikariPool - HikariPool-1 - Added connection com.mysql.cj.jdbc.ConnectionImpl@515c732d
2026-09-09 20:25:25 [main] INFO  com.zaxxer.hikari.HikariDataSource - HikariPool-1 - Start completed.
2026-09-09 20:25:25 [main] WARN  org.hibernate.orm.deprecation - HHH90000025: MySQLDialect does not need to be specified explicitly using 'hibernate.dialect' (remove the property setting and it will be selected by default)
2026-09-09 20:25:28 [main] INFO  o.h.e.t.j.p.i.JtaPlatformInitiator - HHH000489: No JTA platform available (set 'hibernate.transaction.jta.platform' to enable JTA platform integration)
2026-09-09 20:25:28 [main] DEBUG org.hibernate.SQL - 
    alter table bookings 
       modify column status enum ('CANCELLED','COMPLETED','CONFIRMED','NO_SHOW','PENDING') not null
2026-09-09 20:25:28 [main] DEBUG org.hibernate.SQL - 
    alter table bus_seats 
       modify column seat_type enum ('AISLE','LOWER_BERTH','MIDDLE','UPPER_BERTH','WINDOW') not null
2026-09-09 20:25:28 [main] DEBUG org.hibernate.SQL - 
    alter table buses 
       modify column bus_type enum ('AC_SEATER','AC_SLEEPER','LUXURY','MINI','NON_AC_SEATER','NON_AC_SLEEPER') not null
2026-09-09 20:25:28 [main] DEBUG org.hibernate.SQL - 
    alter table cancellations 
       modify column status enum ('APPROVED','REFUND_COMPLETED','REFUND_INITIATED','REJECTED','REQUESTED') not null
2026-09-09 20:25:28 [main] DEBUG org.hibernate.SQL - 
    alter table notifications 
       modify column type enum ('BOOKING_CANCELLED','BOOKING_CONFIRMED','GENERAL','PAYMENT_FAILED','PAYMENT_SUCCESS','REFUND_INITIATED','SCHEDULE_CHANGE') not null
2026-09-09 20:25:28 [main] DEBUG org.hibernate.SQL - 
    alter table payments 
       modify column method enum ('CASH','CREDIT_CARD','DEBIT_CARD','NET_BANKING','UPI','WALLET') not null
2026-09-09 20:25:28 [main] DEBUG org.hibernate.SQL - 
    alter table payments 
       modify column status enum ('FAILED','PARTIALLY_REFUNDED','PENDING','REFUNDED','SUCCESS') not null
2026-09-09 20:25:28 [main] DEBUG org.hibernate.SQL - 
    alter table roles 
       modify column name enum ('ROLE_ADMIN','ROLE_GUEST','ROLE_USER') not null
2026-09-09 20:25:28 [main] INFO  o.s.o.j.LocalContainerEntityManagerFactoryBean - Initialized JPA EntityManagerFactory for persistence unit 'default'
2026-09-09 20:25:29 [main] DEBUG B.i.security.JwtAuthenticationFilter - Filter 'jwtAuthenticationFilter' configured for use
2026-09-09 20:25:29 [main] INFO  o.s.s.c.a.a.c.InitializeAuthenticationProviderBeanManagerConfigurer$InitializeAuthenticationProviderManagerConfigurer - Global AuthenticationManager configured with AuthenticationProvider bean with name authenticationProvider
2026-09-09 20:25:29 [main] WARN  o.s.s.c.a.a.c.InitializeUserDetailsBeanManagerConfigurer$InitializeUserDetailsManagerConfigurer - Global AuthenticationManager configured with an AuthenticationProvider bean. UserDetailsService beans will not be used for username/password login. Consider removing the AuthenticationProvider bean. Alternatively, consider using the UserDetailsService in a manually instantiated DaoAuthenticationProvider.
2026-09-09 20:25:29 [main] INFO  o.s.d.j.r.query.QueryEnhancerFactory - Hibernate is in classpath; If applicable, HQL parser will be used.
2026-09-09 20:25:31 [main] INFO  o.s.b.a.w.s.WelcomePageHandlerMapping - Adding welcome page: class path resource [static/index.html]
2026-09-09 20:25:32 [main] INFO  o.a.coyote.http11.Http11NioProtocol - Starting ProtocolHandler ["http-nio-8080"]
2026-09-09 20:25:32 [main] INFO  o.s.b.w.e.tomcat.TomcatWebServer - Tomcat started on port 8080 (http) with context path '/'
2026-09-09 20:25:32 [main] INFO  B.ijse.IjseApplication - Started IjseApplication in 12.622 seconds (process running for 13.261)
2026-09-09 20:25:32 [main] INFO  B.ijse.DataInitializer - === GoBus API – Data Initialization ===
2026-09-09 20:25:33 [main] DEBUG org.hibernate.SQL - 
    select
        r1_0.id,
        r1_0.name 
    from
        roles r1_0 
    where
        r1_0.name=?
2026-09-09 20:25:33 [main] DEBUG org.hibernate.SQL - 
    select
        r1_0.id,
        r1_0.name 
    from
        roles r1_0 
    where
        r1_0.name=?
2026-09-09 20:25:33 [main] DEBUG org.hibernate.SQL - 
    select
        r1_0.id,
        r1_0.name 
    from
        roles r1_0 
    where
        r1_0.name=?
2026-09-09 20:25:33 [main] DEBUG org.hibernate.SQL - 
    select
        u1_0.id 
    from
        users u1_0 
    where
        u1_0.username=? 
    limit
        ?
2026-09-09 20:25:33 [main] DEBUG org.hibernate.SQL - 
    select
        u1_0.id 
    from
        users u1_0 
    where
        u1_0.username=? 
    limit
        ?
2026-09-09 20:25:33 [main] DEBUG org.hibernate.SQL - 
    select
        r1_0.id,
        r1_0.active,
        r1_0.base_fare,
        r1_0.destination,
        r1_0.distance_km,
        r1_0.duration_minutes,
        r1_0.source 
    from
        routes r1_0 
    where
        upper(r1_0.source)=upper(?) 
        and upper(r1_0.destination)=upper(?)
2026-09-09 20:25:33 [main] DEBUG org.hibernate.SQL - 
    select
        r1_0.id,
        r1_0.active,
        r1_0.base_fare,
        r1_0.destination,
        r1_0.distance_km,
        r1_0.duration_minutes,
        r1_0.source 
    from
        routes r1_0 
    where
        upper(r1_0.source)=upper(?) 
        and upper(r1_0.destination)=upper(?)
2026-09-09 20:25:33 [main] DEBUG org.hibernate.SQL - 
    select
        r1_0.id,
        r1_0.active,
        r1_0.base_fare,
        r1_0.destination,
        r1_0.distance_km,
        r1_0.duration_minutes,
        r1_0.source 
    from
        routes r1_0 
    where
        upper(r1_0.source)=upper(?) 
        and upper(r1_0.destination)=upper(?)
2026-09-09 20:25:33 [main] DEBUG org.hibernate.SQL - 
    select
        r1_0.id,
        r1_0.active,
        r1_0.base_fare,
        r1_0.destination,
        r1_0.distance_km,
        r1_0.duration_minutes,
        r1_0.source 
    from
        routes r1_0 
    where
        upper(r1_0.source)=upper(?) 
        and upper(r1_0.destination)=upper(?)
2026-09-09 20:25:33 [main] DEBUG org.hibernate.SQL - 
    select
        r1_0.id,
        r1_0.active,
        r1_0.base_fare,
        r1_0.destination,
        r1_0.distance_km,
        r1_0.duration_minutes,
        r1_0.source 
    from
        routes r1_0 
    where
        upper(r1_0.source)=upper(?) 
        and upper(r1_0.destination)=upper(?)
2026-09-09 20:25:33 [main] DEBUG org.hibernate.SQL - 
    select
        r1_0.id,
        r1_0.active,
        r1_0.base_fare,
        r1_0.destination,
        r1_0.distance_km,
        r1_0.duration_minutes,
        r1_0.source 
    from
        routes r1_0 
    where
        upper(r1_0.source)=upper(?) 
        and upper(r1_0.destination)=upper(?)
2026-09-09 20:25:33 [main] DEBUG org.hibernate.SQL - 
    select
        r1_0.id,
        r1_0.active,
        r1_0.base_fare,
        r1_0.destination,
        r1_0.distance_km,
        r1_0.duration_minutes,
        r1_0.source 
    from
        routes r1_0 
    where
        upper(r1_0.source)=upper(?) 
        and upper(r1_0.destination)=upper(?)
2026-09-09 20:25:33 [main] DEBUG org.hibernate.SQL - 
    select
        r1_0.id,
        r1_0.active,
        r1_0.base_fare,
        r1_0.destination,
        r1_0.distance_km,
        r1_0.duration_minutes,
        r1_0.source 
    from
        routes r1_0 
    where
        upper(r1_0.source)=upper(?) 
        and upper(r1_0.destination)=upper(?)
2026-09-09 20:25:33 [main] INFO  B.ijse.DataInitializer - Ensured 8 routes exist
2026-09-09 20:25:33 [main] DEBUG org.hibernate.SQL - 
    select
        b1_0.id,
        b1_0.is_active,
        b1_0.bus_name,
        b1_0.bus_number,
        b1_0.bus_type,
        b1_0.total_seats 
    from
        buses b1_0 
    where
        b1_0.bus_number=?
2026-09-09 20:25:33 [main] DEBUG org.hibernate.SQL - 
    select
        b1_0.id,
        b1_0.is_active,
        b1_0.bus_name,
        b1_0.bus_number,
        b1_0.bus_type,
        b1_0.total_seats 
    from
        buses b1_0 
    where
        b1_0.bus_number=?
2026-09-09 20:25:33 [main] DEBUG org.hibernate.SQL - 
    select
        b1_0.id,
        b1_0.is_active,
        b1_0.bus_name,
        b1_0.bus_number,
        b1_0.bus_type,
        b1_0.total_seats 
    from
        buses b1_0 
    where
        b1_0.bus_number=?
2026-09-09 20:25:33 [main] DEBUG org.hibernate.SQL - 
    select
        b1_0.id,
        b1_0.is_active,
        b1_0.bus_name,
        b1_0.bus_number,
        b1_0.bus_type,
        b1_0.total_seats 
    from
        buses b1_0 
    where
        b1_0.bus_number=?
2026-09-09 20:25:33 [main] DEBUG org.hibernate.SQL - 
    select
        b1_0.id,
        b1_0.is_active,
        b1_0.bus_name,
        b1_0.bus_number,
        b1_0.bus_type,
        b1_0.total_seats 
    from
        buses b1_0 
    where
        b1_0.bus_number=?
2026-09-09 20:25:33 [main] INFO  B.ijse.DataInitializer - Ensured 5 buses with seats exist
2026-09-09 20:25:33 [main] DEBUG org.hibernate.SQL - 
    select
        count(*) 
    from
        schedules s1_0
2026-09-09 20:25:33 [main] DEBUG org.hibernate.SQL - 
    select
        s1_0.id,
        s1_0.active,
        s1_0.arrival_time,
        s1_0.available_seats,
        s1_0.bus_id,
        s1_0.departure_time,
        s1_0.fare,
        s1_0.route_id 
    from
        schedules s1_0 
    where
        s1_0.active=1 
        and s1_0.available_seats>0 
    order by
        s1_0.departure_time
2026-09-09 20:25:33 [main] INFO  B.ijse.DataInitializer - === Data Initialization Complete ===
2026-09-09 20:25:54 [http-nio-8080-exec-1] INFO  o.a.c.c.C.[Tomcat].[localhost].[/] - Initializing Spring DispatcherServlet 'dispatcherServlet'
2026-09-09 20:25:54 [http-nio-8080-exec-1] INFO  o.s.web.servlet.DispatcherServlet - Initializing Servlet 'dispatcherServlet'
2026-09-09 20:25:54 [http-nio-8080-exec-1] INFO  o.s.web.servlet.DispatcherServlet - Completed initialization in 3 ms
2026-09-09 20:25:55 [http-nio-8080-exec-1] DEBUG org.hibernate.SQL - 
    select
        r1_0.id,
        r1_0.active,
        r1_0.base_fare,
        r1_0.destination,
        r1_0.distance_km,
        r1_0.duration_minutes,
        r1_0.source 
    from
        routes r1_0 
    where
        r1_0.active
2026-09-09 20:25:55 [http-nio-8080-exec-1] DEBUG org.hibernate.SQL - 
    select
        avg(r1_0.rating) 
    from
        reviews r1_0 
    where
        r1_0.route_id=?
2026-09-09 20:25:55 [http-nio-8080-exec-1] DEBUG org.hibernate.SQL - 
    select
        avg(r1_0.rating) 
    from
        reviews r1_0 
    where
        r1_0.route_id=?
2026-09-09 20:25:55 [http-nio-8080-exec-1] DEBUG org.hibernate.SQL - 
    select
        avg(r1_0.rating) 
    from
        reviews r1_0 
    where
        r1_0.route_id=?
2026-09-09 20:25:55 [http-nio-8080-exec-1] DEBUG org.hibernate.SQL - 
    select
        avg(r1_0.rating) 
    from
        reviews r1_0 
    where
        r1_0.route_id=?
2026-09-09 20:25:55 [http-nio-8080-exec-1] DEBUG org.hibernate.SQL - 
    select
        avg(r1_0.rating) 
    from
        reviews r1_0 
    where
        r1_0.route_id=?
2026-09-09 20:25:55 [http-nio-8080-exec-1] DEBUG org.hibernate.SQL - 
    select
        avg(r1_0.rating) 
    from
        reviews r1_0 
    where
        r1_0.route_id=?
2026-09-09 20:25:55 [http-nio-8080-exec-1] DEBUG org.hibernate.SQL - 
    select
        avg(r1_0.rating) 
    from
        reviews r1_0 
    where
        r1_0.route_id=?
2026-09-09 20:25:55 [http-nio-8080-exec-1] DEBUG org.hibernate.SQL - 
    select
        avg(r1_0.rating) 
    from
        reviews r1_0 
    where
        r1_0.route_id=?
2026-09-09 20:25:55 [http-nio-8080-exec-2] DEBUG org.hibernate.SQL - 
    select
        s1_0.id,
        s1_0.active,
        s1_0.arrival_time,
        s1_0.available_seats,
        s1_0.bus_id,
        s1_0.departure_time,
        s1_0.fare,
        s1_0.route_id 
    from
        schedules s1_0 
    where
        s1_0.active=1 
        and s1_0.available_seats>0 
    order by
        s1_0.departure_time
2026-09-09 20:25:55 [http-nio-8080-exec-2] DEBUG org.hibernate.SQL - 
    select
        r1_0.id,
        r1_0.active,
        r1_0.base_fare,
        r1_0.destination,
        r1_0.distance_km,
        r1_0.duration_minutes,
        r1_0.source 
    from
        routes r1_0 
    where
        r1_0.id=?
2026-09-09 20:25:55 [http-nio-8080-exec-2] DEBUG org.hibernate.SQL - 
    select
        b1_0.id,
        b1_0.is_active,
        b1_0.bus_name,
        b1_0.bus_number,
        b1_0.bus_type,
        b1_0.total_seats 
    from
        buses b1_0 
    where
        b1_0.id=?
2026-09-09 20:25:55 [http-nio-8080-exec-2] DEBUG org.hibernate.SQL - 
    select
        r1_0.id,
        r1_0.active,
        r1_0.base_fare,
        r1_0.destination,
        r1_0.distance_km,
        r1_0.duration_minutes,
        r1_0.source 
    from
        routes r1_0 
    where
        r1_0.id=?
2026-09-09 20:25:55 [http-nio-8080-exec-2] DEBUG org.hibernate.SQL - 
    select
        b1_0.id,
        b1_0.is_active,
        b1_0.bus_name,
        b1_0.bus_number,
        b1_0.bus_type,
        b1_0.total_seats 
    from
        buses b1_0 
    where
        b1_0.id=?
2026-09-09 20:25:55 [http-nio-8080-exec-2] DEBUG org.hibernate.SQL - 
    select
        r1_0.id,
        r1_0.active,
        r1_0.base_fare,
        r1_0.destination,
        r1_0.distance_km,
        r1_0.duration_minutes,
        r1_0.source 
    from
        routes r1_0 
    where
        r1_0.id=?
2026-09-09 20:25:55 [http-nio-8080-exec-2] DEBUG org.hibernate.SQL - 
    select
        r1_0.id,
        r1_0.active,
        r1_0.base_fare,
        r1_0.destination,
        r1_0.distance_km,
        r1_0.duration_minutes,
        r1_0.source 
    from
        routes r1_0 
    where
        r1_0.id=?
2026-09-09 20:25:55 [http-nio-8080-exec-2] DEBUG org.hibernate.SQL - 
    select
        b1_0.id,
        b1_0.is_active,
        b1_0.bus_name,
        b1_0.bus_number,
        b1_0.bus_type,
        b1_0.total_seats 
    from
        buses b1_0 
    where
        b1_0.id=?
2026-09-09 20:25:55 [http-nio-8080-exec-2] DEBUG org.hibernate.SQL - 
    select
        r1_0.id,
        r1_0.active,
        r1_0.base_fare,
        r1_0.destination,
        r1_0.distance_km,
        r1_0.duration_minutes,
        r1_0.source 
    from
        routes r1_0 
    where
        r1_0.id=?
2026-09-09 20:25:55 [http-nio-8080-exec-2] DEBUG org.hibernate.SQL - 
    select
        b1_0.id,
        b1_0.is_active,
        b1_0.bus_name,
        b1_0.bus_number,
        b1_0.bus_type,
        b1_0.total_seats 
    from
        buses b1_0 
    where
        b1_0.id=?
2026-09-09 20:25:55 [http-nio-8080-exec-2] DEBUG org.hibernate.SQL - 
    select
        r1_0.id,
        r1_0.active,
        r1_0.base_fare,
        r1_0.destination,
        r1_0.distance_km,
        r1_0.duration_minutes,
        r1_0.source 
    from
        routes r1_0 
    where
        r1_0.id=?
2026-09-09 20:25:55 [http-nio-8080-exec-2] DEBUG org.hibernate.SQL - 
    select
        b1_0.id,
        b1_0.is_active,
        b1_0.bus_name,
        b1_0.bus_number,
        b1_0.bus_type,
        b1_0.total_seats 
    from
        buses b1_0 
    where
        b1_0.id=?
2026-09-09 20:25:55 [http-nio-8080-exec-2] DEBUG org.hibernate.SQL - 
    select
        r1_0.id,
        r1_0.active,
        r1_0.base_fare,
        r1_0.destination,
        r1_0.distance_km,
        r1_0.duration_minutes,
        r1_0.source 
    from
        routes r1_0 
    where
        r1_0.id=?
2026-09-09 20:25:55 [http-nio-8080-exec-2] DEBUG org.hibernate.SQL - 
    select
        r1_0.id,
        r1_0.active,
        r1_0.base_fare,
        r1_0.destination,
        r1_0.distance_km,
        r1_0.duration_minutes,
        r1_0.source 
    from
        routes r1_0 
    where
        r1_0.id=?
2026-09-09 20:25:55 [http-nio-8080-exec-3] DEBUG org.hibernate.SQL - 
    select
        s1_0.id,
        s1_0.active,
        s1_0.arrival_time,
        s1_0.available_seats,
        s1_0.bus_id,
        s1_0.departure_time,
        s1_0.fare,
        s1_0.route_id 
    from
        schedules s1_0 
    where
        s1_0.id=?
2026-09-09 20:25:55 [http-nio-8080-exec-3] DEBUG org.hibernate.SQL - 
    select
        bs1_0.id,
        bs1_0.is_available,
        bs1_0.bus_id,
        bs1_0.seat_number,
        bs1_0.seat_type 
    from
        bus_seats bs1_0 
    where
        bs1_0.bus_id=?
2026-09-09 20:25:55 [http-nio-8080-exec-3] DEBUG org.hibernate.SQL - 
    select
        bs1_0.id,
        bs1_0.booking_id,
        bs1_0.bus_seat_id 
    from
        booking_seats bs1_0 
    left join
        bookings b1_0 
            on b1_0.id=bs1_0.booking_id 
    where
        b1_0.schedule_id=?
2026-09-09 20:25:55 [http-nio-8080-exec-4] INFO  B.ijse.Controller.AuthController - Login request for: admin
2026-09-09 20:25:56 [http-nio-8080-exec-4] DEBUG org.hibernate.SQL - 
    select
        u1_0.id,
        u1_0.email,
        u1_0.enabled,
        u1_0.full_name,
        u1_0.password,
        u1_0.phone,
        u1_0.username 
    from
        users u1_0 
    where
        u1_0.username=?
2026-09-09 20:25:56 [http-nio-8080-exec-4] DEBUG org.hibernate.SQL - 
    select
        r1_0.user_id,
        r1_1.id,
        r1_1.name 
    from
        user_roles r1_0 
    join
        roles r1_1 
            on r1_1.id=r1_0.role_id 
    where
        r1_0.user_id=?
2026-09-09 20:25:56 [http-nio-8080-exec-4] DEBUG B.i.security.UserDetailsServiceImpl - Loaded user: admin with roles: [Bus_Ticket_booking.ijse.entity.Role@40, Bus_Ticket_booking.ijse.entity.Role@3f]
2026-09-09 20:25:57 [http-nio-8080-exec-4] INFO  B.ijse.Service.AuthService - User logged in: admin
2026-09-09 20:25:57 [http-nio-8080-exec-6] INFO  B.ijse.Controller.AuthController - Login request for: testuser
2026-09-09 20:25:57 [http-nio-8080-exec-6] DEBUG org.hibernate.SQL - 
    select
        u1_0.id,
        u1_0.email,
        u1_0.enabled,
        u1_0.full_name,
        u1_0.password,
        u1_0.phone,
        u1_0.username 
    from
        users u1_0 
    where
        u1_0.username=?
2026-09-09 20:25:57 [http-nio-8080-exec-6] DEBUG org.hibernate.SQL - 
    select
        r1_0.user_id,
        r1_1.id,
        r1_1.name 
    from
        user_roles r1_0 
    join
        roles r1_1 
            on r1_1.id=r1_0.role_id 
    where
        r1_0.user_id=?
2026-09-09 20:25:57 [http-nio-8080-exec-6] DEBUG B.i.security.UserDetailsServiceImpl - Loaded user: testuser with roles: [Bus_Ticket_booking.ijse.entity.Role@40]
2026-09-09 20:25:57 [http-nio-8080-exec-6] INFO  B.ijse.Service.AuthService - User logged in: testuser
2026-09-09 20:25:57 [http-nio-8080-exec-5] DEBUG org.hibernate.SQL - 
    select
        s1_0.id,
        s1_0.active,
        s1_0.arrival_time,
        s1_0.available_seats,
        s1_0.bus_id,
        s1_0.departure_time,
        s1_0.fare,
        s1_0.route_id 
    from
        schedules s1_0 
    where
        s1_0.id=?
2026-09-09 20:25:57 [http-nio-8080-exec-5] DEBUG org.hibernate.SQL - 
    select
        bs1_0.id,
        bs1_0.is_available,
        bs1_0.bus_id,
        bs1_0.seat_number,
        bs1_0.seat_type 
    from
        bus_seats bs1_0 
    where
        bs1_0.bus_id=?
2026-09-09 20:25:57 [http-nio-8080-exec-5] DEBUG org.hibernate.SQL - 
    select
        bs1_0.id,
        bs1_0.booking_id,
        bs1_0.bus_seat_id 
    from
        booking_seats bs1_0 
    left join
        bookings b1_0 
            on b1_0.id=bs1_0.booking_id 
    where
        b1_0.schedule_id=?
2026-09-09 20:25:58 [http-nio-8080-exec-7] DEBUG org.hibernate.SQL - 
    select
        u1_0.id,
        u1_0.email,
        u1_0.enabled,
        u1_0.full_name,
        u1_0.password,
        u1_0.phone,
        u1_0.username 
    from
        users u1_0 
    where
        u1_0.username=?
2026-09-09 20:25:58 [http-nio-8080-exec-7] DEBUG org.hibernate.SQL - 
    select
        r1_0.user_id,
        r1_1.id,
        r1_1.name 
    from
        user_roles r1_0 
    join
        roles r1_1 
            on r1_1.id=r1_0.role_id 
    where
        r1_0.user_id=?
2026-09-09 20:25:58 [http-nio-8080-exec-7] DEBUG B.i.security.UserDetailsServiceImpl - Loaded user: testuser with roles: [Bus_Ticket_booking.ijse.entity.Role@40]
2026-09-09 20:25:58 [http-nio-8080-exec-7] DEBUG B.i.security.JwtAuthenticationFilter - Authenticated user: testuser, URI: /api/v1/bookings
2026-09-09 20:25:58 [http-nio-8080-exec-7] DEBUG org.hibernate.SQL - 
    select
        u1_0.id,
        u1_0.email,
        u1_0.enabled,
        u1_0.full_name,
        u1_0.password,
        u1_0.phone,
        u1_0.username 
    from
        users u1_0 
    where
        u1_0.username=?
2026-09-09 20:25:58 [http-nio-8080-exec-7] DEBUG org.hibernate.SQL - 
    select
        r1_0.user_id,
        r1_1.id,
        r1_1.name 
    from
        user_roles r1_0 
    join
        roles r1_1 
            on r1_1.id=r1_0.role_id 
    where
        r1_0.user_id=?
2026-09-09 20:25:58 [http-nio-8080-exec-7] DEBUG org.hibernate.SQL - 
    select
        s1_0.id,
        s1_0.active,
        s1_0.arrival_time,
        s1_0.available_seats,
        s1_0.bus_id,
        s1_0.departure_time,
        s1_0.fare,
        s1_0.route_id 
    from
        schedules s1_0 
    where
        s1_0.id=?
2026-09-09 20:25:58 [http-nio-8080-exec-7] DEBUG org.hibernate.SQL - 
    select
        bs1_0.id 
    from
        booking_seats bs1_0 
    left join
        bookings b1_0 
            on b1_0.id=bs1_0.booking_id 
    where
        bs1_0.bus_seat_id=? 
        and b1_0.schedule_id=? 
    limit
        ?
2026-09-09 20:25:58 [http-nio-8080-exec-7] DEBUG org.hibernate.SQL - 
    insert 
    into
        passengers
        (age, first_name, gender, last_name, nic, phone) 
    values
        (?, ?, ?, ?, ?, ?)
2026-09-09 20:25:58 [http-nio-8080-exec-7] DEBUG org.hibernate.SQL - 
    insert 
    into
        bookings
        (booking_date, passenger_id, schedule_id, status, total_amount, user_id) 
    values
        (?, ?, ?, ?, ?, ?)
2026-09-09 20:25:58 [http-nio-8080-exec-7] DEBUG org.hibernate.SQL - 
    select
        bs1_0.id,
        bs1_0.is_available,
        bs1_0.bus_id,
        bs1_0.seat_number,
        bs1_0.seat_type 
    from
        bus_seats bs1_0 
    where
        bs1_0.id in (?)
2026-09-09 20:25:58 [http-nio-8080-exec-7] DEBUG org.hibernate.SQL - 
    insert 
    into
        booking_seats
        (booking_id, bus_seat_id) 
    values
        (?, ?)
2026-09-09 20:25:58 [http-nio-8080-exec-7] DEBUG org.hibernate.SQL - 
    select
        r1_0.id,
        r1_0.active,
        r1_0.base_fare,
        r1_0.destination,
        r1_0.distance_km,
        r1_0.duration_minutes,
        r1_0.source 
    from
        routes r1_0 
    where
        r1_0.id=?
2026-09-09 20:25:58 [http-nio-8080-exec-7] DEBUG org.hibernate.SQL - 
    insert 
    into
        notifications
        (created_at, message, is_read, type, user_id) 
    values
        (?, ?, ?, ?, ?)
2026-09-09 20:25:58 [http-nio-8080-exec-7] DEBUG B.ijse.Service.NotificationService - Notification sent to testuser: Booking #1 confirmed! Colombo → Jaffna on 2026-09-09T05:00. Amount: 2450.00
2026-09-09 20:25:58 [http-nio-8080-exec-7] INFO  B.ijse.Service.BookingService - Booking 1 created for user: testuser
2026-09-09 20:25:58 [http-nio-8080-exec-7] DEBUG org.hibernate.SQL - 
    update
        schedules 
    set
        active=?,
        arrival_time=?,
        available_seats=?,
        bus_id=?,
        departure_time=?,
        fare=?,
        route_id=? 
    where
        id=?
2026-09-09 20:25:58 [http-nio-8080-exec-8] DEBUG org.hibernate.SQL - 
    select
        u1_0.id,
        u1_0.email,
        u1_0.enabled,
        u1_0.full_name,
        u1_0.password,
        u1_0.phone,
        u1_0.username 
    from
        users u1_0 
    where
        u1_0.username=?
2026-09-09 20:25:58 [http-nio-8080-exec-8] DEBUG org.hibernate.SQL - 
    select
        r1_0.user_id,
        r1_1.id,
        r1_1.name 
    from
        user_roles r1_0 
    join
        roles r1_1 
            on r1_1.id=r1_0.role_id 
    where
        r1_0.user_id=?
2026-09-09 20:25:58 [http-nio-8080-exec-8] DEBUG B.i.security.UserDetailsServiceImpl - Loaded user: testuser with roles: [Bus_Ticket_booking.ijse.entity.Role@40]
2026-09-09 20:25:58 [http-nio-8080-exec-8] DEBUG B.i.security.JwtAuthenticationFilter - Authenticated user: testuser, URI: /api/v1/payments
2026-09-09 20:25:58 [http-nio-8080-exec-8] DEBUG org.hibernate.SQL - 
    select
        b1_0.id,
        b1_0.booking_date,
        b1_0.passenger_id,
        b1_0.schedule_id,
        b1_0.status,
        b1_0.total_amount,
        b1_0.user_id 
    from
        bookings b1_0 
    where
        b1_0.id=?
2026-09-09 20:25:58 [http-nio-8080-exec-8] DEBUG org.hibernate.SQL - 
    select
        c1_0.id,
        c1_0.booking_id,
        c1_0.cancellation_date,
        c1_0.reason,
        c1_0.refund_amount,
        c1_0.status 
    from
        cancellations c1_0 
    where
        c1_0.booking_id=?
2026-09-09 20:25:58 [http-nio-8080-exec-8] DEBUG org.hibernate.SQL - 
    select
        p1_0.id,
        p1_0.amount,
        p1_0.booking_id,
        p1_0.method,
        p1_0.payment_date,
        p1_0.status,
        p1_0.transaction_id 
    from
        payments p1_0 
    where
        p1_0.booking_id=?
2026-09-09 20:25:58 [http-nio-8080-exec-8] DEBUG org.hibernate.SQL - 
    select
        p1_0.id,
        p1_0.amount,
        p1_0.booking_id,
        p1_0.method,
        p1_0.payment_date,
        p1_0.status,
        p1_0.transaction_id 
    from
        payments p1_0 
    where
        p1_0.booking_id=?
2026-09-09 20:25:58 [http-nio-8080-exec-8] DEBUG org.hibernate.SQL - 
    insert 
    into
        payments
        (amount, booking_id, method, payment_date, status, transaction_id) 
    values
        (?, ?, ?, ?, ?, ?)
2026-09-09 20:25:58 [http-nio-8080-exec-8] INFO  B.ijse.Service.PaymentService - Payment TXN-97B3050D6FD2 processed for booking: 1
2026-09-09 20:25:58 [http-nio-8080-exec-8] DEBUG org.hibernate.SQL - 
    select
        u1_0.id,
        u1_0.email,
        u1_0.enabled,
        u1_0.full_name,
        u1_0.password,
        u1_0.phone,
        u1_0.username 
    from
        users u1_0 
    where
        u1_0.username=?
2026-09-09 20:25:58 [http-nio-8080-exec-8] DEBUG org.hibernate.SQL - 
    select
        r1_0.user_id,
        r1_1.id,
        r1_1.name 
    from
        user_roles r1_0 
    join
        roles r1_1 
            on r1_1.id=r1_0.role_id 
    where
        r1_0.user_id=?
2026-09-09 20:25:58 [http-nio-8080-exec-8] DEBUG org.hibernate.SQL - 
    insert 
    into
        notifications
        (created_at, message, is_read, type, user_id) 
    values
        (?, ?, ?, ?, ?)
2026-09-09 20:25:58 [http-nio-8080-exec-8] DEBUG B.ijse.Service.NotificationService - Notification sent to testuser: Payment of 2450.00 received. Transaction ID: TXN-97B3050D6FD2
2026-09-09 20:25:58 [http-nio-8080-exec-9] DEBUG org.hibernate.SQL - 
    select
        u1_0.id,
        u1_0.email,
        u1_0.enabled,
        u1_0.full_name,
        u1_0.password,
        u1_0.phone,
        u1_0.username 
    from
        users u1_0 
    where
        u1_0.username=?
2026-09-09 20:25:58 [http-nio-8080-exec-9] DEBUG org.hibernate.SQL - 
    select
        r1_0.user_id,
        r1_1.id,
        r1_1.name 
    from
        user_roles r1_0 
    join
        roles r1_1 
            on r1_1.id=r1_0.role_id 
    where
        r1_0.user_id=?
2026-09-09 20:25:58 [http-nio-8080-exec-9] DEBUG B.i.security.UserDetailsServiceImpl - Loaded user: testuser with roles: [Bus_Ticket_booking.ijse.entity.Role@40]
2026-09-09 20:25:58 [http-nio-8080-exec-9] DEBUG B.i.security.JwtAuthenticationFilter - Authenticated user: testuser, URI: /api/v1/bookings/my
2026-09-09 20:25:58 [http-nio-8080-exec-9] DEBUG org.hibernate.SQL - 
    select
        u1_0.id,
        u1_0.email,
        u1_0.enabled,
        u1_0.full_name,
        u1_0.password,
        u1_0.phone,
        u1_0.username 
    from
        users u1_0 
    where
        u1_0.username=?
2026-09-09 20:25:58 [http-nio-8080-exec-9] DEBUG org.hibernate.SQL - 
    select
        r1_0.user_id,
        r1_1.id,
        r1_1.name 
    from
        user_roles r1_0 
    join
        roles r1_1 
            on r1_1.id=r1_0.role_id 
    where
        r1_0.user_id=?
2026-09-09 20:25:58 [http-nio-8080-exec-9] DEBUG org.hibernate.SQL - 
    select
        b1_0.id,
        b1_0.booking_date,
        b1_0.passenger_id,
        b1_0.schedule_id,
        b1_0.status,
        b1_0.total_amount,
        b1_0.user_id 
    from
        bookings b1_0 
    where
        b1_0.user_id=?
2026-09-09 20:25:58 [http-nio-8080-exec-9] DEBUG org.hibernate.SQL - 
    select
        c1_0.id,
        c1_0.booking_id,
        c1_0.cancellation_date,
        c1_0.reason,
        c1_0.refund_amount,
        c1_0.status 
    from
        cancellations c1_0 
    where
        c1_0.booking_id=?
2026-09-09 20:25:58 [http-nio-8080-exec-9] DEBUG org.hibernate.SQL - 
    select
        p1_0.id,
        p1_0.amount,
        p1_0.booking_id,
        p1_0.method,
        p1_0.payment_date,
        p1_0.status,
        p1_0.transaction_id 
    from
        payments p1_0 
    where
        p1_0.booking_id=?
2026-09-09 20:25:58 [http-nio-8080-exec-9] DEBUG org.hibernate.SQL - 
    select
        bs1_0.id,
        bs1_0.booking_id,
        bs1_0.bus_seat_id 
    from
        booking_seats bs1_0 
    where
        bs1_0.booking_id=?
2026-09-09 20:25:58 [http-nio-8080-exec-9] DEBUG org.hibernate.SQL - 
    select
        bs1_0.id,
        bs1_0.is_available,
        bs1_0.bus_id,
        bs1_0.seat_number,
        bs1_0.seat_type 
    from
        bus_seats bs1_0 
    where
        bs1_0.id=?
2026-09-09 20:25:58 [http-nio-8080-exec-9] DEBUG org.hibernate.SQL - 
    select
        s1_0.id,
        s1_0.active,
        s1_0.arrival_time,
        s1_0.available_seats,
        s1_0.bus_id,
        s1_0.departure_time,
        s1_0.fare,
        s1_0.route_id 
    from
        schedules s1_0 
    where
        s1_0.id=?
2026-09-09 20:25:58 [http-nio-8080-exec-9] DEBUG org.hibernate.SQL - 
    select
        r1_0.id,
        r1_0.active,
        r1_0.base_fare,
        r1_0.destination,
        r1_0.distance_km,
        r1_0.duration_minutes,
        r1_0.source 
    from
        routes r1_0 
    where
        r1_0.id=?
2026-09-09 20:25:58 [http-nio-8080-exec-9] DEBUG org.hibernate.SQL - 
    select
        p1_0.id,
        p1_0.age,
        p1_0.first_name,
        p1_0.gender,
        p1_0.last_name,
        p1_0.nic,
        p1_0.phone 
    from
        passengers p1_0 
    where
        p1_0.id=?
2026-09-09 20:25:58 [http-nio-8080-exec-9] DEBUG org.hibernate.SQL - 
    select
        b1_0.id,
        b1_0.booking_date,
        b1_0.passenger_id,
        b1_0.schedule_id,
        b1_0.status,
        b1_0.total_amount,
        b1_0.user_id 
    from
        bookings b1_0 
    where
        b1_0.passenger_id=?
2026-09-09 20:25:58 [http-nio-8080-exec-10] DEBUG org.hibernate.SQL - 
    select
        u1_0.id,
        u1_0.email,
        u1_0.enabled,
        u1_0.full_name,
        u1_0.password,
        u1_0.phone,
        u1_0.username 
    from
        users u1_0 
    where
        u1_0.username=?
2026-09-09 20:25:58 [http-nio-8080-exec-10] DEBUG org.hibernate.SQL - 
    select
        r1_0.user_id,
        r1_1.id,
        r1_1.name 
    from
        user_roles r1_0 
    join
        roles r1_1 
            on r1_1.id=r1_0.role_id 
    where
        r1_0.user_id=?
2026-09-09 20:25:58 [http-nio-8080-exec-10] DEBUG B.i.security.UserDetailsServiceImpl - Loaded user: testuser with roles: [Bus_Ticket_booking.ijse.entity.Role@40]
2026-09-09 20:25:58 [http-nio-8080-exec-10] DEBUG B.i.security.JwtAuthenticationFilter - Authenticated user: testuser, URI: /api/v1/cancellations
2026-09-09 20:25:58 [http-nio-8080-exec-10] DEBUG org.hibernate.SQL - 
    select
        b1_0.id,
        b1_0.booking_date,
        b1_0.passenger_id,
        b1_0.schedule_id,
        b1_0.status,
        b1_0.total_amount,
        b1_0.user_id 
    from
        bookings b1_0 
    where
        b1_0.id=?
2026-09-09 20:25:58 [http-nio-8080-exec-10] DEBUG org.hibernate.SQL - 
    select
        c1_0.id,
        c1_0.booking_id,
        c1_0.cancellation_date,
        c1_0.reason,
        c1_0.refund_amount,
        c1_0.status 
    from
        cancellations c1_0 
    where
        c1_0.booking_id=?
2026-09-09 20:25:58 [http-nio-8080-exec-10] DEBUG org.hibernate.SQL - 
    select
        p1_0.id,
        p1_0.amount,
        p1_0.booking_id,
        p1_0.method,
        p1_0.payment_date,
        p1_0.status,
        p1_0.transaction_id 
    from
        payments p1_0 
    where
        p1_0.booking_id=?
2026-09-09 20:25:58 [http-nio-8080-exec-10] DEBUG org.hibernate.SQL - 
    select
        u1_0.id,
        u1_0.email,
        u1_0.enabled,
        u1_0.full_name,
        u1_0.password,
        u1_0.phone,
        r1_0.user_id,
        r1_1.id,
        r1_1.name,
        u1_0.username 
    from
        users u1_0 
    left join
        user_roles r1_0 
            on u1_0.id=r1_0.user_id 
    left join
        roles r1_1 
            on r1_1.id=r1_0.role_id 
    where
        u1_0.id=?
2026-09-09 20:25:58 [http-nio-8080-exec-10] DEBUG org.hibernate.SQL - 
    select
        c1_0.id,
        c1_0.booking_id,
        c1_0.cancellation_date,
        c1_0.reason,
        c1_0.refund_amount,
        c1_0.status 
    from
        cancellations c1_0 
    where
        c1_0.booking_id=?
2026-09-09 20:25:58 [http-nio-8080-exec-10] DEBUG org.hibernate.SQL - 
    insert 
    into
        cancellations
        (booking_id, cancellation_date, reason, refund_amount, status) 
    values
        (?, ?, ?, ?, ?)
2026-09-09 20:25:58 [http-nio-8080-exec-10] DEBUG org.hibernate.SQL - 
    select
        bs1_0.booking_id,
        bs1_0.id,
        bs1_0.bus_seat_id 
    from
        booking_seats bs1_0 
    where
        bs1_0.booking_id=?
2026-09-09 20:25:58 [http-nio-8080-exec-10] DEBUG org.hibernate.SQL - 
    select
        s1_0.id,
        s1_0.active,
        s1_0.arrival_time,
        s1_0.available_seats,
        s1_0.bus_id,
        s1_0.departure_time,
        s1_0.fare,
        s1_0.route_id 
    from
        schedules s1_0 
    where
        s1_0.id=?
2026-09-09 20:25:58 [http-nio-8080-exec-10] DEBUG org.hibernate.SQL - 
    select
        u1_0.id,
        u1_0.email,
        u1_0.enabled,
        u1_0.full_name,
        u1_0.password,
        u1_0.phone,
        u1_0.username 
    from
        users u1_0 
    where
        u1_0.username=?
2026-09-09 20:25:58 [http-nio-8080-exec-10] DEBUG org.hibernate.SQL - 
    insert 
    into
        notifications
        (created_at, message, is_read, type, user_id) 
    values
        (?, ?, ?, ?, ?)
2026-09-09 20:25:58 [http-nio-8080-exec-10] DEBUG B.ijse.Service.NotificationService - Notification sent to testuser: Booking #1 cancelled. Refund of 1960.00 will be processed.
2026-09-09 20:25:58 [http-nio-8080-exec-10] INFO  B.ijse.Service.CancellationService - Cancellation 1 processed for booking: 1
2026-09-09 20:25:58 [http-nio-8080-exec-10] DEBUG org.hibernate.SQL - 
    update
        bookings 
    set
        passenger_id=?,
        schedule_id=?,
        status=?,
        total_amount=?,
        user_id=? 
    where
        id=?
2026-09-09 20:25:58 [http-nio-8080-exec-10] DEBUG org.hibernate.SQL - 
    update
        schedules 
    set
        active=?,
        arrival_time=?,
        available_seats=?,
        bus_id=?,
        departure_time=?,
        fare=?,
        route_id=? 
    where
        id=?
2026-09-09 20:25:58 [http-nio-8080-exec-1] DEBUG org.hibernate.SQL - 
    select
        u1_0.id,
        u1_0.email,
        u1_0.enabled,
        u1_0.full_name,
        u1_0.password,
        u1_0.phone,
        u1_0.username 
    from
        users u1_0 
    where
        u1_0.username=?
2026-09-09 20:25:58 [http-nio-8080-exec-1] DEBUG org.hibernate.SQL - 
    select
        r1_0.user_id,
        r1_1.id,
        r1_1.name 
    from
        user_roles r1_0 
    join
        roles r1_1 
            on r1_1.id=r1_0.role_id 
    where
        r1_0.user_id=?
2026-09-09 20:25:58 [http-nio-8080-exec-1] DEBUG B.i.security.UserDetailsServiceImpl - Loaded user: testuser with roles: [Bus_Ticket_booking.ijse.entity.Role@40]
2026-09-09 20:25:58 [http-nio-8080-exec-1] DEBUG B.i.security.JwtAuthenticationFilter - Authenticated user: testuser, URI: /api/v1/reviews
2026-09-09 20:25:58 [http-nio-8080-exec-1] DEBUG org.hibernate.SQL - 
    select
        u1_0.id,
        u1_0.email,
        u1_0.enabled,
        u1_0.full_name,
        u1_0.password,
        u1_0.phone,
        u1_0.username 
    from
        users u1_0 
    where
        u1_0.username=?
2026-09-09 20:25:58 [http-nio-8080-exec-1] DEBUG org.hibernate.SQL - 
    select
        r1_0.user_id,
        r1_1.id,
        r1_1.name 
    from
        user_roles r1_0 
    join
        roles r1_1 
            on r1_1.id=r1_0.role_id 
    where
        r1_0.user_id=?
2026-09-09 20:25:58 [http-nio-8080-exec-1] DEBUG org.hibernate.SQL - 
    select
        r1_0.id,
        r1_0.active,
        r1_0.base_fare,
        r1_0.destination,
        r1_0.distance_km,
        r1_0.duration_minutes,
        r1_0.source 
    from
        routes r1_0 
    where
        r1_0.id=?
2026-09-09 20:25:58 [http-nio-8080-exec-1] DEBUG org.hibernate.SQL - 
    select
        r1_0.id 
    from
        reviews r1_0 
    where
        r1_0.user_id=? 
        and r1_0.route_id=? 
    limit
        ?
2026-09-09 20:25:58 [http-nio-8080-exec-1] DEBUG org.hibernate.SQL - 
    insert 
    into
        reviews
        (comment, created_at, rating, route_id, user_id) 
    values
        (?, ?, ?, ?, ?)
2026-09-09 20:25:58 [http-nio-8080-exec-1] INFO  B.ijse.Service.ReviewService - Review 1 created by testuser for route 3
2026-09-09 20:25:58 [http-nio-8080-exec-2] DEBUG org.hibernate.SQL - 
    select
        u1_0.id,
        u1_0.email,
        u1_0.enabled,
        u1_0.full_name,
        u1_0.password,
        u1_0.phone,
        u1_0.username 
    from
        users u1_0 
    where
        u1_0.username=?
2026-09-09 20:25:58 [http-nio-8080-exec-2] DEBUG org.hibernate.SQL - 
    select
        r1_0.user_id,
        r1_1.id,
        r1_1.name 
    from
        user_roles r1_0 
    join
        roles r1_1 
            on r1_1.id=r1_0.role_id 
    where
        r1_0.user_id=?
2026-09-09 20:25:58 [http-nio-8080-exec-2] DEBUG B.i.security.UserDetailsServiceImpl - Loaded user: admin with roles: [Bus_Ticket_booking.ijse.entity.Role@40, Bus_Ticket_booking.ijse.entity.Role@3f]
2026-09-09 20:25:58 [http-nio-8080-exec-2] DEBUG B.i.security.JwtAuthenticationFilter - Authenticated user: admin, URI: /api/v1/users
2026-09-09 20:25:58 [http-nio-8080-exec-2] DEBUG B.ijse.Service.UserService - Fetching all users
2026-09-09 20:25:58 [http-nio-8080-exec-2] DEBUG org.hibernate.SQL - 
    select
        u1_0.id,
        u1_0.email,
        u1_0.enabled,
        u1_0.full_name,
        u1_0.password,
        u1_0.phone,
        u1_0.username 
    from
        users u1_0
2026-09-09 20:25:58 [http-nio-8080-exec-2] DEBUG org.hibernate.SQL - 
    select
        r1_0.user_id,
        r1_1.id,
        r1_1.name 
    from
        user_roles r1_0 
    join
        roles r1_1 
            on r1_1.id=r1_0.role_id 
    where
        r1_0.user_id=?
2026-09-09 20:25:58 [http-nio-8080-exec-2] DEBUG org.hibernate.SQL - 
    select
        r1_0.user_id,
        r1_1.id,
        r1_1.name 
    from
        user_roles r1_0 
    join
        roles r1_1 
            on r1_1.id=r1_0.role_id 
    where
        r1_0.user_id=?
2026-09-09 20:25:58 [http-nio-8080-exec-3] DEBUG org.hibernate.SQL - 
    select
        u1_0.id,
        u1_0.email,
        u1_0.enabled,
        u1_0.full_name,
        u1_0.password,
        u1_0.phone,
        u1_0.username 
    from
        users u1_0 
    where
        u1_0.username=?
2026-09-09 20:25:58 [http-nio-8080-exec-3] DEBUG org.hibernate.SQL - 
    select
        r1_0.user_id,
        r1_1.id,
        r1_1.name 
    from
        user_roles r1_0 
    join
        roles r1_1 
            on r1_1.id=r1_0.role_id 
    where
        r1_0.user_id=?
2026-09-09 20:25:58 [http-nio-8080-exec-3] DEBUG B.i.security.UserDetailsServiceImpl - Loaded user: admin with roles: [Bus_Ticket_booking.ijse.entity.Role@40, Bus_Ticket_booking.ijse.entity.Role@3f]
2026-09-09 20:25:58 [http-nio-8080-exec-3] DEBUG B.i.security.JwtAuthenticationFilter - Authenticated user: admin, URI: /api/v1/buses
2026-09-09 20:25:58 [http-nio-8080-exec-3] DEBUG org.hibernate.SQL - 
    select
        b1_0.id,
        b1_0.is_active,
        b1_0.bus_name,
        b1_0.bus_number,
        b1_0.bus_type,
        b1_0.total_seats 
    from
        buses b1_0
2026-09-09 20:26:00 [http-nio-8080-exec-4] INFO  o.s.api.AbstractOpenApiResource - Init duration for springdoc-openapi is: 1238 ms
