2026-09-21 09:42:41 [background-preinit] INFO  o.h.validator.internal.util.Version - HV000001: Hibernate Validator 8.0.1.Final
2026-09-21 09:42:41 [main] INFO  B.ijse.IjseApplicationTests - Starting IjseApplicationTests using Java 21.0.11 with PID 14856 (started by Dinesh in C:\Users\Dinesh\Downloads\ijse\ijse)
2026-09-21 09:42:41 [main] DEBUG B.ijse.IjseApplicationTests - Running with Spring Boot v3.3.5, Spring v6.1.14
2026-09-21 09:42:41 [main] INFO  B.ijse.IjseApplicationTests - No active profile set, falling back to 1 default profile: "default"
2026-09-21 09:42:43 [main] INFO  o.s.d.r.c.RepositoryConfigurationDelegate - Bootstrapping Spring Data JPA repositories in DEFAULT mode.
2026-09-21 09:42:43 [main] INFO  o.s.d.r.c.RepositoryConfigurationDelegate - Finished Spring Data repository scanning in 443 ms. Found 17 JPA repository interfaces.
2026-09-21 09:42:45 [main] INFO  o.h.jpa.internal.util.LogHelper - HHH000204: Processing PersistenceUnitInfo [name: default]
2026-09-21 09:42:45 [main] INFO  org.hibernate.Version - HHH000412: Hibernate ORM core version 6.5.3.Final
2026-09-21 09:42:46 [main] INFO  o.h.c.i.RegionFactoryInitiator - HHH000026: Second-level cache disabled
2026-09-21 09:42:46 [main] INFO  o.s.o.j.p.SpringPersistenceUnitInfo - No LoadTimeWeaver setup: ignoring JPA class transformer
2026-09-21 09:42:46 [main] INFO  com.zaxxer.hikari.HikariDataSource - HikariPool-1 - Starting...
2026-09-21 09:42:47 [main] INFO  com.zaxxer.hikari.pool.HikariPool - HikariPool-1 - Added connection com.mysql.cj.jdbc.ConnectionImpl@2a0c244e
2026-09-21 09:42:47 [main] INFO  com.zaxxer.hikari.HikariDataSource - HikariPool-1 - Start completed.
2026-09-21 09:42:47 [main] WARN  org.hibernate.orm.deprecation - HHH90000025: MySQLDialect does not need to be specified explicitly using 'hibernate.dialect' (remove the property setting and it will be selected by default)
2026-09-21 09:42:50 [main] INFO  o.h.e.t.j.p.i.JtaPlatformInitiator - HHH000489: No JTA platform available (set 'hibernate.transaction.jta.platform' to enable JTA platform integration)
2026-09-21 09:42:50 [main] DEBUG org.hibernate.SQL - 
    alter table bookings 
       modify column status enum ('CANCELLED','COMPLETED','CONFIRMED','NO_SHOW','PENDING') not null
2026-09-21 09:42:50 [main] DEBUG org.hibernate.SQL - 
    alter table bus_seats 
       modify column seat_type enum ('AISLE','LOWER_BERTH','MIDDLE','UPPER_BERTH','WINDOW') not null
2026-09-21 09:42:51 [main] DEBUG org.hibernate.SQL - 
    alter table buses 
       modify column bus_type enum ('AC_SEATER','AC_SLEEPER','LUXURY','MINI','NON_AC_SEATER','NON_AC_SLEEPER') not null
2026-09-21 09:42:51 [main] DEBUG org.hibernate.SQL - 
    alter table cancellations 
       modify column status enum ('APPROVED','REFUND_COMPLETED','REFUND_INITIATED','REJECTED','REQUESTED') not null
2026-09-21 09:42:51 [main] DEBUG org.hibernate.SQL - 
    alter table notifications 
       modify column type enum ('BOOKING_CANCELLED','BOOKING_CONFIRMED','GENERAL','PAYMENT_FAILED','PAYMENT_SUCCESS','REFUND_INITIATED','SCHEDULE_CHANGE') not null
2026-09-21 09:42:51 [main] DEBUG org.hibernate.SQL - 
    alter table payments 
       modify column method enum ('CASH','CREDIT_CARD','DEBIT_CARD','NET_BANKING','UPI','WALLET') not null
2026-09-21 09:42:51 [main] DEBUG org.hibernate.SQL - 
    alter table payments 
       modify column status enum ('FAILED','PARTIALLY_REFUNDED','PENDING','REFUNDED','SUCCESS') not null
2026-09-21 09:42:51 [main] DEBUG org.hibernate.SQL - 
    alter table roles 
       modify column name enum ('ROLE_ADMIN','ROLE_BUS_OWNER','ROLE_GUEST','ROLE_USER') not null
2026-09-21 09:42:51 [main] DEBUG org.hibernate.SQL - 
    alter table verification_tokens 
       modify column type enum ('EMAIL_VERIFICATION','PASSWORD_RESET') not null
2026-09-21 09:42:51 [main] INFO  o.s.o.j.LocalContainerEntityManagerFactoryBean - Initialized JPA EntityManagerFactory for persistence unit 'default'
2026-09-21 09:42:52 [main] INFO  o.s.d.j.r.query.QueryEnhancerFactory - Hibernate is in classpath; If applicable, HQL parser will be used.
2026-09-21 09:42:54 [main] INFO  o.s.s.c.a.a.c.InitializeAuthenticationProviderBeanManagerConfigurer$InitializeAuthenticationProviderManagerConfigurer - Global AuthenticationManager configured with AuthenticationProvider bean with name authenticationProvider
2026-09-21 09:42:54 [main] WARN  o.s.s.c.a.a.c.InitializeUserDetailsBeanManagerConfigurer$InitializeUserDetailsManagerConfigurer - Global AuthenticationManager configured with an AuthenticationProvider bean. UserDetailsService beans will not be used for username/password login. Consider removing the AuthenticationProvider bean. Alternatively, consider using the UserDetailsService in a manually instantiated DaoAuthenticationProvider.
2026-09-21 09:42:55 [main] INFO  o.s.b.a.w.s.WelcomePageHandlerMapping - Adding welcome page: class path resource [static/index.html]
2026-09-21 09:42:56 [main] INFO  B.ijse.IjseApplicationTests - Started IjseApplicationTests in 15.872 seconds (process running for 17.272)
2026-09-21 09:42:56 [main] INFO  B.ijse.DataInitializer - === GoBus API – Data Initialization ===
2026-09-21 09:42:56 [main] DEBUG org.hibernate.SQL - 
    select
        r1_0.id,
        r1_0.name 
    from
        roles r1_0 
    where
        r1_0.name=?
2026-09-21 09:42:56 [main] DEBUG org.hibernate.SQL - 
    select
        r1_0.id,
        r1_0.name 
    from
        roles r1_0 
    where
        r1_0.name=?
2026-09-21 09:42:56 [main] DEBUG org.hibernate.SQL - 
    select
        r1_0.id,
        r1_0.name 
    from
        roles r1_0 
    where
        r1_0.name=?
2026-09-21 09:42:56 [main] DEBUG org.hibernate.SQL - 
    select
        r1_0.id,
        r1_0.name 
    from
        roles r1_0 
    where
        r1_0.name=?
2026-09-21 09:42:56 [main] DEBUG org.hibernate.SQL - 
    select
        u1_0.id 
    from
        users u1_0 
    where
        u1_0.username=? 
    limit
        ?
2026-09-21 09:42:56 [main] DEBUG org.hibernate.SQL - 
    select
        u1_0.id,
        u1_0.email,
        u1_0.enabled,
        u1_0.full_name,
        u1_0.password,
        u1_0.phone,
        u1_0.username 
    from
        users u1_0 
    where
        u1_0.username=?
2026-09-21 09:42:56 [main] DEBUG org.hibernate.SQL - 
    select
        r1_0.user_id,
        r1_1.id,
        r1_1.name 
    from
        user_roles r1_0 
    join
        roles r1_1 
            on r1_1.id=r1_0.role_id 
    where
        r1_0.user_id=?
2026-09-21 09:42:56 [main] DEBUG org.hibernate.SQL - 
    select
        u1_0.id 
    from
        users u1_0 
    where
        u1_0.username=? 
    limit
        ?
2026-09-21 09:42:56 [main] DEBUG org.hibernate.SQL - 
    select
        u1_0.id,
        u1_0.email,
        u1_0.enabled,
        u1_0.full_name,
        u1_0.password,
        u1_0.phone,
        u1_0.username 
    from
        users u1_0 
    where
        u1_0.username=?
2026-09-21 09:42:56 [main] DEBUG org.hibernate.SQL - 
    select
        r1_0.user_id,
        r1_1.id,
        r1_1.name 
    from
        user_roles r1_0 
    join
        roles r1_1 
            on r1_1.id=r1_0.role_id 
    where
        r1_0.user_id=?
2026-09-21 09:42:56 [main] DEBUG org.hibernate.SQL - 
    select
        u1_0.id 
    from
        users u1_0 
    where
        u1_0.username=? 
    limit
        ?
2026-09-21 09:42:56 [main] DEBUG org.hibernate.SQL - 
    select
        u1_0.id,
        u1_0.email,
        u1_0.enabled,
        u1_0.full_name,
        u1_0.password,
        u1_0.phone,
        u1_0.username 
    from
        users u1_0 
    where
        u1_0.username=?
2026-09-21 09:42:56 [main] DEBUG org.hibernate.SQL - 
    select
        r1_0.user_id,
        r1_1.id,
        r1_1.name 
    from
        user_roles r1_0 
    join
        roles r1_1 
            on r1_1.id=r1_0.role_id 
    where
        r1_0.user_id=?
2026-09-21 09:42:56 [main] DEBUG org.hibernate.SQL - 
    select
        r1_0.id,
        r1_0.active,
        r1_0.base_fare,
        r1_0.destination,
        r1_0.distance_km,
        r1_0.duration_minutes,
        r1_0.source 
    from
        routes r1_0 
    where
        upper(r1_0.source)=upper(?) 
        and upper(r1_0.destination)=upper(?)
2026-09-21 09:42:56 [main] DEBUG org.hibernate.SQL - 
    select
        r1_0.id,
        r1_0.active,
        r1_0.base_fare,
        r1_0.destination,
        r1_0.distance_km,
        r1_0.duration_minutes,
        r1_0.source 
    from
        routes r1_0 
    where
        upper(r1_0.source)=upper(?) 
        and upper(r1_0.destination)=upper(?)
2026-09-21 09:42:56 [main] DEBUG org.hibernate.SQL - 
    select
        r1_0.id,
        r1_0.active,
        r1_0.base_fare,
        r1_0.destination,
        r1_0.distance_km,
        r1_0.duration_minutes,
        r1_0.source 
    from
        routes r1_0 
    where
        upper(r1_0.source)=upper(?) 
        and upper(r1_0.destination)=upper(?)
2026-09-21 09:42:56 [main] DEBUG org.hibernate.SQL - 
    select
        r1_0.id,
        r1_0.active,
        r1_0.base_fare,
        r1_0.destination,
        r1_0.distance_km,
        r1_0.duration_minutes,
        r1_0.source 
    from
        routes r1_0 
    where
        upper(r1_0.source)=upper(?) 
        and upper(r1_0.destination)=upper(?)
2026-09-21 09:42:57 [main] DEBUG org.hibernate.SQL - 
    select
        r1_0.id,
        r1_0.active,
        r1_0.base_fare,
        r1_0.destination,
        r1_0.distance_km,
        r1_0.duration_minutes,
        r1_0.source 
    from
        routes r1_0 
    where
        upper(r1_0.source)=upper(?) 
        and upper(r1_0.destination)=upper(?)
2026-09-21 09:42:57 [main] DEBUG org.hibernate.SQL - 
    select
        r1_0.id,
        r1_0.active,
        r1_0.base_fare,
        r1_0.destination,
        r1_0.distance_km,
        r1_0.duration_minutes,
        r1_0.source 
    from
        routes r1_0 
    where
        upper(r1_0.source)=upper(?) 
        and upper(r1_0.destination)=upper(?)
2026-09-21 09:42:57 [main] DEBUG org.hibernate.SQL - 
    select
        r1_0.id,
        r1_0.active,
        r1_0.base_fare,
        r1_0.destination,
        r1_0.distance_km,
        r1_0.duration_minutes,
        r1_0.source 
    from
        routes r1_0 
    where
        upper(r1_0.source)=upper(?) 
        and upper(r1_0.destination)=upper(?)
2026-09-21 09:42:57 [main] DEBUG org.hibernate.SQL - 
    select
        r1_0.id,
        r1_0.active,
        r1_0.base_fare,
        r1_0.destination,
        r1_0.distance_km,
        r1_0.duration_minutes,
        r1_0.source 
    from
        routes r1_0 
    where
        upper(r1_0.source)=upper(?) 
        and upper(r1_0.destination)=upper(?)
2026-09-21 09:42:57 [main] INFO  B.ijse.DataInitializer - Ensured 8 routes exist
2026-09-21 09:42:57 [main] DEBUG org.hibernate.SQL - 
    select
        b1_0.id,
        b1_0.is_active,
        b1_0.bus_name,
        b1_0.bus_number,
        b1_0.bus_type,
        b1_0.owner_id,
        b1_0.total_seats 
    from
        buses b1_0 
    where
        b1_0.bus_number=?
2026-09-21 09:42:57 [main] DEBUG org.hibernate.SQL - 
    select
        b1_0.id,
        b1_0.is_active,
        b1_0.bus_name,
        b1_0.bus_number,
        b1_0.bus_type,
        b1_0.owner_id,
        b1_0.total_seats 
    from
        buses b1_0 
    where
        b1_0.bus_number=?
2026-09-21 09:42:57 [main] DEBUG org.hibernate.SQL - 
    select
        b1_0.id,
        b1_0.is_active,
        b1_0.bus_name,
        b1_0.bus_number,
        b1_0.bus_type,
        b1_0.owner_id,
        b1_0.total_seats 
    from
        buses b1_0 
    where
        b1_0.bus_number=?
2026-09-21 09:42:57 [main] DEBUG org.hibernate.SQL - 
    select
        b1_0.id,
        b1_0.is_active,
        b1_0.bus_name,
        b1_0.bus_number,
        b1_0.bus_type,
        b1_0.owner_id,
        b1_0.total_seats 
    from
        buses b1_0 
    where
        b1_0.bus_number=?
2026-09-21 09:42:57 [main] DEBUG org.hibernate.SQL - 
    select
        b1_0.id,
        b1_0.is_active,
        b1_0.bus_name,
        b1_0.bus_number,
        b1_0.bus_type,
        b1_0.owner_id,
        b1_0.total_seats 
    from
        buses b1_0 
    where
        b1_0.bus_number=?
2026-09-21 09:42:57 [main] INFO  B.ijse.DataInitializer - Ensured 5 buses with seats and operator assignment exist
2026-09-21 09:42:57 [main] DEBUG org.hibernate.SQL - 
    select
        count(*) 
    from
        schedules s1_0
2026-09-21 09:42:57 [main] DEBUG org.hibernate.SQL - 
    select
        s1_0.id,
        s1_0.active,
        s1_0.arrival_time,
        s1_0.available_seats,
        s1_0.bus_id,
        s1_0.departure_time,
        s1_0.fare,
        s1_0.route_id 
    from
        schedules s1_0 
    where
        s1_0.active=1 
        and s1_0.available_seats>0 
    order by
        s1_0.departure_time
2026-09-21 09:42:57 [main] DEBUG org.hibernate.SQL - 
    select
        count(*) 
    from
        bookings b1_0
2026-09-21 09:42:57 [main] INFO  B.ijse.DataInitializer - === Data Initialization Complete ===
2026-09-21 09:42:59 [main] INFO  B.i.S.Serviceimpl.AuthServiceImpl - Password successfully reset for user: kasun99
2026-09-21 09:42:59 [main] INFO  B.i.S.Serviceimpl.AuthServiceImpl - User email verified successfully: kasun99
2026-09-21 09:42:59 [main] INFO  B.i.S.Serviceimpl.AuthServiceImpl - New user registered (pending verification): kasun99
2026-09-21 09:43:00 [main] INFO  B.i.S.Serviceimpl.AuthServiceImpl - Sent password reset code to: kasun@example.com
2026-09-21 09:43:00 [SpringApplicationShutdownHook] INFO  o.s.o.j.LocalContainerEntityManagerFactoryBean - Closing JPA EntityManagerFactory for persistence unit 'default'
2026-09-21 09:43:00 [SpringApplicationShutdownHook] INFO  com.zaxxer.hikari.HikariDataSource - HikariPool-1 - Shutdown initiated...
2026-09-21 09:43:00 [SpringApplicationShutdownHook] INFO  com.zaxxer.hikari.HikariDataSource - HikariPool-1 - Shutdown completed.
2026-09-21 09:44:52 [background-preinit] INFO  o.h.validator.internal.util.Version - HV000001: Hibernate Validator 8.0.1.Final
2026-09-21 09:44:52 [main] INFO  B.ijse.IjseApplication - Starting IjseApplication using Java 21.0.11 with PID 17204 (C:\Users\Dinesh\Downloads\ijse\ijse\target\classes started by Dinesh in C:\Users\Dinesh\Downloads\ijse\ijse)
2026-09-21 09:44:52 [main] DEBUG B.ijse.IjseApplication - Running with Spring Boot v3.3.5, Spring v6.1.14
2026-09-21 09:44:52 [main] INFO  B.ijse.IjseApplication - No active profile set, falling back to 1 default profile: "default"
2026-09-21 09:44:53 [main] INFO  o.s.d.r.c.RepositoryConfigurationDelegate - Bootstrapping Spring Data JPA repositories in DEFAULT mode.
2026-09-21 09:44:53 [main] INFO  o.s.d.r.c.RepositoryConfigurationDelegate - Finished Spring Data repository scanning in 126 ms. Found 17 JPA repository interfaces.
2026-09-21 09:44:54 [main] INFO  o.s.b.w.e.tomcat.TomcatWebServer - Tomcat initialized with port 8080 (http)
2026-09-21 09:44:54 [main] INFO  o.a.coyote.http11.Http11NioProtocol - Initializing ProtocolHandler ["http-nio-8080"]
2026-09-21 09:44:54 [main] INFO  o.a.catalina.core.StandardService - Starting service [Tomcat]
2026-09-21 09:44:54 [main] INFO  o.a.catalina.core.StandardEngine - Starting Servlet engine: [Apache Tomcat/10.1.31]
2026-09-21 09:44:54 [main] INFO  o.a.c.c.C.[Tomcat].[localhost].[/] - Initializing Spring embedded WebApplicationContext
2026-09-21 09:44:54 [main] INFO  o.s.b.w.s.c.ServletWebServerApplicationContext - Root WebApplicationContext: initialization completed in 1888 ms
2026-09-21 09:44:54 [main] INFO  o.h.jpa.internal.util.LogHelper - HHH000204: Processing PersistenceUnitInfo [name: default]
2026-09-21 09:44:54 [main] INFO  org.hibernate.Version - HHH000412: Hibernate ORM core version 6.5.3.Final
2026-09-21 09:44:54 [main] INFO  o.h.c.i.RegionFactoryInitiator - HHH000026: Second-level cache disabled
2026-09-21 09:44:54 [main] INFO  o.s.o.j.p.SpringPersistenceUnitInfo - No LoadTimeWeaver setup: ignoring JPA class transformer
2026-09-21 09:44:54 [main] INFO  com.zaxxer.hikari.HikariDataSource - HikariPool-1 - Starting...
2026-09-21 09:44:55 [main] INFO  com.zaxxer.hikari.pool.HikariPool - HikariPool-1 - Added connection com.mysql.cj.jdbc.ConnectionImpl@d229912
2026-09-21 09:44:55 [main] INFO  com.zaxxer.hikari.HikariDataSource - HikariPool-1 - Start completed.
2026-09-21 09:44:55 [main] WARN  org.hibernate.orm.deprecation - HHH90000025: MySQLDialect does not need to be specified explicitly using 'hibernate.dialect' (remove the property setting and it will be selected by default)
2026-09-21 09:44:56 [main] INFO  o.h.e.t.j.p.i.JtaPlatformInitiator - HHH000489: No JTA platform available (set 'hibernate.transaction.jta.platform' to enable JTA platform integration)
2026-09-21 09:44:56 [main] DEBUG org.hibernate.SQL - 
    alter table bookings 
       modify column status enum ('CANCELLED','COMPLETED','CONFIRMED','NO_SHOW','PENDING') not null
2026-09-21 09:44:56 [main] DEBUG org.hibernate.SQL - 
    alter table bus_seats 
       modify column seat_type enum ('AISLE','LOWER_BERTH','MIDDLE','UPPER_BERTH','WINDOW') not null
2026-09-21 09:44:56 [main] DEBUG org.hibernate.SQL - 
    alter table buses 
       modify column bus_type enum ('AC_SEATER','AC_SLEEPER','LUXURY','MINI','NON_AC_SEATER','NON_AC_SLEEPER') not null
2026-09-21 09:44:56 [main] DEBUG org.hibernate.SQL - 
    alter table cancellations 
       modify column status enum ('APPROVED','REFUND_COMPLETED','REFUND_INITIATED','REJECTED','REQUESTED') not null
2026-09-21 09:44:56 [main] DEBUG org.hibernate.SQL - 
    alter table notifications 
       modify column type enum ('BOOKING_CANCELLED','BOOKING_CONFIRMED','GENERAL','PAYMENT_FAILED','PAYMENT_SUCCESS','REFUND_INITIATED','SCHEDULE_CHANGE') not null
2026-09-21 09:44:56 [main] DEBUG org.hibernate.SQL - 
    alter table payments 
       modify column method enum ('CASH','CREDIT_CARD','DEBIT_CARD','NET_BANKING','UPI','WALLET') not null
2026-09-21 09:44:56 [main] DEBUG org.hibernate.SQL - 
    alter table payments 
       modify column status enum ('FAILED','PARTIALLY_REFUNDED','PENDING','REFUNDED','SUCCESS') not null
2026-09-21 09:44:56 [main] DEBUG org.hibernate.SQL - 
    alter table roles 
       modify column name enum ('ROLE_ADMIN','ROLE_BUS_OWNER','ROLE_GUEST','ROLE_USER') not null
2026-09-21 09:44:56 [main] DEBUG org.hibernate.SQL - 
    alter table verification_tokens 
       modify column type enum ('EMAIL_VERIFICATION','PASSWORD_RESET') not null
2026-09-21 09:44:56 [main] INFO  o.s.o.j.LocalContainerEntityManagerFactoryBean - Initialized JPA EntityManagerFactory for persistence unit 'default'
2026-09-21 09:44:57 [main] DEBUG B.i.security.JwtAuthenticationFilter - Filter 'jwtAuthenticationFilter' configured for use
2026-09-21 09:44:57 [main] INFO  o.s.d.j.r.query.QueryEnhancerFactory - Hibernate is in classpath; If applicable, HQL parser will be used.
2026-09-21 09:44:58 [main] INFO  o.s.s.c.a.a.c.InitializeAuthenticationProviderBeanManagerConfigurer$InitializeAuthenticationProviderManagerConfigurer - Global AuthenticationManager configured with AuthenticationProvider bean with name authenticationProvider
2026-09-21 09:44:58 [main] WARN  o.s.s.c.a.a.c.InitializeUserDetailsBeanManagerConfigurer$InitializeUserDetailsManagerConfigurer - Global AuthenticationManager configured with an AuthenticationProvider bean. UserDetailsService beans will not be used for username/password login. Consider removing the AuthenticationProvider bean. Alternatively, consider using the UserDetailsService in a manually instantiated DaoAuthenticationProvider.
2026-09-21 09:44:58 [main] INFO  o.s.b.a.w.s.WelcomePageHandlerMapping - Adding welcome page: class path resource [static/index.html]
2026-09-21 09:44:59 [main] INFO  o.a.coyote.http11.Http11NioProtocol - Starting ProtocolHandler ["http-nio-8080"]
2026-09-21 09:44:59 [main] INFO  o.s.b.w.e.tomcat.TomcatWebServer - Tomcat started on port 8080 (http) with context path '/'
2026-09-21 09:44:59 [main] INFO  B.ijse.IjseApplication - Started IjseApplication in 7.661 seconds (process running for 8.007)
2026-09-21 09:44:59 [main] INFO  B.ijse.DataInitializer - === GoBus API – Data Initialization ===
2026-09-21 09:44:59 [main] DEBUG org.hibernate.SQL - 
    select
        r1_0.id,
        r1_0.name 
    from
        roles r1_0 
    where
        r1_0.name=?
2026-09-21 09:44:59 [main] DEBUG org.hibernate.SQL - 
    select
        r1_0.id,
        r1_0.name 
    from
        roles r1_0 
    where
        r1_0.name=?
2026-09-21 09:44:59 [main] DEBUG org.hibernate.SQL - 
    select
        r1_0.id,
        r1_0.name 
    from
        roles r1_0 
    where
        r1_0.name=?
2026-09-21 09:44:59 [main] DEBUG org.hibernate.SQL - 
    select
        r1_0.id,
        r1_0.name 
    from
        roles r1_0 
    where
        r1_0.name=?
2026-09-21 09:44:59 [main] DEBUG org.hibernate.SQL - 
    select
        u1_0.id 
    from
        users u1_0 
    where
        u1_0.username=? 
    limit
        ?
2026-09-21 09:44:59 [main] DEBUG org.hibernate.SQL - 
    select
        u1_0.id,
        u1_0.email,
        u1_0.enabled,
        u1_0.full_name,
        u1_0.password,
        u1_0.phone,
        u1_0.username 
    from
        users u1_0 
    where
        u1_0.username=?
2026-09-21 09:44:59 [main] DEBUG org.hibernate.SQL - 
    select
        r1_0.user_id,
        r1_1.id,
        r1_1.name 
    from
        user_roles r1_0 
    join
        roles r1_1 
            on r1_1.id=r1_0.role_id 
    where
        r1_0.user_id=?
2026-09-21 09:44:59 [main] DEBUG org.hibernate.SQL - 
    select
        u1_0.id 
    from
        users u1_0 
    where
        u1_0.username=? 
    limit
        ?
2026-09-21 09:44:59 [main] DEBUG org.hibernate.SQL - 
    select
        u1_0.id,
        u1_0.email,
        u1_0.enabled,
        u1_0.full_name,
        u1_0.password,
        u1_0.phone,
        u1_0.username 
    from
        users u1_0 
    where
        u1_0.username=?
2026-09-21 09:44:59 [main] DEBUG org.hibernate.SQL - 
    select
        r1_0.user_id,
        r1_1.id,
        r1_1.name 
    from
        user_roles r1_0 
    join
        roles r1_1 
            on r1_1.id=r1_0.role_id 
    where
        r1_0.user_id=?
2026-09-21 09:44:59 [main] DEBUG org.hibernate.SQL - 
    select
        u1_0.id 
    from
        users u1_0 
    where
        u1_0.username=? 
    limit
        ?
2026-09-21 09:44:59 [main] DEBUG org.hibernate.SQL - 
    select
        u1_0.id,
        u1_0.email,
        u1_0.enabled,
        u1_0.full_name,
        u1_0.password,
        u1_0.phone,
        u1_0.username 
    from
        users u1_0 
    where
        u1_0.username=?
2026-09-21 09:44:59 [main] DEBUG org.hibernate.SQL - 
    select
        r1_0.user_id,
        r1_1.id,
        r1_1.name 
    from
        user_roles r1_0 
    join
        roles r1_1 
            on r1_1.id=r1_0.role_id 
    where
        r1_0.user_id=?
2026-09-21 09:44:59 [main] DEBUG org.hibernate.SQL - 
    select
        r1_0.id,
        r1_0.active,
        r1_0.base_fare,
        r1_0.destination,
        r1_0.distance_km,
        r1_0.duration_minutes,
        r1_0.source 
    from
        routes r1_0 
    where
        upper(r1_0.source)=upper(?) 
        and upper(r1_0.destination)=upper(?)
2026-09-21 09:44:59 [main] DEBUG org.hibernate.SQL - 
    select
        r1_0.id,
        r1_0.active,
        r1_0.base_fare,
        r1_0.destination,
        r1_0.distance_km,
        r1_0.duration_minutes,
        r1_0.source 
    from
        routes r1_0 
    where
        upper(r1_0.source)=upper(?) 
        and upper(r1_0.destination)=upper(?)
2026-09-21 09:44:59 [main] DEBUG org.hibernate.SQL - 
    select
        r1_0.id,
        r1_0.active,
        r1_0.base_fare,
        r1_0.destination,
        r1_0.distance_km,
        r1_0.duration_minutes,
        r1_0.source 
    from
        routes r1_0 
    where
        upper(r1_0.source)=upper(?) 
        and upper(r1_0.destination)=upper(?)
2026-09-21 09:44:59 [main] DEBUG org.hibernate.SQL - 
    select
        r1_0.id,
        r1_0.active,
        r1_0.base_fare,
        r1_0.destination,
        r1_0.distance_km,
        r1_0.duration_minutes,
        r1_0.source 
    from
        routes r1_0 
    where
        upper(r1_0.source)=upper(?) 
        and upper(r1_0.destination)=upper(?)
2026-09-21 09:44:59 [main] DEBUG org.hibernate.SQL - 
    select
        r1_0.id,
        r1_0.active,
        r1_0.base_fare,
        r1_0.destination,
        r1_0.distance_km,
        r1_0.duration_minutes,
        r1_0.source 
    from
        routes r1_0 
    where
        upper(r1_0.source)=upper(?) 
        and upper(r1_0.destination)=upper(?)
2026-09-21 09:44:59 [main] DEBUG org.hibernate.SQL - 
    select
        r1_0.id,
        r1_0.active,
        r1_0.base_fare,
        r1_0.destination,
        r1_0.distance_km,
        r1_0.duration_minutes,
        r1_0.source 
    from
        routes r1_0 
    where
        upper(r1_0.source)=upper(?) 
        and upper(r1_0.destination)=upper(?)
2026-09-21 09:44:59 [main] DEBUG org.hibernate.SQL - 
    select
        r1_0.id,
        r1_0.active,
        r1_0.base_fare,
        r1_0.destination,
        r1_0.distance_km,
        r1_0.duration_minutes,
        r1_0.source 
    from
        routes r1_0 
    where
        upper(r1_0.source)=upper(?) 
        and upper(r1_0.destination)=upper(?)
2026-09-21 09:44:59 [main] DEBUG org.hibernate.SQL - 
    select
        r1_0.id,
        r1_0.active,
        r1_0.base_fare,
        r1_0.destination,
        r1_0.distance_km,
        r1_0.duration_minutes,
        r1_0.source 
    from
        routes r1_0 
    where
        upper(r1_0.source)=upper(?) 
        and upper(r1_0.destination)=upper(?)
2026-09-21 09:44:59 [main] INFO  B.ijse.DataInitializer - Ensured 8 routes exist
2026-09-21 09:44:59 [main] DEBUG org.hibernate.SQL - 
    select
        b1_0.id,
        b1_0.is_active,
        b1_0.bus_name,
        b1_0.bus_number,
        b1_0.bus_type,
        b1_0.owner_id,
        b1_0.total_seats 
    from
        buses b1_0 
    where
        b1_0.bus_number=?
2026-09-21 09:44:59 [main] DEBUG org.hibernate.SQL - 
    select
        b1_0.id,
        b1_0.is_active,
        b1_0.bus_name,
        b1_0.bus_number,
        b1_0.bus_type,
        b1_0.owner_id,
        b1_0.total_seats 
    from
        buses b1_0 
    where
        b1_0.bus_number=?
2026-09-21 09:44:59 [main] DEBUG org.hibernate.SQL - 
    select
        b1_0.id,
        b1_0.is_active,
        b1_0.bus_name,
        b1_0.bus_number,
        b1_0.bus_type,
        b1_0.owner_id,
        b1_0.total_seats 
    from
        buses b1_0 
    where
        b1_0.bus_number=?
2026-09-21 09:44:59 [main] DEBUG org.hibernate.SQL - 
    select
        b1_0.id,
        b1_0.is_active,
        b1_0.bus_name,
        b1_0.bus_number,
        b1_0.bus_type,
        b1_0.owner_id,
        b1_0.total_seats 
    from
        buses b1_0 
    where
        b1_0.bus_number=?
2026-09-21 09:44:59 [main] DEBUG org.hibernate.SQL - 
    select
        b1_0.id,
        b1_0.is_active,
        b1_0.bus_name,
        b1_0.bus_number,
        b1_0.bus_type,
        b1_0.owner_id,
        b1_0.total_seats 
    from
        buses b1_0 
    where
        b1_0.bus_number=?
2026-09-21 09:44:59 [main] INFO  B.ijse.DataInitializer - Ensured 5 buses with seats and operator assignment exist
2026-09-21 09:44:59 [main] DEBUG org.hibernate.SQL - 
    select
        count(*) 
    from
        schedules s1_0
2026-09-21 09:44:59 [main] DEBUG org.hibernate.SQL - 
    select
        s1_0.id,
        s1_0.active,
        s1_0.arrival_time,
        s1_0.available_seats,
        s1_0.bus_id,
        s1_0.departure_time,
        s1_0.fare,
        s1_0.route_id 
    from
        schedules s1_0 
    where
        s1_0.active=1 
        and s1_0.available_seats>0 
    order by
        s1_0.departure_time
2026-09-21 09:44:59 [main] DEBUG org.hibernate.SQL - 
    select
        count(*) 
    from
        bookings b1_0
2026-09-21 09:44:59 [main] INFO  B.ijse.DataInitializer - === Data Initialization Complete ===
2026-09-21 09:45:03 [http-nio-8080-exec-1] INFO  o.a.c.c.C.[Tomcat].[localhost].[/] - Initializing Spring DispatcherServlet 'dispatcherServlet'
2026-09-21 09:45:03 [http-nio-8080-exec-1] INFO  o.s.web.servlet.DispatcherServlet - Initializing Servlet 'dispatcherServlet'
2026-09-21 09:45:03 [http-nio-8080-exec-1] INFO  o.s.web.servlet.DispatcherServlet - Completed initialization in 2 ms
2026-09-21 09:45:03 [http-nio-8080-exec-1] INFO  B.ijse.Controller.AuthController - Login request for: testuser
2026-09-21 09:45:03 [http-nio-8080-exec-1] DEBUG org.hibernate.SQL - 
    select
        u1_0.id,
        u1_0.email,
        u1_0.enabled,
        u1_0.full_name,
        u1_0.password,
        u1_0.phone,
        u1_0.username 
    from
        users u1_0 
    where
        u1_0.username=?
2026-09-21 09:45:03 [http-nio-8080-exec-1] DEBUG org.hibernate.SQL - 
    select
        r1_0.user_id,
        r1_1.id,
        r1_1.name 
    from
        user_roles r1_0 
    join
        roles r1_1 
            on r1_1.id=r1_0.role_id 
    where
        r1_0.user_id=?
2026-09-21 09:45:03 [http-nio-8080-exec-1] DEBUG B.i.security.UserDetailsServiceImpl - Loaded user: testuser with roles: [Bus_Ticket_booking.ijse.entity.Role@40]
2026-09-21 09:45:04 [http-nio-8080-exec-1] INFO  B.i.S.Serviceimpl.AuthServiceImpl - User logged in: testuser
2026-09-21 09:45:13 [http-nio-8080-exec-3] INFO  B.ijse.Controller.AuthController - Login request for: testuser
2026-09-21 09:45:13 [http-nio-8080-exec-3] DEBUG org.hibernate.SQL - 
    select
        u1_0.id,
        u1_0.email,
        u1_0.enabled,
        u1_0.full_name,
        u1_0.password,
        u1_0.phone,
        u1_0.username 
    from
        users u1_0 
    where
        u1_0.username=?
2026-09-21 09:45:13 [http-nio-8080-exec-3] DEBUG org.hibernate.SQL - 
    select
        r1_0.user_id,
        r1_1.id,
        r1_1.name 
    from
        user_roles r1_0 
    join
        roles r1_1 
            on r1_1.id=r1_0.role_id 
    where
        r1_0.user_id=?
2026-09-21 09:45:13 [http-nio-8080-exec-3] DEBUG B.i.security.UserDetailsServiceImpl - Loaded user: testuser with roles: [Bus_Ticket_booking.ijse.entity.Role@40]
2026-09-21 09:45:13 [http-nio-8080-exec-3] INFO  B.i.S.Serviceimpl.AuthServiceImpl - User logged in: testuser
2026-09-21 09:45:14 [http-nio-8080-exec-5] DEBUG org.hibernate.SQL - 
    select
        u1_0.id,
        u1_0.email,
        u1_0.enabled,
        u1_0.full_name,
        u1_0.password,
        u1_0.phone,
        u1_0.username 
    from
        users u1_0 
    where
        u1_0.username=?
2026-09-21 09:45:14 [http-nio-8080-exec-5] DEBUG org.hibernate.SQL - 
    select
        r1_0.user_id,
        r1_1.id,
        r1_1.name 
    from
        user_roles r1_0 
    join
        roles r1_1 
            on r1_1.id=r1_0.role_id 
    where
        r1_0.user_id=?
2026-09-21 09:45:14 [http-nio-8080-exec-5] DEBUG B.i.security.UserDetailsServiceImpl - Loaded user: testuser with roles: [Bus_Ticket_booking.ijse.entity.Role@40]
2026-09-21 09:45:14 [http-nio-8080-exec-5] DEBUG B.i.security.JwtAuthenticationFilter - Authenticated user: testuser, URI: /api/v1/bookings/my
2026-09-21 09:45:14 [http-nio-8080-exec-5] DEBUG org.hibernate.SQL - 
    select
        u1_0.id,
        u1_0.email,
        u1_0.enabled,
        u1_0.full_name,
        u1_0.password,
        u1_0.phone,
        u1_0.username 
    from
        users u1_0 
    where
        u1_0.username=?
2026-09-21 09:45:14 [http-nio-8080-exec-5] DEBUG org.hibernate.SQL - 
    select
        r1_0.user_id,
        r1_1.id,
        r1_1.name 
    from
        user_roles r1_0 
    join
        roles r1_1 
            on r1_1.id=r1_0.role_id 
    where
        r1_0.user_id=?
2026-09-21 09:45:14 [http-nio-8080-exec-5] DEBUG org.hibernate.SQL - 
    select
        b1_0.id,
        b1_0.booking_date,
        b1_0.passenger_id,
        b1_0.schedule_id,
        b1_0.status,
        b1_0.total_amount,
        b1_0.user_id 
    from
        bookings b1_0 
    where
        b1_0.user_id=?
2026-09-21 09:45:14 [http-nio-8080-exec-5] DEBUG org.hibernate.SQL - 
    select
        c1_0.id,
        c1_0.booking_id,
        c1_0.cancellation_date,
        c1_0.reason,
        c1_0.refund_amount,
        c1_0.status 
    from
        cancellations c1_0 
    where
        c1_0.booking_id=?
2026-09-21 09:45:14 [http-nio-8080-exec-5] DEBUG org.hibernate.SQL - 
    select
        p1_0.id,
        p1_0.amount,
        p1_0.booking_id,
        p1_0.method,
        p1_0.payment_date,
        p1_0.status,
        p1_0.transaction_id 
    from
        payments p1_0 
    where
        p1_0.booking_id=?
2026-09-21 09:45:14 [http-nio-8080-exec-5] DEBUG org.hibernate.SQL - 
    select
        c1_0.id,
        c1_0.booking_id,
        c1_0.cancellation_date,
        c1_0.reason,
        c1_0.refund_amount,
        c1_0.status 
    from
        cancellations c1_0 
    where
        c1_0.booking_id=?
2026-09-21 09:45:14 [http-nio-8080-exec-5] DEBUG org.hibernate.SQL - 
    select
        p1_0.id,
        p1_0.amount,
        p1_0.booking_id,
        p1_0.method,
        p1_0.payment_date,
        p1_0.status,
        p1_0.transaction_id 
    from
        payments p1_0 
    where
        p1_0.booking_id=?
2026-09-21 09:45:14 [http-nio-8080-exec-5] DEBUG org.hibernate.SQL - 
    select
        bs1_0.id,
        bs1_0.booking_id,
        bs1_0.bus_seat_id 
    from
        booking_seats bs1_0 
    where
        bs1_0.booking_id=?
2026-09-21 09:45:14 [http-nio-8080-exec-5] DEBUG org.hibernate.SQL - 
    select
        bs1_0.id,
        bs1_0.is_available,
        bs1_0.bus_id,
        bs1_0.seat_number,
        bs1_0.seat_type 
    from
        bus_seats bs1_0 
    where
        bs1_0.id=?
2026-09-21 09:45:14 [http-nio-8080-exec-5] DEBUG org.hibernate.SQL - 
    select
        s1_0.id,
        s1_0.active,
        s1_0.arrival_time,
        s1_0.available_seats,
        s1_0.bus_id,
        s1_0.departure_time,
        s1_0.fare,
        s1_0.route_id 
    from
        schedules s1_0 
    where
        s1_0.id=?
2026-09-21 09:45:14 [http-nio-8080-exec-5] DEBUG org.hibernate.SQL - 
    select
        r1_0.id,
        r1_0.active,
        r1_0.base_fare,
        r1_0.destination,
        r1_0.distance_km,
        r1_0.duration_minutes,
        r1_0.source 
    from
        routes r1_0 
    where
        r1_0.id=?
2026-09-21 09:45:14 [http-nio-8080-exec-5] DEBUG org.hibernate.SQL - 
    select
        b1_0.id,
        b1_0.is_active,
        b1_0.bus_name,
        b1_0.bus_number,
        b1_0.bus_type,
        b1_0.owner_id,
        b1_0.total_seats 
    from
        buses b1_0 
    where
        b1_0.id=?
2026-09-21 09:45:14 [http-nio-8080-exec-5] DEBUG org.hibernate.SQL - 
    select
        p1_0.id,
        p1_0.age,
        p1_0.first_name,
        p1_0.gender,
        p1_0.last_name,
        p1_0.nic,
        p1_0.phone 
    from
        passengers p1_0 
    where
        p1_0.id=?
2026-09-21 09:45:14 [http-nio-8080-exec-5] DEBUG org.hibernate.SQL - 
    select
        b1_0.id,
        b1_0.booking_date,
        b1_0.passenger_id,
        b1_0.schedule_id,
        b1_0.status,
        b1_0.total_amount,
        b1_0.user_id 
    from
        bookings b1_0 
    where
        b1_0.passenger_id=?
2026-09-21 09:45:14 [http-nio-8080-exec-5] DEBUG org.hibernate.SQL - 
    select
        bs1_0.id,
        bs1_0.booking_id,
        bs1_0.bus_seat_id 
    from
        booking_seats bs1_0 
    where
        bs1_0.booking_id=?
2026-09-21 09:45:14 [http-nio-8080-exec-5] DEBUG org.hibernate.SQL - 
    select
        bs1_0.id,
        bs1_0.is_available,
        bs1_0.bus_id,
        bs1_0.seat_number,
        bs1_0.seat_type 
    from
        bus_seats bs1_0 
    where
        bs1_0.id=?
2026-09-21 09:45:14 [http-nio-8080-exec-5] DEBUG org.hibernate.SQL - 
    select
        s1_0.id,
        s1_0.active,
        s1_0.arrival_time,
        s1_0.available_seats,
        s1_0.bus_id,
        s1_0.departure_time,
        s1_0.fare,
        s1_0.route_id 
    from
        schedules s1_0 
    where
        s1_0.id=?
2026-09-21 09:45:14 [http-nio-8080-exec-5] DEBUG org.hibernate.SQL - 
    select
        r1_0.id,
        r1_0.active,
        r1_0.base_fare,
        r1_0.destination,
        r1_0.distance_km,
        r1_0.duration_minutes,
        r1_0.source 
    from
        routes r1_0 
    where
        r1_0.id=?
2026-09-21 09:45:14 [http-nio-8080-exec-5] DEBUG org.hibernate.SQL - 
    select
        b1_0.id,
        b1_0.is_active,
        b1_0.bus_name,
        b1_0.bus_number,
        b1_0.bus_type,
        b1_0.owner_id,
        b1_0.total_seats 
    from
        buses b1_0 
    where
        b1_0.id=?
2026-09-21 09:45:14 [http-nio-8080-exec-5] DEBUG org.hibernate.SQL - 
    select
        p1_0.id,
        p1_0.age,
        p1_0.first_name,
        p1_0.gender,
        p1_0.last_name,
        p1_0.nic,
        p1_0.phone 
    from
        passengers p1_0 
    where
        p1_0.id=?
2026-09-21 09:45:14 [http-nio-8080-exec-5] DEBUG org.hibernate.SQL - 
    select
        b1_0.id,
        b1_0.booking_date,
        b1_0.passenger_id,
        b1_0.schedule_id,
        b1_0.status,
        b1_0.total_amount,
        b1_0.user_id 
    from
        bookings b1_0 
    where
        b1_0.passenger_id=?
2026-09-21 09:45:14 [http-nio-8080-exec-4] DEBUG org.hibernate.SQL - 
    select
        s1_0.id,
        s1_0.active,
        s1_0.arrival_time,
        s1_0.available_seats,
        s1_0.bus_id,
        s1_0.departure_time,
        s1_0.fare,
        s1_0.route_id 
    from
        schedules s1_0 
    where
        s1_0.route_id=? 
        and s1_0.active=1 
        and s1_0.departure_time between ? and ? 
    order by
        s1_0.departure_time
2026-09-21 09:45:36 [http-nio-8080-exec-7] INFO  B.ijse.Controller.AuthController - Login request for: testuser
2026-09-21 09:45:36 [http-nio-8080-exec-7] DEBUG org.hibernate.SQL - 
    select
        u1_0.id,
        u1_0.email,
        u1_0.enabled,
        u1_0.full_name,
        u1_0.password,
        u1_0.phone,
        u1_0.username 
    from
        users u1_0 
    where
        u1_0.username=?
2026-09-21 09:45:36 [http-nio-8080-exec-7] DEBUG org.hibernate.SQL - 
    select
        r1_0.user_id,
        r1_1.id,
        r1_1.name 
    from
        user_roles r1_0 
    join
        roles r1_1 
            on r1_1.id=r1_0.role_id 
    where
        r1_0.user_id=?
2026-09-21 09:45:36 [http-nio-8080-exec-7] DEBUG B.i.security.UserDetailsServiceImpl - Loaded user: testuser with roles: [Bus_Ticket_booking.ijse.entity.Role@40]
2026-09-21 09:45:37 [http-nio-8080-exec-7] INFO  B.i.S.Serviceimpl.AuthServiceImpl - User logged in: testuser
2026-09-21 09:45:37 [http-nio-8080-exec-8] DEBUG org.hibernate.SQL - 
    select
        u1_0.id,
        u1_0.email,
        u1_0.enabled,
        u1_0.full_name,
        u1_0.password,
        u1_0.phone,
        u1_0.username 
    from
        users u1_0 
    where
        u1_0.username=?
2026-09-21 09:45:37 [http-nio-8080-exec-8] DEBUG org.hibernate.SQL - 
    select
        r1_0.user_id,
        r1_1.id,
        r1_1.name 
    from
        user_roles r1_0 
    join
        roles r1_1 
            on r1_1.id=r1_0.role_id 
    where
        r1_0.user_id=?
2026-09-21 09:45:37 [http-nio-8080-exec-8] DEBUG B.i.security.UserDetailsServiceImpl - Loaded user: testuser with roles: [Bus_Ticket_booking.ijse.entity.Role@40]
2026-09-21 09:45:37 [http-nio-8080-exec-8] DEBUG B.i.security.JwtAuthenticationFilter - Authenticated user: testuser, URI: /api/v1/notifications
2026-09-21 09:45:37 [http-nio-8080-exec-8] DEBUG org.hibernate.SQL - 
    select
        u1_0.id,
        u1_0.email,
        u1_0.enabled,
        u1_0.full_name,
        u1_0.password,
        u1_0.phone,
        u1_0.username 
    from
        users u1_0 
    where
        u1_0.username=?
2026-09-21 09:45:37 [http-nio-8080-exec-8] DEBUG org.hibernate.SQL - 
    select
        r1_0.user_id,
        r1_1.id,
        r1_1.name 
    from
        user_roles r1_0 
    join
        roles r1_1 
            on r1_1.id=r1_0.role_id 
    where
        r1_0.user_id=?
2026-09-21 09:45:37 [http-nio-8080-exec-8] DEBUG org.hibernate.SQL - 
    select
        n1_0.id,
        n1_0.created_at,
        n1_0.message,
        n1_0.is_read,
        n1_0.type,
        n1_0.user_id 
    from
        notifications n1_0 
    where
        n1_0.user_id=? 
    order by
        n1_0.created_at desc
2026-09-21 09:45:37 [http-nio-8080-exec-9] DEBUG org.hibernate.SQL - 
    select
        u1_0.id,
        u1_0.email,
        u1_0.enabled,
        u1_0.full_name,
        u1_0.password,
        u1_0.phone,
        u1_0.username 
    from
        users u1_0 
    where
        u1_0.username=?
2026-09-21 09:45:37 [http-nio-8080-exec-9] DEBUG org.hibernate.SQL - 
    select
        r1_0.user_id,
        r1_1.id,
        r1_1.name 
    from
        user_roles r1_0 
    join
        roles r1_1 
            on r1_1.id=r1_0.role_id 
    where
        r1_0.user_id=?
2026-09-21 09:45:37 [http-nio-8080-exec-9] DEBUG B.i.security.UserDetailsServiceImpl - Loaded user: testuser with roles: [Bus_Ticket_booking.ijse.entity.Role@40]
2026-09-21 09:45:37 [http-nio-8080-exec-9] DEBUG B.i.security.JwtAuthenticationFilter - Authenticated user: testuser, URI: /api/v1/reviews/my
2026-09-21 09:45:37 [http-nio-8080-exec-9] DEBUG org.hibernate.SQL - 
    select
        u1_0.id,
        u1_0.email,
        u1_0.enabled,
        u1_0.full_name,
        u1_0.password,
        u1_0.phone,
        u1_0.username 
    from
        users u1_0 
    where
        u1_0.username=?
2026-09-21 09:45:37 [http-nio-8080-exec-9] DEBUG org.hibernate.SQL - 
    select
        r1_0.user_id,
        r1_1.id,
        r1_1.name 
    from
        user_roles r1_0 
    join
        roles r1_1 
            on r1_1.id=r1_0.role_id 
    where
        r1_0.user_id=?
2026-09-21 09:45:37 [http-nio-8080-exec-9] DEBUG org.hibernate.SQL - 
    select
        r1_0.id,
        r1_0.comment,
        r1_0.created_at,
        r1_0.rating,
        r1_0.route_id,
        r1_0.user_id 
    from
        reviews r1_0 
    where
        r1_0.user_id=?
2026-09-21 09:45:37 [http-nio-8080-exec-9] DEBUG org.hibernate.SQL - 
    select
        r1_0.id,
        r1_0.active,
        r1_0.base_fare,
        r1_0.destination,
        r1_0.distance_km,
        r1_0.duration_minutes,
        r1_0.source 
    from
        routes r1_0 
    where
        r1_0.id=?
2026-09-21 09:45:51 [http-nio-8080-exec-4] DEBUG org.hibernate.SQL - 
    select
        r1_0.id,
        r1_0.active,
        r1_0.base_fare,
        r1_0.destination,
        r1_0.distance_km,
        r1_0.duration_minutes,
        r1_0.source 
    from
        routes r1_0 
    where
        upper(r1_0.source)=upper(?) 
        and upper(r1_0.destination)=upper(?)
2026-09-21 09:45:51 [http-nio-8080-exec-4] DEBUG org.hibernate.SQL - 
    select
        avg(r1_0.rating) 
    from
        reviews r1_0 
    where
        r1_0.route_id=?
2026-09-21 09:46:31 [http-nio-8080-exec-2] ERROR B.i.exception.GlobalExceptionHandler - Unexpected error: No static resource favicon.ico.
org.springframework.web.servlet.resource.NoResourceFoundException: No static resource favicon.ico.
	at org.springframework.web.servlet.resource.ResourceHttpRequestHandler.handleRequest(ResourceHttpRequestHandler.java:585)
	at org.springframework.web.servlet.mvc.HttpRequestHandlerAdapter.handle(HttpRequestHandlerAdapter.java:52)
	at org.springframework.web.servlet.DispatcherServlet.doDispatch(DispatcherServlet.java:1089)
	at org.springframework.web.servlet.DispatcherServlet.doService(DispatcherServlet.java:979)
	at org.springframework.web.servlet.FrameworkServlet.processRequest(FrameworkServlet.java:1014)
	at org.springframework.web.servlet.FrameworkServlet.doGet(FrameworkServlet.java:903)
	at jakarta.servlet.http.HttpServlet.service(HttpServlet.java:564)
	at org.springframework.web.servlet.FrameworkServlet.service(FrameworkServlet.java:885)
	at jakarta.servlet.http.HttpServlet.service(HttpServlet.java:658)
	at org.apache.catalina.core.ApplicationFilterChain.internalDoFilter(ApplicationFilterChain.java:195)
	at org.apache.catalina.core.ApplicationFilterChain.doFilter(ApplicationFilterChain.java:140)
	at org.apache.tomcat.websocket.server.WsFilter.doFilter(WsFilter.java:51)
	at org.apache.catalina.core.ApplicationFilterChain.internalDoFilter(ApplicationFilterChain.java:164)
	at org.apache.catalina.core.ApplicationFilterChain.doFilter(ApplicationFilterChain.java:140)
	at org.springframework.web.filter.CorsFilter.doFilterInternal(CorsFilter.java:91)
	at org.springframework.web.filter.OncePerRequestFilter.doFilter(OncePerRequestFilter.java:116)
	at org.apache.catalina.core.ApplicationFilterChain.internalDoFilter(ApplicationFilterChain.java:164)
	at org.apache.catalina.core.ApplicationFilterChain.doFilter(ApplicationFilterChain.java:140)
	at org.springframework.web.filter.OncePerRequestFilter.doFilter(OncePerRequestFilter.java:110)
	at org.apache.catalina.core.ApplicationFilterChain.internalDoFilter(ApplicationFilterChain.java:164)
	at org.apache.catalina.core.ApplicationFilterChain.doFilter(ApplicationFilterChain.java:140)
	at org.springframework.web.filter.CompositeFilter$VirtualFilterChain.doFilter(CompositeFilter.java:108)
	at org.springframework.security.web.FilterChainProxy.lambda$doFilterInternal$3(FilterChainProxy.java:231)
	at org.springframework.security.web.FilterChainProxy$VirtualFilterChain.doFilter(FilterChainProxy.java:365)
	at org.springframework.security.web.access.intercept.AuthorizationFilter.doFilter(AuthorizationFilter.java:100)
	at org.springframework.security.web.FilterChainProxy$VirtualFilterChain.doFilter(FilterChainProxy.java:374)
	at org.springframework.security.web.access.ExceptionTranslationFilter.doFilter(ExceptionTranslationFilter.java:126)
	at org.springframework.security.web.access.ExceptionTranslationFilter.doFilter(ExceptionTranslationFilter.java:120)
	at org.springframework.security.web.FilterChainProxy$VirtualFilterChain.doFilter(FilterChainProxy.java:374)
	at org.springframework.security.web.session.SessionManagementFilter.doFilter(SessionManagementFilter.java:131)
	at org.springframework.security.web.session.SessionManagementFilter.doFilter(SessionManagementFilter.java:85)
	at org.springframework.security.web.FilterChainProxy$VirtualFilterChain.doFilter(FilterChainProxy.java:374)
	at org.springframework.security.web.authentication.AnonymousAuthenticationFilter.doFilter(AnonymousAuthenticationFilter.java:100)
	at org.springframework.security.web.FilterChainProxy$VirtualFilterChain.doFilter(FilterChainProxy.java:374)
	at org.springframework.security.web.servletapi.SecurityContextHolderAwareRequestFilter.doFilter(SecurityContextHolderAwareRequestFilter.java:179)
	at org.springframework.security.web.FilterChainProxy$VirtualFilterChain.doFilter(FilterChainProxy.java:374)
	at org.springframework.security.web.savedrequest.RequestCacheAwareFilter.doFilter(RequestCacheAwareFilter.java:63)
	at org.springframework.security.web.FilterChainProxy$VirtualFilterChain.doFilter(FilterChainProxy.java:374)
	at Bus_Ticket_booking.ijse.security.JwtAuthenticationFilter.doFilterInternal(JwtAuthenticationFilter.java:51)
	at org.springframework.web.filter.OncePerRequestFilter.doFilter(OncePerRequestFilter.java:116)
	at org.springframework.security.web.FilterChainProxy$VirtualFilterChain.doFilter(FilterChainProxy.java:374)
	at org.springframework.security.web.authentication.logout.LogoutFilter.doFilter(LogoutFilter.java:107)
	at org.springframework.security.web.authentication.logout.LogoutFilter.doFilter(LogoutFilter.java:93)
	at org.springframework.security.web.FilterChainProxy$VirtualFilterChain.doFilter(FilterChainProxy.java:374)
	at org.springframework.web.filter.CorsFilter.doFilterInternal(CorsFilter.java:91)
	at org.springframework.web.filter.OncePerRequestFilter.doFilter(OncePerRequestFilter.java:116)
	at org.springframework.security.web.FilterChainProxy$VirtualFilterChain.doFilter(FilterChainProxy.java:374)
	at org.springframework.security.web.header.HeaderWriterFilter.doHeadersAfter(HeaderWriterFilter.java:90)
	at org.springframework.security.web.header.HeaderWriterFilter.doFilterInternal(HeaderWriterFilter.java:75)
	at org.springframework.web.filter.OncePerRequestFilter.doFilter(OncePerRequestFilter.java:116)
	at org.springframework.security.web.FilterChainProxy$VirtualFilterChain.doFilter(FilterChainProxy.java:374)
	at org.springframework.security.web.context.SecurityContextHolderFilter.doFilter(SecurityContextHolderFilter.java:82)
	at org.springframework.security.web.context.SecurityContextHolderFilter.doFilter(SecurityContextHolderFilter.java:69)
	at org.springframework.security.web.FilterChainProxy$VirtualFilterChain.doFilter(FilterChainProxy.java:374)
	at org.springframework.security.web.context.request.async.WebAsyncManagerIntegrationFilter.doFilterInternal(WebAsyncManagerIntegrationFilter.java:62)
	at org.springframework.web.filter.OncePerRequestFilter.doFilter(OncePerRequestFilter.java:116)
	at org.springframework.security.web.FilterChainProxy$VirtualFilterChain.doFilter(FilterChainProxy.java:374)
	at org.springframework.security.web.session.DisableEncodeUrlFilter.doFilterInternal(DisableEncodeUrlFilter.java:42)
	at org.springframework.web.filter.OncePerRequestFilter.doFilter(OncePerRequestFilter.java:116)
	at org.springframework.security.web.FilterChainProxy$VirtualFilterChain.doFilter(FilterChainProxy.java:374)
	at org.springframework.security.web.FilterChainProxy.doFilterInternal(FilterChainProxy.java:233)
	at org.springframework.security.web.FilterChainProxy.doFilter(FilterChainProxy.java:191)
	at org.springframework.web.filter.CompositeFilter$VirtualFilterChain.doFilter(CompositeFilter.java:113)
	at org.springframework.web.servlet.handler.HandlerMappingIntrospector.lambda$createCacheFilter$3(HandlerMappingIntrospector.java:195)
	at org.springframework.web.filter.CompositeFilter$VirtualFilterChain.doFilter(CompositeFilter.java:113)
	at org.springframework.web.filter.CompositeFilter.doFilter(CompositeFilter.java:74)
	at org.springframework.security.config.annotation.web.configuration.WebMvcSecurityConfiguration$CompositeFilterChainProxy.doFilter(WebMvcSecurityConfiguration.java:230)
	at org.springframework.web.filter.DelegatingFilterProxy.invokeDelegate(DelegatingFilterProxy.java:362)
	at org.springframework.web.filter.DelegatingFilterProxy.doFilter(DelegatingFilterProxy.java:278)
	at org.apache.catalina.core.ApplicationFilterChain.internalDoFilter(ApplicationFilterChain.java:164)
	at org.apache.catalina.core.ApplicationFilterChain.doFilter(ApplicationFilterChain.java:140)
	at org.springframework.web.filter.RequestContextFilter.doFilterInternal(RequestContextFilter.java:100)
	at org.springframework.web.filter.OncePerRequestFilter.doFilter(OncePerRequestFilter.java:116)
	at org.apache.catalina.core.ApplicationFilterChain.internalDoFilter(ApplicationFilterChain.java:164)
	at org.apache.catalina.core.ApplicationFilterChain.doFilter(ApplicationFilterChain.java:140)
	at org.springframework.web.filter.FormContentFilter.doFilterInternal(FormContentFilter.java:93)
	at org.springframework.web.filter.OncePerRequestFilter.doFilter(OncePerRequestFilter.java:116)
	at org.apache.catalina.core.ApplicationFilterChain.internalDoFilter(ApplicationFilterChain.java:164)
	at org.apache.catalina.core.ApplicationFilterChain.doFilter(ApplicationFilterChain.java:140)
	at org.springframework.web.filter.CharacterEncodingFilter.doFilterInternal(CharacterEncodingFilter.java:201)
	at org.springframework.web.filter.OncePerRequestFilter.doFilter(OncePerRequestFilter.java:116)
	at org.apache.catalina.core.ApplicationFilterChain.internalDoFilter(ApplicationFilterChain.java:164)
	at org.apache.catalina.core.ApplicationFilterChain.doFilter(ApplicationFilterChain.java:140)
	at org.apache.catalina.core.StandardWrapperValve.invoke(StandardWrapperValve.java:167)
	at org.apache.catalina.core.StandardContextValve.invoke(StandardContextValve.java:90)
	at org.apache.catalina.authenticator.AuthenticatorBase.invoke(AuthenticatorBase.java:483)
	at org.apache.catalina.core.StandardHostValve.invoke(StandardHostValve.java:115)
	at org.apache.catalina.valves.ErrorReportValve.invoke(ErrorReportValve.java:93)
	at org.apache.catalina.core.StandardEngineValve.invoke(StandardEngineValve.java:74)
	at org.apache.catalina.connector.CoyoteAdapter.service(CoyoteAdapter.java:344)
	at org.apache.coyote.http11.Http11Processor.service(Http11Processor.java:384)
	at org.apache.coyote.AbstractProcessorLight.process(AbstractProcessorLight.java:63)
	at org.apache.coyote.AbstractProtocol$ConnectionHandler.process(AbstractProtocol.java:905)
	at org.apache.tomcat.util.net.NioEndpoint$SocketProcessor.doRun(NioEndpoint.java:1741)
	at org.apache.tomcat.util.net.SocketProcessorBase.run(SocketProcessorBase.java:52)
	at org.apache.tomcat.util.threads.ThreadPoolExecutor.runWorker(ThreadPoolExecutor.java:1190)
	at org.apache.tomcat.util.threads.ThreadPoolExecutor$Worker.run(ThreadPoolExecutor.java:659)
	at org.apache.tomcat.util.threads.TaskThread$WrappingRunnable.run(TaskThread.java:63)
	at java.base/java.lang.Thread.run(Thread.java:1583)
2026-09-21 09:47:20 [http-nio-8080-exec-5] INFO  B.ijse.Controller.AuthController - Login request for: testuser
2026-09-21 09:47:20 [http-nio-8080-exec-5] DEBUG org.hibernate.SQL - 
    select
        u1_0.id,
        u1_0.email,
        u1_0.enabled,
        u1_0.full_name,
        u1_0.password,
        u1_0.phone,
        u1_0.username 
    from
        users u1_0 
    where
        u1_0.username=?
2026-09-21 09:47:20 [http-nio-8080-exec-5] DEBUG org.hibernate.SQL - 
    select
        r1_0.user_id,
        r1_1.id,
        r1_1.name 
    from
        user_roles r1_0 
    join
        roles r1_1 
            on r1_1.id=r1_0.role_id 
    where
        r1_0.user_id=?
2026-09-21 09:47:20 [http-nio-8080-exec-5] DEBUG B.i.security.UserDetailsServiceImpl - Loaded user: testuser with roles: [Bus_Ticket_booking.ijse.entity.Role@40]
2026-09-21 09:47:21 [http-nio-8080-exec-5] INFO  B.i.S.Serviceimpl.AuthServiceImpl - User logged in: testuser
2026-09-21 09:47:23 [http-nio-8080-exec-7] DEBUG org.hibernate.SQL - 
    select
        u1_0.id,
        u1_0.email,
        u1_0.enabled,
        u1_0.full_name,
        u1_0.password,
        u1_0.phone,
        u1_0.username 
    from
        users u1_0 
    where
        u1_0.username=?
2026-09-21 09:47:23 [http-nio-8080-exec-8] DEBUG org.hibernate.SQL - 
    select
        u1_0.id,
        u1_0.email,
        u1_0.enabled,
        u1_0.full_name,
        u1_0.password,
        u1_0.phone,
        u1_0.username 
    from
        users u1_0 
    where
        u1_0.username=?
2026-09-21 09:47:23 [http-nio-8080-exec-7] DEBUG org.hibernate.SQL - 
    select
        r1_0.user_id,
        r1_1.id,
        r1_1.name 
    from
        user_roles r1_0 
    join
        roles r1_1 
            on r1_1.id=r1_0.role_id 
    where
        r1_0.user_id=?
2026-09-21 09:47:23 [http-nio-8080-exec-8] DEBUG org.hibernate.SQL - 
    select
        r1_0.user_id,
        r1_1.id,
        r1_1.name 
    from
        user_roles r1_0 
    join
        roles r1_1 
            on r1_1.id=r1_0.role_id 
    where
        r1_0.user_id=?
2026-09-21 09:47:23 [http-nio-8080-exec-8] DEBUG B.i.security.UserDetailsServiceImpl - Loaded user: testuser with roles: [Bus_Ticket_booking.ijse.entity.Role@40]
2026-09-21 09:47:23 [http-nio-8080-exec-7] DEBUG B.i.security.UserDetailsServiceImpl - Loaded user: testuser with roles: [Bus_Ticket_booking.ijse.entity.Role@40]
2026-09-21 09:47:23 [http-nio-8080-exec-9] DEBUG org.hibernate.SQL - 
    select
        u1_0.id,
        u1_0.email,
        u1_0.enabled,
        u1_0.full_name,
        u1_0.password,
        u1_0.phone,
        u1_0.username 
    from
        users u1_0 
    where
        u1_0.username=?
2026-09-21 09:47:23 [http-nio-8080-exec-9] DEBUG org.hibernate.SQL - 
    select
        r1_0.user_id,
        r1_1.id,
        r1_1.name 
    from
        user_roles r1_0 
    join
        roles r1_1 
            on r1_1.id=r1_0.role_id 
    where
        r1_0.user_id=?
2026-09-21 09:47:23 [http-nio-8080-exec-7] DEBUG B.i.security.JwtAuthenticationFilter - Authenticated user: testuser, URI: /api/v1/bookings/my
2026-09-21 09:47:23 [http-nio-8080-exec-8] DEBUG B.i.security.JwtAuthenticationFilter - Authenticated user: testuser, URI: /api/v1/notifications
2026-09-21 09:47:23 [http-nio-8080-exec-9] DEBUG B.i.security.UserDetailsServiceImpl - Loaded user: testuser with roles: [Bus_Ticket_booking.ijse.entity.Role@40]
2026-09-21 09:47:23 [http-nio-8080-exec-8] DEBUG org.hibernate.SQL - 
    select
        u1_0.id,
        u1_0.email,
        u1_0.enabled,
        u1_0.full_name,
        u1_0.password,
        u1_0.phone,
        u1_0.username 
    from
        users u1_0 
    where
        u1_0.username=?
2026-09-21 09:47:23 [http-nio-8080-exec-7] DEBUG org.hibernate.SQL - 
    select
        u1_0.id,
        u1_0.email,
        u1_0.enabled,
        u1_0.full_name,
        u1_0.password,
        u1_0.phone,
        u1_0.username 
    from
        users u1_0 
    where
        u1_0.username=?
2026-09-21 09:47:23 [http-nio-8080-exec-9] DEBUG B.i.security.JwtAuthenticationFilter - Authenticated user: testuser, URI: /api/v1/reviews/my
2026-09-21 09:47:23 [http-nio-8080-exec-7] DEBUG org.hibernate.SQL - 
    select
        r1_0.user_id,
        r1_1.id,
        r1_1.name 
    from
        user_roles r1_0 
    join
        roles r1_1 
            on r1_1.id=r1_0.role_id 
    where
        r1_0.user_id=?
2026-09-21 09:47:23 [http-nio-8080-exec-8] DEBUG org.hibernate.SQL - 
    select
        r1_0.user_id,
        r1_1.id,
        r1_1.name 
    from
        user_roles r1_0 
    join
        roles r1_1 
            on r1_1.id=r1_0.role_id 
    where
        r1_0.user_id=?
2026-09-21 09:47:23 [http-nio-8080-exec-7] DEBUG org.hibernate.SQL - 
    select
        b1_0.id,
        b1_0.booking_date,
        b1_0.passenger_id,
        b1_0.schedule_id,
        b1_0.status,
        b1_0.total_amount,
        b1_0.user_id 
    from
        bookings b1_0 
    where
        b1_0.user_id=?
2026-09-21 09:47:23 [http-nio-8080-exec-8] DEBUG org.hibernate.SQL - 
    select
        n1_0.id,
        n1_0.created_at,
        n1_0.message,
        n1_0.is_read,
        n1_0.type,
        n1_0.user_id 
    from
        notifications n1_0 
    where
        n1_0.user_id=? 
    order by
        n1_0.created_at desc
2026-09-21 09:47:23 [http-nio-8080-exec-10] ERROR B.i.exception.GlobalExceptionHandler - Unexpected error: No static resource favicon.ico.
org.springframework.web.servlet.resource.NoResourceFoundException: No static resource favicon.ico.
	at org.springframework.web.servlet.resource.ResourceHttpRequestHandler.handleRequest(ResourceHttpRequestHandler.java:585)
	at org.springframework.web.servlet.mvc.HttpRequestHandlerAdapter.handle(HttpRequestHandlerAdapter.java:52)
	at org.springframework.web.servlet.DispatcherServlet.doDispatch(DispatcherServlet.java:1089)
	at org.springframework.web.servlet.DispatcherServlet.doService(DispatcherServlet.java:979)
	at org.springframework.web.servlet.FrameworkServlet.processRequest(FrameworkServlet.java:1014)
	at org.springframework.web.servlet.FrameworkServlet.doGet(FrameworkServlet.java:903)
	at jakarta.servlet.http.HttpServlet.service(HttpServlet.java:564)
	at org.springframework.web.servlet.FrameworkServlet.service(FrameworkServlet.java:885)
	at jakarta.servlet.http.HttpServlet.service(HttpServlet.java:658)
	at org.apache.catalina.core.ApplicationFilterChain.internalDoFilter(ApplicationFilterChain.java:195)
	at org.apache.catalina.core.ApplicationFilterChain.doFilter(ApplicationFilterChain.java:140)
	at org.apache.tomcat.websocket.server.WsFilter.doFilter(WsFilter.java:51)
	at org.apache.catalina.core.ApplicationFilterChain.internalDoFilter(ApplicationFilterChain.java:164)
	at org.apache.catalina.core.ApplicationFilterChain.doFilter(ApplicationFilterChain.java:140)
	at org.springframework.web.filter.CorsFilter.doFilterInternal(CorsFilter.java:91)
	at org.springframework.web.filter.OncePerRequestFilter.doFilter(OncePerRequestFilter.java:116)
	at org.apache.catalina.core.ApplicationFilterChain.internalDoFilter(ApplicationFilterChain.java:164)
	at org.apache.catalina.core.ApplicationFilterChain.doFilter(ApplicationFilterChain.java:140)
	at org.springframework.web.filter.OncePerRequestFilter.doFilter(OncePerRequestFilter.java:110)
	at org.apache.catalina.core.ApplicationFilterChain.internalDoFilter(ApplicationFilterChain.java:164)
	at org.apache.catalina.core.ApplicationFilterChain.doFilter(ApplicationFilterChain.java:140)
	at org.springframework.web.filter.CompositeFilter$VirtualFilterChain.doFilter(CompositeFilter.java:108)
	at org.springframework.security.web.FilterChainProxy.lambda$doFilterInternal$3(FilterChainProxy.java:231)
	at org.springframework.security.web.FilterChainProxy$VirtualFilterChain.doFilter(FilterChainProxy.java:365)
	at org.springframework.security.web.access.intercept.AuthorizationFilter.doFilter(AuthorizationFilter.java:100)
	at org.springframework.security.web.FilterChainProxy$VirtualFilterChain.doFilter(FilterChainProxy.java:374)
	at org.springframework.security.web.access.ExceptionTranslationFilter.doFilter(ExceptionTranslationFilter.java:126)
	at org.springframework.security.web.access.ExceptionTranslationFilter.doFilter(ExceptionTranslationFilter.java:120)
	at org.springframework.security.web.FilterChainProxy$VirtualFilterChain.doFilter(FilterChainProxy.java:374)
	at org.springframework.security.web.session.SessionManagementFilter.doFilter(SessionManagementFilter.java:131)
	at org.springframework.security.web.session.SessionManagementFilter.doFilter(SessionManagementFilter.java:85)
	at org.springframework.security.web.FilterChainProxy$VirtualFilterChain.doFilter(FilterChainProxy.java:374)
	at org.springframework.security.web.authentication.AnonymousAuthenticationFilter.doFilter(AnonymousAuthenticationFilter.java:100)
	at org.springframework.security.web.FilterChainProxy$VirtualFilterChain.doFilter(FilterChainProxy.java:374)
	at org.springframework.security.web.servletapi.SecurityContextHolderAwareRequestFilter.doFilter(SecurityContextHolderAwareRequestFilter.java:179)
	at org.springframework.security.web.FilterChainProxy$VirtualFilterChain.doFilter(FilterChainProxy.java:374)
	at org.springframework.security.web.savedrequest.RequestCacheAwareFilter.doFilter(RequestCacheAwareFilter.java:63)
	at org.springframework.security.web.FilterChainProxy$VirtualFilterChain.doFilter(FilterChainProxy.java:374)
	at Bus_Ticket_booking.ijse.security.JwtAuthenticationFilter.doFilterInternal(JwtAuthenticationFilter.java:51)
	at org.springframework.web.filter.OncePerRequestFilter.doFilter(OncePerRequestFilter.java:116)
	at org.springframework.security.web.FilterChainProxy$VirtualFilterChain.doFilter(FilterChainProxy.java:374)
	at org.springframework.security.web.authentication.logout.LogoutFilter.doFilter(LogoutFilter.java:107)
	at org.springframework.security.web.authentication.logout.LogoutFilter.doFilter(LogoutFilter.java:93)
	at org.springframework.security.web.FilterChainProxy$VirtualFilterChain.doFilter(FilterChainProxy.java:374)
	at org.springframework.web.filter.CorsFilter.doFilterInternal(CorsFilter.java:91)
	at org.springframework.web.filter.OncePerRequestFilter.doFilter(OncePerRequestFilter.java:116)
	at org.springframework.security.web.FilterChainProxy$VirtualFilterChain.doFilter(FilterChainProxy.java:374)
	at org.springframework.security.web.header.HeaderWriterFilter.doHeadersAfter(HeaderWriterFilter.java:90)
	at org.springframework.security.web.header.HeaderWriterFilter.doFilterInternal(HeaderWriterFilter.java:75)
	at org.springframework.web.filter.OncePerRequestFilter.doFilter(OncePerRequestFilter.java:116)
	at org.springframework.security.web.FilterChainProxy$VirtualFilterChain.doFilter(FilterChainProxy.java:374)
	at org.springframework.security.web.context.SecurityContextHolderFilter.doFilter(SecurityContextHolderFilter.java:82)
	at org.springframework.security.web.context.SecurityContextHolderFilter.doFilter(SecurityContextHolderFilter.java:69)
	at org.springframework.security.web.FilterChainProxy$VirtualFilterChain.doFilter(FilterChainProxy.java:374)
	at org.springframework.security.web.context.request.async.WebAsyncManagerIntegrationFilter.doFilterInternal(WebAsyncManagerIntegrationFilter.java:62)
	at org.springframework.web.filter.OncePerRequestFilter.doFilter(OncePerRequestFilter.java:116)
	at org.springframework.security.web.FilterChainProxy$VirtualFilterChain.doFilter(FilterChainProxy.java:374)
	at org.springframework.security.web.session.DisableEncodeUrlFilter.doFilterInternal(DisableEncodeUrlFilter.java:42)
	at org.springframework.web.filter.OncePerRequestFilter.doFilter(OncePerRequestFilter.java:116)
	at org.springframework.security.web.FilterChainProxy$VirtualFilterChain.doFilter(FilterChainProxy.java:374)
	at org.springframework.security.web.FilterChainProxy.doFilterInternal(FilterChainProxy.java:233)
	at org.springframework.security.web.FilterChainProxy.doFilter(FilterChainProxy.java:191)
	at org.springframework.web.filter.CompositeFilter$VirtualFilterChain.doFilter(CompositeFilter.java:113)
	at org.springframework.web.servlet.handler.HandlerMappingIntrospector.lambda$createCacheFilter$3(HandlerMappingIntrospector.java:195)
	at org.springframework.web.filter.CompositeFilter$VirtualFilterChain.doFilter(CompositeFilter.java:113)
	at org.springframework.web.filter.CompositeFilter.doFilter(CompositeFilter.java:74)
	at org.springframework.security.config.annotation.web.configuration.WebMvcSecurityConfiguration$CompositeFilterChainProxy.doFilter(WebMvcSecurityConfiguration.java:230)
	at org.springframework.web.filter.DelegatingFilterProxy.invokeDelegate(DelegatingFilterProxy.java:362)
	at org.springframework.web.filter.DelegatingFilterProxy.doFilter(DelegatingFilterProxy.java:278)
	at org.apache.catalina.core.ApplicationFilterChain.internalDoFilter(ApplicationFilterChain.java:164)
	at org.apache.catalina.core.ApplicationFilterChain.doFilter(ApplicationFilterChain.java:140)
	at org.springframework.web.filter.RequestContextFilter.doFilterInternal(RequestContextFilter.java:100)
	at org.springframework.web.filter.OncePerRequestFilter.doFilter(OncePerRequestFilter.java:116)
	at org.apache.catalina.core.ApplicationFilterChain.internalDoFilter(ApplicationFilterChain.java:164)
	at org.apache.catalina.core.ApplicationFilterChain.doFilter(ApplicationFilterChain.java:140)
	at org.springframework.web.filter.FormContentFilter.doFilterInternal(FormContentFilter.java:93)
	at org.springframework.web.filter.OncePerRequestFilter.doFilter(OncePerRequestFilter.java:116)
	at org.apache.catalina.core.ApplicationFilterChain.internalDoFilter(ApplicationFilterChain.java:164)
	at org.apache.catalina.core.ApplicationFilterChain.doFilter(ApplicationFilterChain.java:140)
	at org.springframework.web.filter.CharacterEncodingFilter.doFilterInternal(CharacterEncodingFilter.java:201)
	at org.springframework.web.filter.OncePerRequestFilter.doFilter(OncePerRequestFilter.java:116)
	at org.apache.catalina.core.ApplicationFilterChain.internalDoFilter(ApplicationFilterChain.java:164)
	at org.apache.catalina.core.ApplicationFilterChain.doFilter(ApplicationFilterChain.java:140)
	at org.apache.catalina.core.StandardWrapperValve.invoke(StandardWrapperValve.java:167)
	at org.apache.catalina.core.StandardContextValve.invoke(StandardContextValve.java:90)
	at org.apache.catalina.authenticator.AuthenticatorBase.invoke(AuthenticatorBase.java:483)
	at org.apache.catalina.core.StandardHostValve.invoke(StandardHostValve.java:115)
	at org.apache.catalina.valves.ErrorReportValve.invoke(ErrorReportValve.java:93)
	at org.apache.catalina.core.StandardEngineValve.invoke(StandardEngineValve.java:74)
	at org.apache.catalina.connector.CoyoteAdapter.service(CoyoteAdapter.java:344)
	at org.apache.coyote.http11.Http11Processor.service(Http11Processor.java:384)
	at org.apache.coyote.AbstractProcessorLight.process(AbstractProcessorLight.java:63)
	at org.apache.coyote.AbstractProtocol$ConnectionHandler.process(AbstractProtocol.java:905)
	at org.apache.tomcat.util.net.NioEndpoint$SocketProcessor.doRun(NioEndpoint.java:1741)
	at org.apache.tomcat.util.net.SocketProcessorBase.run(SocketProcessorBase.java:52)
	at org.apache.tomcat.util.threads.ThreadPoolExecutor.runWorker(ThreadPoolExecutor.java:1190)
	at org.apache.tomcat.util.threads.ThreadPoolExecutor$Worker.run(ThreadPoolExecutor.java:659)
	at org.apache.tomcat.util.threads.TaskThread$WrappingRunnable.run(TaskThread.java:63)
	at java.base/java.lang.Thread.run(Thread.java:1583)
2026-09-21 09:47:23 [http-nio-8080-exec-9] DEBUG org.hibernate.SQL - 
    select
        u1_0.id,
        u1_0.email,
        u1_0.enabled,
        u1_0.full_name,
        u1_0.password,
        u1_0.phone,
        u1_0.username 
    from
        users u1_0 
    where
        u1_0.username=?
2026-09-21 09:47:23 [http-nio-8080-exec-7] DEBUG org.hibernate.SQL - 
    select
        c1_0.id,
        c1_0.booking_id,
        c1_0.cancellation_date,
        c1_0.reason,
        c1_0.refund_amount,
        c1_0.status 
    from
        cancellations c1_0 
    where
        c1_0.booking_id=?
2026-09-21 09:47:23 [http-nio-8080-exec-9] DEBUG org.hibernate.SQL - 
    select
        r1_0.user_id,
        r1_1.id,
        r1_1.name 
    from
        user_roles r1_0 
    join
        roles r1_1 
            on r1_1.id=r1_0.role_id 
    where
        r1_0.user_id=?
2026-09-21 09:47:23 [http-nio-8080-exec-7] DEBUG org.hibernate.SQL - 
    select
        p1_0.id,
        p1_0.amount,
        p1_0.booking_id,
        p1_0.method,
        p1_0.payment_date,
        p1_0.status,
        p1_0.transaction_id 
    from
        payments p1_0 
    where
        p1_0.booking_id=?
2026-09-21 09:47:23 [http-nio-8080-exec-9] DEBUG org.hibernate.SQL - 
    select
        r1_0.id,
        r1_0.comment,
        r1_0.created_at,
        r1_0.rating,
        r1_0.route_id,
        r1_0.user_id 
    from
        reviews r1_0 
    where
        r1_0.user_id=?
2026-09-21 09:47:23 [http-nio-8080-exec-7] DEBUG org.hibernate.SQL - 
    select
        c1_0.id,
        c1_0.booking_id,
        c1_0.cancellation_date,
        c1_0.reason,
        c1_0.refund_amount,
        c1_0.status 
    from
        cancellations c1_0 
    where
        c1_0.booking_id=?
2026-09-21 09:47:23 [http-nio-8080-exec-9] DEBUG org.hibernate.SQL - 
    select
        r1_0.id,
        r1_0.active,
        r1_0.base_fare,
        r1_0.destination,
        r1_0.distance_km,
        r1_0.duration_minutes,
        r1_0.source 
    from
        routes r1_0 
    where
        r1_0.id=?
2026-09-21 09:47:23 [http-nio-8080-exec-7] DEBUG org.hibernate.SQL - 
    select
        p1_0.id,
        p1_0.amount,
        p1_0.booking_id,
        p1_0.method,
        p1_0.payment_date,
        p1_0.status,
        p1_0.transaction_id 
    from
        payments p1_0 
    where
        p1_0.booking_id=?
2026-09-21 09:47:23 [http-nio-8080-exec-7] DEBUG org.hibernate.SQL - 
    select
        bs1_0.id,
        bs1_0.booking_id,
        bs1_0.bus_seat_id 
    from
        booking_seats bs1_0 
    where
        bs1_0.booking_id=?
2026-09-21 09:47:23 [http-nio-8080-exec-7] DEBUG org.hibernate.SQL - 
    select
        bs1_0.id,
        bs1_0.is_available,
        bs1_0.bus_id,
        bs1_0.seat_number,
        bs1_0.seat_type 
    from
        bus_seats bs1_0 
    where
        bs1_0.id=?
2026-09-21 09:47:23 [http-nio-8080-exec-7] DEBUG org.hibernate.SQL - 
    select
        s1_0.id,
        s1_0.active,
        s1_0.arrival_time,
        s1_0.available_seats,
        s1_0.bus_id,
        s1_0.departure_time,
        s1_0.fare,
        s1_0.route_id 
    from
        schedules s1_0 
    where
        s1_0.id=?
2026-09-21 09:47:23 [http-nio-8080-exec-7] DEBUG org.hibernate.SQL - 
    select
        r1_0.id,
        r1_0.active,
        r1_0.base_fare,
        r1_0.destination,
        r1_0.distance_km,
        r1_0.duration_minutes,
        r1_0.source 
    from
        routes r1_0 
    where
        r1_0.id=?
2026-09-21 09:47:23 [http-nio-8080-exec-7] DEBUG org.hibernate.SQL - 
    select
        b1_0.id,
        b1_0.is_active,
        b1_0.bus_name,
        b1_0.bus_number,
        b1_0.bus_type,
        b1_0.owner_id,
        b1_0.total_seats 
    from
        buses b1_0 
    where
        b1_0.id=?
2026-09-21 09:47:23 [http-nio-8080-exec-7] DEBUG org.hibernate.SQL - 
    select
        p1_0.id,
        p1_0.age,
        p1_0.first_name,
        p1_0.gender,
        p1_0.last_name,
        p1_0.nic,
        p1_0.phone 
    from
        passengers p1_0 
    where
        p1_0.id=?
2026-09-21 09:47:23 [http-nio-8080-exec-7] DEBUG org.hibernate.SQL - 
    select
        b1_0.id,
        b1_0.booking_date,
        b1_0.passenger_id,
        b1_0.schedule_id,
        b1_0.status,
        b1_0.total_amount,
        b1_0.user_id 
    from
        bookings b1_0 
    where
        b1_0.passenger_id=?
2026-09-21 09:47:23 [http-nio-8080-exec-7] DEBUG org.hibernate.SQL - 
    select
        bs1_0.id,
        bs1_0.booking_id,
        bs1_0.bus_seat_id 
    from
        booking_seats bs1_0 
    where
        bs1_0.booking_id=?
2026-09-21 09:47:23 [http-nio-8080-exec-7] DEBUG org.hibernate.SQL - 
    select
        bs1_0.id,
        bs1_0.is_available,
        bs1_0.bus_id,
        bs1_0.seat_number,
        bs1_0.seat_type 
    from
        bus_seats bs1_0 
    where
        bs1_0.id=?
2026-09-21 09:47:23 [http-nio-8080-exec-7] DEBUG org.hibernate.SQL - 
    select
        s1_0.id,
        s1_0.active,
        s1_0.arrival_time,
        s1_0.available_seats,
        s1_0.bus_id,
        s1_0.departure_time,
        s1_0.fare,
        s1_0.route_id 
    from
        schedules s1_0 
    where
        s1_0.id=?
2026-09-21 09:47:23 [http-nio-8080-exec-7] DEBUG org.hibernate.SQL - 
    select
        r1_0.id,
        r1_0.active,
        r1_0.base_fare,
        r1_0.destination,
        r1_0.distance_km,
        r1_0.duration_minutes,
        r1_0.source 
    from
        routes r1_0 
    where
        r1_0.id=?
2026-09-21 09:47:23 [http-nio-8080-exec-7] DEBUG org.hibernate.SQL - 
    select
        b1_0.id,
        b1_0.is_active,
        b1_0.bus_name,
        b1_0.bus_number,
        b1_0.bus_type,
        b1_0.owner_id,
        b1_0.total_seats 
    from
        buses b1_0 
    where
        b1_0.id=?
2026-09-21 09:47:23 [http-nio-8080-exec-7] DEBUG org.hibernate.SQL - 
    select
        p1_0.id,
        p1_0.age,
        p1_0.first_name,
        p1_0.gender,
        p1_0.last_name,
        p1_0.nic,
        p1_0.phone 
    from
        passengers p1_0 
    where
        p1_0.id=?
2026-09-21 09:47:23 [http-nio-8080-exec-7] DEBUG org.hibernate.SQL - 
    select
        b1_0.id,
        b1_0.booking_date,
        b1_0.passenger_id,
        b1_0.schedule_id,
        b1_0.status,
        b1_0.total_amount,
        b1_0.user_id 
    from
        bookings b1_0 
    where
        b1_0.passenger_id=?
2026-09-21 09:49:01 [http-nio-8080-exec-8] ERROR B.i.exception.GlobalExceptionHandler - Unexpected error: No static resource favicon.ico.
org.springframework.web.servlet.resource.NoResourceFoundException: No static resource favicon.ico.
	at org.springframework.web.servlet.resource.ResourceHttpRequestHandler.handleRequest(ResourceHttpRequestHandler.java:585)
	at org.springframework.web.servlet.mvc.HttpRequestHandlerAdapter.handle(HttpRequestHandlerAdapter.java:52)
	at org.springframework.web.servlet.DispatcherServlet.doDispatch(DispatcherServlet.java:1089)
	at org.springframework.web.servlet.DispatcherServlet.doService(DispatcherServlet.java:979)
	at org.springframework.web.servlet.FrameworkServlet.processRequest(FrameworkServlet.java:1014)
	at org.springframework.web.servlet.FrameworkServlet.doGet(FrameworkServlet.java:903)
	at jakarta.servlet.http.HttpServlet.service(HttpServlet.java:564)
	at org.springframework.web.servlet.FrameworkServlet.service(FrameworkServlet.java:885)
	at jakarta.servlet.http.HttpServlet.service(HttpServlet.java:658)
	at org.apache.catalina.core.ApplicationFilterChain.internalDoFilter(ApplicationFilterChain.java:195)
	at org.apache.catalina.core.ApplicationFilterChain.doFilter(ApplicationFilterChain.java:140)
	at org.apache.tomcat.websocket.server.WsFilter.doFilter(WsFilter.java:51)
	at org.apache.catalina.core.ApplicationFilterChain.internalDoFilter(ApplicationFilterChain.java:164)
	at org.apache.catalina.core.ApplicationFilterChain.doFilter(ApplicationFilterChain.java:140)
	at org.springframework.web.filter.CorsFilter.doFilterInternal(CorsFilter.java:91)
	at org.springframework.web.filter.OncePerRequestFilter.doFilter(OncePerRequestFilter.java:116)
	at org.apache.catalina.core.ApplicationFilterChain.internalDoFilter(ApplicationFilterChain.java:164)
	at org.apache.catalina.core.ApplicationFilterChain.doFilter(ApplicationFilterChain.java:140)
	at org.springframework.web.filter.OncePerRequestFilter.doFilter(OncePerRequestFilter.java:110)
	at org.apache.catalina.core.ApplicationFilterChain.internalDoFilter(ApplicationFilterChain.java:164)
	at org.apache.catalina.core.ApplicationFilterChain.doFilter(ApplicationFilterChain.java:140)
	at org.springframework.web.filter.CompositeFilter$VirtualFilterChain.doFilter(CompositeFilter.java:108)
	at org.springframework.security.web.FilterChainProxy.lambda$doFilterInternal$3(FilterChainProxy.java:231)
	at org.springframework.security.web.FilterChainProxy$VirtualFilterChain.doFilter(FilterChainProxy.java:365)
	at org.springframework.security.web.access.intercept.AuthorizationFilter.doFilter(AuthorizationFilter.java:100)
	at org.springframework.security.web.FilterChainProxy$VirtualFilterChain.doFilter(FilterChainProxy.java:374)
	at org.springframework.security.web.access.ExceptionTranslationFilter.doFilter(ExceptionTranslationFilter.java:126)
	at org.springframework.security.web.access.ExceptionTranslationFilter.doFilter(ExceptionTranslationFilter.java:120)
	at org.springframework.security.web.FilterChainProxy$VirtualFilterChain.doFilter(FilterChainProxy.java:374)
	at org.springframework.security.web.session.SessionManagementFilter.doFilter(SessionManagementFilter.java:131)
	at org.springframework.security.web.session.SessionManagementFilter.doFilter(SessionManagementFilter.java:85)
	at org.springframework.security.web.FilterChainProxy$VirtualFilterChain.doFilter(FilterChainProxy.java:374)
	at org.springframework.security.web.authentication.AnonymousAuthenticationFilter.doFilter(AnonymousAuthenticationFilter.java:100)
	at org.springframework.security.web.FilterChainProxy$VirtualFilterChain.doFilter(FilterChainProxy.java:374)
	at org.springframework.security.web.servletapi.SecurityContextHolderAwareRequestFilter.doFilter(SecurityContextHolderAwareRequestFilter.java:179)
	at org.springframework.security.web.FilterChainProxy$VirtualFilterChain.doFilter(FilterChainProxy.java:374)
	at org.springframework.security.web.savedrequest.RequestCacheAwareFilter.doFilter(RequestCacheAwareFilter.java:63)
	at org.springframework.security.web.FilterChainProxy$VirtualFilterChain.doFilter(FilterChainProxy.java:374)
	at Bus_Ticket_booking.ijse.security.JwtAuthenticationFilter.doFilterInternal(JwtAuthenticationFilter.java:51)
	at org.springframework.web.filter.OncePerRequestFilter.doFilter(OncePerRequestFilter.java:116)
	at org.springframework.security.web.FilterChainProxy$VirtualFilterChain.doFilter(FilterChainProxy.java:374)
	at org.springframework.security.web.authentication.logout.LogoutFilter.doFilter(LogoutFilter.java:107)
	at org.springframework.security.web.authentication.logout.LogoutFilter.doFilter(LogoutFilter.java:93)
	at org.springframework.security.web.FilterChainProxy$VirtualFilterChain.doFilter(FilterChainProxy.java:374)
	at org.springframework.web.filter.CorsFilter.doFilterInternal(CorsFilter.java:91)
	at org.springframework.web.filter.OncePerRequestFilter.doFilter(OncePerRequestFilter.java:116)
	at org.springframework.security.web.FilterChainProxy$VirtualFilterChain.doFilter(FilterChainProxy.java:374)
	at org.springframework.security.web.header.HeaderWriterFilter.doHeadersAfter(HeaderWriterFilter.java:90)
	at org.springframework.security.web.header.HeaderWriterFilter.doFilterInternal(HeaderWriterFilter.java:75)
	at org.springframework.web.filter.OncePerRequestFilter.doFilter(OncePerRequestFilter.java:116)
	at org.springframework.security.web.FilterChainProxy$VirtualFilterChain.doFilter(FilterChainProxy.java:374)
	at org.springframework.security.web.context.SecurityContextHolderFilter.doFilter(SecurityContextHolderFilter.java:82)
	at org.springframework.security.web.context.SecurityContextHolderFilter.doFilter(SecurityContextHolderFilter.java:69)
	at org.springframework.security.web.FilterChainProxy$VirtualFilterChain.doFilter(FilterChainProxy.java:374)
	at org.springframework.security.web.context.request.async.WebAsyncManagerIntegrationFilter.doFilterInternal(WebAsyncManagerIntegrationFilter.java:62)
	at org.springframework.web.filter.OncePerRequestFilter.doFilter(OncePerRequestFilter.java:116)
	at org.springframework.security.web.FilterChainProxy$VirtualFilterChain.doFilter(FilterChainProxy.java:374)
	at org.springframework.security.web.session.DisableEncodeUrlFilter.doFilterInternal(DisableEncodeUrlFilter.java:42)
	at org.springframework.web.filter.OncePerRequestFilter.doFilter(OncePerRequestFilter.java:116)
	at org.springframework.security.web.FilterChainProxy$VirtualFilterChain.doFilter(FilterChainProxy.java:374)
	at org.springframework.security.web.FilterChainProxy.doFilterInternal(FilterChainProxy.java:233)
	at org.springframework.security.web.FilterChainProxy.doFilter(FilterChainProxy.java:191)
	at org.springframework.web.filter.CompositeFilter$VirtualFilterChain.doFilter(CompositeFilter.java:113)
	at org.springframework.web.servlet.handler.HandlerMappingIntrospector.lambda$createCacheFilter$3(HandlerMappingIntrospector.java:195)
	at org.springframework.web.filter.CompositeFilter$VirtualFilterChain.doFilter(CompositeFilter.java:113)
	at org.springframework.web.filter.CompositeFilter.doFilter(CompositeFilter.java:74)
	at org.springframework.security.config.annotation.web.configuration.WebMvcSecurityConfiguration$CompositeFilterChainProxy.doFilter(WebMvcSecurityConfiguration.java:230)
	at org.springframework.web.filter.DelegatingFilterProxy.invokeDelegate(DelegatingFilterProxy.java:362)
	at org.springframework.web.filter.DelegatingFilterProxy.doFilter(DelegatingFilterProxy.java:278)
	at org.apache.catalina.core.ApplicationFilterChain.internalDoFilter(ApplicationFilterChain.java:164)
	at org.apache.catalina.core.ApplicationFilterChain.doFilter(ApplicationFilterChain.java:140)
	at org.springframework.web.filter.RequestContextFilter.doFilterInternal(RequestContextFilter.java:100)
	at org.springframework.web.filter.OncePerRequestFilter.doFilter(OncePerRequestFilter.java:116)
	at org.apache.catalina.core.ApplicationFilterChain.internalDoFilter(ApplicationFilterChain.java:164)
	at org.apache.catalina.core.ApplicationFilterChain.doFilter(ApplicationFilterChain.java:140)
	at org.springframework.web.filter.FormContentFilter.doFilterInternal(FormContentFilter.java:93)
	at org.springframework.web.filter.OncePerRequestFilter.doFilter(OncePerRequestFilter.java:116)
	at org.apache.catalina.core.ApplicationFilterChain.internalDoFilter(ApplicationFilterChain.java:164)
	at org.apache.catalina.core.ApplicationFilterChain.doFilter(ApplicationFilterChain.java:140)
	at org.springframework.web.filter.CharacterEncodingFilter.doFilterInternal(CharacterEncodingFilter.java:201)
	at org.springframework.web.filter.OncePerRequestFilter.doFilter(OncePerRequestFilter.java:116)
	at org.apache.catalina.core.ApplicationFilterChain.internalDoFilter(ApplicationFilterChain.java:164)
	at org.apache.catalina.core.ApplicationFilterChain.doFilter(ApplicationFilterChain.java:140)
	at org.apache.catalina.core.StandardWrapperValve.invoke(StandardWrapperValve.java:167)
	at org.apache.catalina.core.StandardContextValve.invoke(StandardContextValve.java:90)
	at org.apache.catalina.authenticator.AuthenticatorBase.invoke(AuthenticatorBase.java:483)
	at org.apache.catalina.core.StandardHostValve.invoke(StandardHostValve.java:115)
	at org.apache.catalina.valves.ErrorReportValve.invoke(ErrorReportValve.java:93)
	at org.apache.catalina.core.StandardEngineValve.invoke(StandardEngineValve.java:74)
	at org.apache.catalina.connector.CoyoteAdapter.service(CoyoteAdapter.java:344)
	at org.apache.coyote.http11.Http11Processor.service(Http11Processor.java:384)
	at org.apache.coyote.AbstractProcessorLight.process(AbstractProcessorLight.java:63)
	at org.apache.coyote.AbstractProtocol$ConnectionHandler.process(AbstractProtocol.java:905)
	at org.apache.tomcat.util.net.NioEndpoint$SocketProcessor.doRun(NioEndpoint.java:1741)
	at org.apache.tomcat.util.net.SocketProcessorBase.run(SocketProcessorBase.java:52)
	at org.apache.tomcat.util.threads.ThreadPoolExecutor.runWorker(ThreadPoolExecutor.java:1190)
	at org.apache.tomcat.util.threads.ThreadPoolExecutor$Worker.run(ThreadPoolExecutor.java:659)
	at org.apache.tomcat.util.threads.TaskThread$WrappingRunnable.run(TaskThread.java:63)
	at java.base/java.lang.Thread.run(Thread.java:1583)
2026-09-21 09:49:24 [http-nio-8080-exec-9] DEBUG org.hibernate.SQL - 
    select
        r1_0.id,
        r1_0.active,
        r1_0.base_fare,
        r1_0.destination,
        r1_0.distance_km,
        r1_0.duration_minutes,
        r1_0.source 
    from
        routes r1_0 
    where
        upper(r1_0.source)=upper(?) 
        and upper(r1_0.destination)=upper(?)
2026-09-21 09:49:24 [http-nio-8080-exec-9] DEBUG org.hibernate.SQL - 
    select
        avg(r1_0.rating) 
    from
        reviews r1_0 
    where
        r1_0.route_id=?
2026-09-21 09:49:24 [http-nio-8080-exec-7] DEBUG org.hibernate.SQL - 
    select
        s1_0.id,
        s1_0.active,
        s1_0.arrival_time,
        s1_0.available_seats,
        s1_0.bus_id,
        s1_0.departure_time,
        s1_0.fare,
        s1_0.route_id 
    from
        schedules s1_0 
    where
        s1_0.route_id=? 
        and s1_0.active=1 
        and s1_0.departure_time between ? and ? 
    order by
        s1_0.departure_time
2026-09-21 09:50:07 [http-nio-8080-exec-2] ERROR B.i.exception.GlobalExceptionHandler - Unexpected error: No static resource favicon.ico.
org.springframework.web.servlet.resource.NoResourceFoundException: No static resource favicon.ico.
	at org.springframework.web.servlet.resource.ResourceHttpRequestHandler.handleRequest(ResourceHttpRequestHandler.java:585)
	at org.springframework.web.servlet.mvc.HttpRequestHandlerAdapter.handle(HttpRequestHandlerAdapter.java:52)
	at org.springframework.web.servlet.DispatcherServlet.doDispatch(DispatcherServlet.java:1089)
	at org.springframework.web.servlet.DispatcherServlet.doService(DispatcherServlet.java:979)
	at org.springframework.web.servlet.FrameworkServlet.processRequest(FrameworkServlet.java:1014)
	at org.springframework.web.servlet.FrameworkServlet.doGet(FrameworkServlet.java:903)
	at jakarta.servlet.http.HttpServlet.service(HttpServlet.java:564)
	at org.springframework.web.servlet.FrameworkServlet.service(FrameworkServlet.java:885)
	at jakarta.servlet.http.HttpServlet.service(HttpServlet.java:658)
	at org.apache.catalina.core.ApplicationFilterChain.internalDoFilter(ApplicationFilterChain.java:195)
	at org.apache.catalina.core.ApplicationFilterChain.doFilter(ApplicationFilterChain.java:140)
	at org.apache.tomcat.websocket.server.WsFilter.doFilter(WsFilter.java:51)
	at org.apache.catalina.core.ApplicationFilterChain.internalDoFilter(ApplicationFilterChain.java:164)
	at org.apache.catalina.core.ApplicationFilterChain.doFilter(ApplicationFilterChain.java:140)
	at org.springframework.web.filter.CorsFilter.doFilterInternal(CorsFilter.java:91)
	at org.springframework.web.filter.OncePerRequestFilter.doFilter(OncePerRequestFilter.java:116)
	at org.apache.catalina.core.ApplicationFilterChain.internalDoFilter(ApplicationFilterChain.java:164)
	at org.apache.catalina.core.ApplicationFilterChain.doFilter(ApplicationFilterChain.java:140)
	at org.springframework.web.filter.OncePerRequestFilter.doFilter(OncePerRequestFilter.java:110)
	at org.apache.catalina.core.ApplicationFilterChain.internalDoFilter(ApplicationFilterChain.java:164)
	at org.apache.catalina.core.ApplicationFilterChain.doFilter(ApplicationFilterChain.java:140)
	at org.springframework.web.filter.CompositeFilter$VirtualFilterChain.doFilter(CompositeFilter.java:108)
	at org.springframework.security.web.FilterChainProxy.lambda$doFilterInternal$3(FilterChainProxy.java:231)
	at org.springframework.security.web.FilterChainProxy$VirtualFilterChain.doFilter(FilterChainProxy.java:365)
	at org.springframework.security.web.access.intercept.AuthorizationFilter.doFilter(AuthorizationFilter.java:100)
	at org.springframework.security.web.FilterChainProxy$VirtualFilterChain.doFilter(FilterChainProxy.java:374)
	at org.springframework.security.web.access.ExceptionTranslationFilter.doFilter(ExceptionTranslationFilter.java:126)
	at org.springframework.security.web.access.ExceptionTranslationFilter.doFilter(ExceptionTranslationFilter.java:120)
	at org.springframework.security.web.FilterChainProxy$VirtualFilterChain.doFilter(FilterChainProxy.java:374)
	at org.springframework.security.web.session.SessionManagementFilter.doFilter(SessionManagementFilter.java:131)
	at org.springframework.security.web.session.SessionManagementFilter.doFilter(SessionManagementFilter.java:85)
	at org.springframework.security.web.FilterChainProxy$VirtualFilterChain.doFilter(FilterChainProxy.java:374)
	at org.springframework.security.web.authentication.AnonymousAuthenticationFilter.doFilter(AnonymousAuthenticationFilter.java:100)
	at org.springframework.security.web.FilterChainProxy$VirtualFilterChain.doFilter(FilterChainProxy.java:374)
	at org.springframework.security.web.servletapi.SecurityContextHolderAwareRequestFilter.doFilter(SecurityContextHolderAwareRequestFilter.java:179)
	at org.springframework.security.web.FilterChainProxy$VirtualFilterChain.doFilter(FilterChainProxy.java:374)
	at org.springframework.security.web.savedrequest.RequestCacheAwareFilter.doFilter(RequestCacheAwareFilter.java:63)
	at org.springframework.security.web.FilterChainProxy$VirtualFilterChain.doFilter(FilterChainProxy.java:374)
	at Bus_Ticket_booking.ijse.security.JwtAuthenticationFilter.doFilterInternal(JwtAuthenticationFilter.java:51)
	at org.springframework.web.filter.OncePerRequestFilter.doFilter(OncePerRequestFilter.java:116)
	at org.springframework.security.web.FilterChainProxy$VirtualFilterChain.doFilter(FilterChainProxy.java:374)
	at org.springframework.security.web.authentication.logout.LogoutFilter.doFilter(LogoutFilter.java:107)
	at org.springframework.security.web.authentication.logout.LogoutFilter.doFilter(LogoutFilter.java:93)
	at org.springframework.security.web.FilterChainProxy$VirtualFilterChain.doFilter(FilterChainProxy.java:374)
	at org.springframework.web.filter.CorsFilter.doFilterInternal(CorsFilter.java:91)
	at org.springframework.web.filter.OncePerRequestFilter.doFilter(OncePerRequestFilter.java:116)
	at org.springframework.security.web.FilterChainProxy$VirtualFilterChain.doFilter(FilterChainProxy.java:374)
	at org.springframework.security.web.header.HeaderWriterFilter.doHeadersAfter(HeaderWriterFilter.java:90)
	at org.springframework.security.web.header.HeaderWriterFilter.doFilterInternal(HeaderWriterFilter.java:75)
	at org.springframework.web.filter.OncePerRequestFilter.doFilter(OncePerRequestFilter.java:116)
	at org.springframework.security.web.FilterChainProxy$VirtualFilterChain.doFilter(FilterChainProxy.java:374)
	at org.springframework.security.web.context.SecurityContextHolderFilter.doFilter(SecurityContextHolderFilter.java:82)
	at org.springframework.security.web.context.SecurityContextHolderFilter.doFilter(SecurityContextHolderFilter.java:69)
	at org.springframework.security.web.FilterChainProxy$VirtualFilterChain.doFilter(FilterChainProxy.java:374)
	at org.springframework.security.web.context.request.async.WebAsyncManagerIntegrationFilter.doFilterInternal(WebAsyncManagerIntegrationFilter.java:62)
	at org.springframework.web.filter.OncePerRequestFilter.doFilter(OncePerRequestFilter.java:116)
	at org.springframework.security.web.FilterChainProxy$VirtualFilterChain.doFilter(FilterChainProxy.java:374)
	at org.springframework.security.web.session.DisableEncodeUrlFilter.doFilterInternal(DisableEncodeUrlFilter.java:42)
	at org.springframework.web.filter.OncePerRequestFilter.doFilter(OncePerRequestFilter.java:116)
	at org.springframework.security.web.FilterChainProxy$VirtualFilterChain.doFilter(FilterChainProxy.java:374)
	at org.springframework.security.web.FilterChainProxy.doFilterInternal(FilterChainProxy.java:233)
	at org.springframework.security.web.FilterChainProxy.doFilter(FilterChainProxy.java:191)
	at org.springframework.web.filter.CompositeFilter$VirtualFilterChain.doFilter(CompositeFilter.java:113)
	at org.springframework.web.servlet.handler.HandlerMappingIntrospector.lambda$createCacheFilter$3(HandlerMappingIntrospector.java:195)
	at org.springframework.web.filter.CompositeFilter$VirtualFilterChain.doFilter(CompositeFilter.java:113)
	at org.springframework.web.filter.CompositeFilter.doFilter(CompositeFilter.java:74)
	at org.springframework.security.config.annotation.web.configuration.WebMvcSecurityConfiguration$CompositeFilterChainProxy.doFilter(WebMvcSecurityConfiguration.java:230)
	at org.springframework.web.filter.DelegatingFilterProxy.invokeDelegate(DelegatingFilterProxy.java:362)
	at org.springframework.web.filter.DelegatingFilterProxy.doFilter(DelegatingFilterProxy.java:278)
	at org.apache.catalina.core.ApplicationFilterChain.internalDoFilter(ApplicationFilterChain.java:164)
	at org.apache.catalina.core.ApplicationFilterChain.doFilter(ApplicationFilterChain.java:140)
	at org.springframework.web.filter.RequestContextFilter.doFilterInternal(RequestContextFilter.java:100)
	at org.springframework.web.filter.OncePerRequestFilter.doFilter(OncePerRequestFilter.java:116)
	at org.apache.catalina.core.ApplicationFilterChain.internalDoFilter(ApplicationFilterChain.java:164)
	at org.apache.catalina.core.ApplicationFilterChain.doFilter(ApplicationFilterChain.java:140)
	at org.springframework.web.filter.FormContentFilter.doFilterInternal(FormContentFilter.java:93)
	at org.springframework.web.filter.OncePerRequestFilter.doFilter(OncePerRequestFilter.java:116)
	at org.apache.catalina.core.ApplicationFilterChain.internalDoFilter(ApplicationFilterChain.java:164)
	at org.apache.catalina.core.ApplicationFilterChain.doFilter(ApplicationFilterChain.java:140)
	at org.springframework.web.filter.CharacterEncodingFilter.doFilterInternal(CharacterEncodingFilter.java:201)
	at org.springframework.web.filter.OncePerRequestFilter.doFilter(OncePerRequestFilter.java:116)
	at org.apache.catalina.core.ApplicationFilterChain.internalDoFilter(ApplicationFilterChain.java:164)
	at org.apache.catalina.core.ApplicationFilterChain.doFilter(ApplicationFilterChain.java:140)
	at org.apache.catalina.core.StandardWrapperValve.invoke(StandardWrapperValve.java:167)
	at org.apache.catalina.core.StandardContextValve.invoke(StandardContextValve.java:90)
	at org.apache.catalina.authenticator.AuthenticatorBase.invoke(AuthenticatorBase.java:483)
	at org.apache.catalina.core.StandardHostValve.invoke(StandardHostValve.java:115)
	at org.apache.catalina.valves.ErrorReportValve.invoke(ErrorReportValve.java:93)
	at org.apache.catalina.core.StandardEngineValve.invoke(StandardEngineValve.java:74)
	at org.apache.catalina.connector.CoyoteAdapter.service(CoyoteAdapter.java:344)
	at org.apache.coyote.http11.Http11Processor.service(Http11Processor.java:384)
	at org.apache.coyote.AbstractProcessorLight.process(AbstractProcessorLight.java:63)
	at org.apache.coyote.AbstractProtocol$ConnectionHandler.process(AbstractProtocol.java:905)
	at org.apache.tomcat.util.net.NioEndpoint$SocketProcessor.doRun(NioEndpoint.java:1741)
	at org.apache.tomcat.util.net.SocketProcessorBase.run(SocketProcessorBase.java:52)
	at org.apache.tomcat.util.threads.ThreadPoolExecutor.runWorker(ThreadPoolExecutor.java:1190)
	at org.apache.tomcat.util.threads.ThreadPoolExecutor$Worker.run(ThreadPoolExecutor.java:659)
	at org.apache.tomcat.util.threads.TaskThread$WrappingRunnable.run(TaskThread.java:63)
	at java.base/java.lang.Thread.run(Thread.java:1583)
2026-09-21 09:50:07 [http-nio-8080-exec-3] ERROR B.i.exception.GlobalExceptionHandler - Unexpected error: No static resource favicon.ico.
org.springframework.web.servlet.resource.NoResourceFoundException: No static resource favicon.ico.
	at org.springframework.web.servlet.resource.ResourceHttpRequestHandler.handleRequest(ResourceHttpRequestHandler.java:585)
	at org.springframework.web.servlet.mvc.HttpRequestHandlerAdapter.handle(HttpRequestHandlerAdapter.java:52)
	at org.springframework.web.servlet.DispatcherServlet.doDispatch(DispatcherServlet.java:1089)
	at org.springframework.web.servlet.DispatcherServlet.doService(DispatcherServlet.java:979)
	at org.springframework.web.servlet.FrameworkServlet.processRequest(FrameworkServlet.java:1014)
	at org.springframework.web.servlet.FrameworkServlet.doGet(FrameworkServlet.java:903)
	at jakarta.servlet.http.HttpServlet.service(HttpServlet.java:564)
	at org.springframework.web.servlet.FrameworkServlet.service(FrameworkServlet.java:885)
	at jakarta.servlet.http.HttpServlet.service(HttpServlet.java:658)
	at org.apache.catalina.core.ApplicationFilterChain.internalDoFilter(ApplicationFilterChain.java:195)
	at org.apache.catalina.core.ApplicationFilterChain.doFilter(ApplicationFilterChain.java:140)
	at org.apache.tomcat.websocket.server.WsFilter.doFilter(WsFilter.java:51)
	at org.apache.catalina.core.ApplicationFilterChain.internalDoFilter(ApplicationFilterChain.java:164)
	at org.apache.catalina.core.ApplicationFilterChain.doFilter(ApplicationFilterChain.java:140)
	at org.springframework.web.filter.CorsFilter.doFilterInternal(CorsFilter.java:91)
	at org.springframework.web.filter.OncePerRequestFilter.doFilter(OncePerRequestFilter.java:116)
	at org.apache.catalina.core.ApplicationFilterChain.internalDoFilter(ApplicationFilterChain.java:164)
	at org.apache.catalina.core.ApplicationFilterChain.doFilter(ApplicationFilterChain.java:140)
	at org.springframework.web.filter.OncePerRequestFilter.doFilter(OncePerRequestFilter.java:110)
	at org.apache.catalina.core.ApplicationFilterChain.internalDoFilter(ApplicationFilterChain.java:164)
	at org.apache.catalina.core.ApplicationFilterChain.doFilter(ApplicationFilterChain.java:140)
	at org.springframework.web.filter.CompositeFilter$VirtualFilterChain.doFilter(CompositeFilter.java:108)
	at org.springframework.security.web.FilterChainProxy.lambda$doFilterInternal$3(FilterChainProxy.java:231)
	at org.springframework.security.web.FilterChainProxy$VirtualFilterChain.doFilter(FilterChainProxy.java:365)
	at org.springframework.security.web.access.intercept.AuthorizationFilter.doFilter(AuthorizationFilter.java:100)
	at org.springframework.security.web.FilterChainProxy$VirtualFilterChain.doFilter(FilterChainProxy.java:374)
	at org.springframework.security.web.access.ExceptionTranslationFilter.doFilter(ExceptionTranslationFilter.java:126)
	at org.springframework.security.web.access.ExceptionTranslationFilter.doFilter(ExceptionTranslationFilter.java:120)
	at org.springframework.security.web.FilterChainProxy$VirtualFilterChain.doFilter(FilterChainProxy.java:374)
	at org.springframework.security.web.session.SessionManagementFilter.doFilter(SessionManagementFilter.java:131)
	at org.springframework.security.web.session.SessionManagementFilter.doFilter(SessionManagementFilter.java:85)
	at org.springframework.security.web.FilterChainProxy$VirtualFilterChain.doFilter(FilterChainProxy.java:374)
	at org.springframework.security.web.authentication.AnonymousAuthenticationFilter.doFilter(AnonymousAuthenticationFilter.java:100)
	at org.springframework.security.web.FilterChainProxy$VirtualFilterChain.doFilter(FilterChainProxy.java:374)
	at org.springframework.security.web.servletapi.SecurityContextHolderAwareRequestFilter.doFilter(SecurityContextHolderAwareRequestFilter.java:179)
	at org.springframework.security.web.FilterChainProxy$VirtualFilterChain.doFilter(FilterChainProxy.java:374)
	at org.springframework.security.web.savedrequest.RequestCacheAwareFilter.doFilter(RequestCacheAwareFilter.java:63)
	at org.springframework.security.web.FilterChainProxy$VirtualFilterChain.doFilter(FilterChainProxy.java:374)
	at Bus_Ticket_booking.ijse.security.JwtAuthenticationFilter.doFilterInternal(JwtAuthenticationFilter.java:51)
	at org.springframework.web.filter.OncePerRequestFilter.doFilter(OncePerRequestFilter.java:116)
	at org.springframework.security.web.FilterChainProxy$VirtualFilterChain.doFilter(FilterChainProxy.java:374)
	at org.springframework.security.web.authentication.logout.LogoutFilter.doFilter(LogoutFilter.java:107)
	at org.springframework.security.web.authentication.logout.LogoutFilter.doFilter(LogoutFilter.java:93)
	at org.springframework.security.web.FilterChainProxy$VirtualFilterChain.doFilter(FilterChainProxy.java:374)
	at org.springframework.web.filter.CorsFilter.doFilterInternal(CorsFilter.java:91)
	at org.springframework.web.filter.OncePerRequestFilter.doFilter(OncePerRequestFilter.java:116)
	at org.springframework.security.web.FilterChainProxy$VirtualFilterChain.doFilter(FilterChainProxy.java:374)
	at org.springframework.security.web.header.HeaderWriterFilter.doHeadersAfter(HeaderWriterFilter.java:90)
	at org.springframework.security.web.header.HeaderWriterFilter.doFilterInternal(HeaderWriterFilter.java:75)
	at org.springframework.web.filter.OncePerRequestFilter.doFilter(OncePerRequestFilter.java:116)
	at org.springframework.security.web.FilterChainProxy$VirtualFilterChain.doFilter(FilterChainProxy.java:374)
	at org.springframework.security.web.context.SecurityContextHolderFilter.doFilter(SecurityContextHolderFilter.java:82)
	at org.springframework.security.web.context.SecurityContextHolderFilter.doFilter(SecurityContextHolderFilter.java:69)
	at org.springframework.security.web.FilterChainProxy$VirtualFilterChain.doFilter(FilterChainProxy.java:374)
	at org.springframework.security.web.context.request.async.WebAsyncManagerIntegrationFilter.doFilterInternal(WebAsyncManagerIntegrationFilter.java:62)
	at org.springframework.web.filter.OncePerRequestFilter.doFilter(OncePerRequestFilter.java:116)
	at org.springframework.security.web.FilterChainProxy$VirtualFilterChain.doFilter(FilterChainProxy.java:374)
	at org.springframework.security.web.session.DisableEncodeUrlFilter.doFilterInternal(DisableEncodeUrlFilter.java:42)
	at org.springframework.web.filter.OncePerRequestFilter.doFilter(OncePerRequestFilter.java:116)
	at org.springframework.security.web.FilterChainProxy$VirtualFilterChain.doFilter(FilterChainProxy.java:374)
	at org.springframework.security.web.FilterChainProxy.doFilterInternal(FilterChainProxy.java:233)
	at org.springframework.security.web.FilterChainProxy.doFilter(FilterChainProxy.java:191)
	at org.springframework.web.filter.CompositeFilter$VirtualFilterChain.doFilter(CompositeFilter.java:113)
	at org.springframework.web.servlet.handler.HandlerMappingIntrospector.lambda$createCacheFilter$3(HandlerMappingIntrospector.java:195)
	at org.springframework.web.filter.CompositeFilter$VirtualFilterChain.doFilter(CompositeFilter.java:113)
	at org.springframework.web.filter.CompositeFilter.doFilter(CompositeFilter.java:74)
	at org.springframework.security.config.annotation.web.configuration.WebMvcSecurityConfiguration$CompositeFilterChainProxy.doFilter(WebMvcSecurityConfiguration.java:230)
	at org.springframework.web.filter.DelegatingFilterProxy.invokeDelegate(DelegatingFilterProxy.java:362)
	at org.springframework.web.filter.DelegatingFilterProxy.doFilter(DelegatingFilterProxy.java:278)
	at org.apache.catalina.core.ApplicationFilterChain.internalDoFilter(ApplicationFilterChain.java:164)
	at org.apache.catalina.core.ApplicationFilterChain.doFilter(ApplicationFilterChain.java:140)
	at org.springframework.web.filter.RequestContextFilter.doFilterInternal(RequestContextFilter.java:100)
	at org.springframework.web.filter.OncePerRequestFilter.doFilter(OncePerRequestFilter.java:116)
	at org.apache.catalina.core.ApplicationFilterChain.internalDoFilter(ApplicationFilterChain.java:164)
	at org.apache.catalina.core.ApplicationFilterChain.doFilter(ApplicationFilterChain.java:140)
	at org.springframework.web.filter.FormContentFilter.doFilterInternal(FormContentFilter.java:93)
	at org.springframework.web.filter.OncePerRequestFilter.doFilter(OncePerRequestFilter.java:116)
	at org.apache.catalina.core.ApplicationFilterChain.internalDoFilter(ApplicationFilterChain.java:164)
	at org.apache.catalina.core.ApplicationFilterChain.doFilter(ApplicationFilterChain.java:140)
	at org.springframework.web.filter.CharacterEncodingFilter.doFilterInternal(CharacterEncodingFilter.java:201)
	at org.springframework.web.filter.OncePerRequestFilter.doFilter(OncePerRequestFilter.java:116)
	at org.apache.catalina.core.ApplicationFilterChain.internalDoFilter(ApplicationFilterChain.java:164)
	at org.apache.catalina.core.ApplicationFilterChain.doFilter(ApplicationFilterChain.java:140)
	at org.apache.catalina.core.StandardWrapperValve.invoke(StandardWrapperValve.java:167)
	at org.apache.catalina.core.StandardContextValve.invoke(StandardContextValve.java:90)
	at org.apache.catalina.authenticator.AuthenticatorBase.invoke(AuthenticatorBase.java:483)
	at org.apache.catalina.core.StandardHostValve.invoke(StandardHostValve.java:115)
	at org.apache.catalina.valves.ErrorReportValve.invoke(ErrorReportValve.java:93)
	at org.apache.catalina.core.StandardEngineValve.invoke(StandardEngineValve.java:74)
	at org.apache.catalina.connector.CoyoteAdapter.service(CoyoteAdapter.java:344)
	at org.apache.coyote.http11.Http11Processor.service(Http11Processor.java:384)
	at org.apache.coyote.AbstractProcessorLight.process(AbstractProcessorLight.java:63)
	at org.apache.coyote.AbstractProtocol$ConnectionHandler.process(AbstractProtocol.java:905)
	at org.apache.tomcat.util.net.NioEndpoint$SocketProcessor.doRun(NioEndpoint.java:1741)
	at org.apache.tomcat.util.net.SocketProcessorBase.run(SocketProcessorBase.java:52)
	at org.apache.tomcat.util.threads.ThreadPoolExecutor.runWorker(ThreadPoolExecutor.java:1190)
	at org.apache.tomcat.util.threads.ThreadPoolExecutor$Worker.run(ThreadPoolExecutor.java:659)
	at org.apache.tomcat.util.threads.TaskThread$WrappingRunnable.run(TaskThread.java:63)
	at java.base/java.lang.Thread.run(Thread.java:1583)
2026-09-21 09:50:38 [http-nio-8080-exec-2] ERROR B.i.exception.GlobalExceptionHandler - Unexpected error: No static resource favicon.ico.
org.springframework.web.servlet.resource.NoResourceFoundException: No static resource favicon.ico.
	at org.springframework.web.servlet.resource.ResourceHttpRequestHandler.handleRequest(ResourceHttpRequestHandler.java:585)
	at org.springframework.web.servlet.mvc.HttpRequestHandlerAdapter.handle(HttpRequestHandlerAdapter.java:52)
	at org.springframework.web.servlet.DispatcherServlet.doDispatch(DispatcherServlet.java:1089)
	at org.springframework.web.servlet.DispatcherServlet.doService(DispatcherServlet.java:979)
	at org.springframework.web.servlet.FrameworkServlet.processRequest(FrameworkServlet.java:1014)
	at org.springframework.web.servlet.FrameworkServlet.doGet(FrameworkServlet.java:903)
	at jakarta.servlet.http.HttpServlet.service(HttpServlet.java:564)
	at org.springframework.web.servlet.FrameworkServlet.service(FrameworkServlet.java:885)
	at jakarta.servlet.http.HttpServlet.service(HttpServlet.java:658)
	at org.apache.catalina.core.ApplicationFilterChain.internalDoFilter(ApplicationFilterChain.java:195)
	at org.apache.catalina.core.ApplicationFilterChain.doFilter(ApplicationFilterChain.java:140)
	at org.apache.tomcat.websocket.server.WsFilter.doFilter(WsFilter.java:51)
	at org.apache.catalina.core.ApplicationFilterChain.internalDoFilter(ApplicationFilterChain.java:164)
	at org.apache.catalina.core.ApplicationFilterChain.doFilter(ApplicationFilterChain.java:140)
	at org.springframework.web.filter.CorsFilter.doFilterInternal(CorsFilter.java:91)
	at org.springframework.web.filter.OncePerRequestFilter.doFilter(OncePerRequestFilter.java:116)
	at org.apache.catalina.core.ApplicationFilterChain.internalDoFilter(ApplicationFilterChain.java:164)
	at org.apache.catalina.core.ApplicationFilterChain.doFilter(ApplicationFilterChain.java:140)
	at org.springframework.web.filter.OncePerRequestFilter.doFilter(OncePerRequestFilter.java:110)
	at org.apache.catalina.core.ApplicationFilterChain.internalDoFilter(ApplicationFilterChain.java:164)
	at org.apache.catalina.core.ApplicationFilterChain.doFilter(ApplicationFilterChain.java:140)
	at org.springframework.web.filter.CompositeFilter$VirtualFilterChain.doFilter(CompositeFilter.java:108)
	at org.springframework.security.web.FilterChainProxy.lambda$doFilterInternal$3(FilterChainProxy.java:231)
	at org.springframework.security.web.FilterChainProxy$VirtualFilterChain.doFilter(FilterChainProxy.java:365)
	at org.springframework.security.web.access.intercept.AuthorizationFilter.doFilter(AuthorizationFilter.java:100)
	at org.springframework.security.web.FilterChainProxy$VirtualFilterChain.doFilter(FilterChainProxy.java:374)
	at org.springframework.security.web.access.ExceptionTranslationFilter.doFilter(ExceptionTranslationFilter.java:126)
	at org.springframework.security.web.access.ExceptionTranslationFilter.doFilter(ExceptionTranslationFilter.java:120)
	at org.springframework.security.web.FilterChainProxy$VirtualFilterChain.doFilter(FilterChainProxy.java:374)
	at org.springframework.security.web.session.SessionManagementFilter.doFilter(SessionManagementFilter.java:131)
	at org.springframework.security.web.session.SessionManagementFilter.doFilter(SessionManagementFilter.java:85)
	at org.springframework.security.web.FilterChainProxy$VirtualFilterChain.doFilter(FilterChainProxy.java:374)
	at org.springframework.security.web.authentication.AnonymousAuthenticationFilter.doFilter(AnonymousAuthenticationFilter.java:100)
	at org.springframework.security.web.FilterChainProxy$VirtualFilterChain.doFilter(FilterChainProxy.java:374)
	at org.springframework.security.web.servletapi.SecurityContextHolderAwareRequestFilter.doFilter(SecurityContextHolderAwareRequestFilter.java:179)
	at org.springframework.security.web.FilterChainProxy$VirtualFilterChain.doFilter(FilterChainProxy.java:374)
	at org.springframework.security.web.savedrequest.RequestCacheAwareFilter.doFilter(RequestCacheAwareFilter.java:63)
	at org.springframework.security.web.FilterChainProxy$VirtualFilterChain.doFilter(FilterChainProxy.java:374)
	at Bus_Ticket_booking.ijse.security.JwtAuthenticationFilter.doFilterInternal(JwtAuthenticationFilter.java:51)
	at org.springframework.web.filter.OncePerRequestFilter.doFilter(OncePerRequestFilter.java:116)
	at org.springframework.security.web.FilterChainProxy$VirtualFilterChain.doFilter(FilterChainProxy.java:374)
	at org.springframework.security.web.authentication.logout.LogoutFilter.doFilter(LogoutFilter.java:107)
	at org.springframework.security.web.authentication.logout.LogoutFilter.doFilter(LogoutFilter.java:93)
	at org.springframework.security.web.FilterChainProxy$VirtualFilterChain.doFilter(FilterChainProxy.java:374)
	at org.springframework.web.filter.CorsFilter.doFilterInternal(CorsFilter.java:91)
	at org.springframework.web.filter.OncePerRequestFilter.doFilter(OncePerRequestFilter.java:116)
	at org.springframework.security.web.FilterChainProxy$VirtualFilterChain.doFilter(FilterChainProxy.java:374)
	at org.springframework.security.web.header.HeaderWriterFilter.doHeadersAfter(HeaderWriterFilter.java:90)
	at org.springframework.security.web.header.HeaderWriterFilter.doFilterInternal(HeaderWriterFilter.java:75)
	at org.springframework.web.filter.OncePerRequestFilter.doFilter(OncePerRequestFilter.java:116)
	at org.springframework.security.web.FilterChainProxy$VirtualFilterChain.doFilter(FilterChainProxy.java:374)
	at org.springframework.security.web.context.SecurityContextHolderFilter.doFilter(SecurityContextHolderFilter.java:82)
	at org.springframework.security.web.context.SecurityContextHolderFilter.doFilter(SecurityContextHolderFilter.java:69)
	at org.springframework.security.web.FilterChainProxy$VirtualFilterChain.doFilter(FilterChainProxy.java:374)
	at org.springframework.security.web.context.request.async.WebAsyncManagerIntegrationFilter.doFilterInternal(WebAsyncManagerIntegrationFilter.java:62)
	at org.springframework.web.filter.OncePerRequestFilter.doFilter(OncePerRequestFilter.java:116)
	at org.springframework.security.web.FilterChainProxy$VirtualFilterChain.doFilter(FilterChainProxy.java:374)
	at org.springframework.security.web.session.DisableEncodeUrlFilter.doFilterInternal(DisableEncodeUrlFilter.java:42)
	at org.springframework.web.filter.OncePerRequestFilter.doFilter(OncePerRequestFilter.java:116)
	at org.springframework.security.web.FilterChainProxy$VirtualFilterChain.doFilter(FilterChainProxy.java:374)
	at org.springframework.security.web.FilterChainProxy.doFilterInternal(FilterChainProxy.java:233)
	at org.springframework.security.web.FilterChainProxy.doFilter(FilterChainProxy.java:191)
	at org.springframework.web.filter.CompositeFilter$VirtualFilterChain.doFilter(CompositeFilter.java:113)
	at org.springframework.web.servlet.handler.HandlerMappingIntrospector.lambda$createCacheFilter$3(HandlerMappingIntrospector.java:195)
	at org.springframework.web.filter.CompositeFilter$VirtualFilterChain.doFilter(CompositeFilter.java:113)
	at org.springframework.web.filter.CompositeFilter.doFilter(CompositeFilter.java:74)
	at org.springframework.security.config.annotation.web.configuration.WebMvcSecurityConfiguration$CompositeFilterChainProxy.doFilter(WebMvcSecurityConfiguration.java:230)
	at org.springframework.web.filter.DelegatingFilterProxy.invokeDelegate(DelegatingFilterProxy.java:362)
	at org.springframework.web.filter.DelegatingFilterProxy.doFilter(DelegatingFilterProxy.java:278)
	at org.apache.catalina.core.ApplicationFilterChain.internalDoFilter(ApplicationFilterChain.java:164)
	at org.apache.catalina.core.ApplicationFilterChain.doFilter(ApplicationFilterChain.java:140)
	at org.springframework.web.filter.RequestContextFilter.doFilterInternal(RequestContextFilter.java:100)
	at org.springframework.web.filter.OncePerRequestFilter.doFilter(OncePerRequestFilter.java:116)
	at org.apache.catalina.core.ApplicationFilterChain.internalDoFilter(ApplicationFilterChain.java:164)
	at org.apache.catalina.core.ApplicationFilterChain.doFilter(ApplicationFilterChain.java:140)
	at org.springframework.web.filter.FormContentFilter.doFilterInternal(FormContentFilter.java:93)
	at org.springframework.web.filter.OncePerRequestFilter.doFilter(OncePerRequestFilter.java:116)
	at org.apache.catalina.core.ApplicationFilterChain.internalDoFilter(ApplicationFilterChain.java:164)
	at org.apache.catalina.core.ApplicationFilterChain.doFilter(ApplicationFilterChain.java:140)
	at org.springframework.web.filter.CharacterEncodingFilter.doFilterInternal(CharacterEncodingFilter.java:201)
	at org.springframework.web.filter.OncePerRequestFilter.doFilter(OncePerRequestFilter.java:116)
	at org.apache.catalina.core.ApplicationFilterChain.internalDoFilter(ApplicationFilterChain.java:164)
	at org.apache.catalina.core.ApplicationFilterChain.doFilter(ApplicationFilterChain.java:140)
	at org.apache.catalina.core.StandardWrapperValve.invoke(StandardWrapperValve.java:167)
	at org.apache.catalina.core.StandardContextValve.invoke(StandardContextValve.java:90)
	at org.apache.catalina.authenticator.AuthenticatorBase.invoke(AuthenticatorBase.java:483)
	at org.apache.catalina.core.StandardHostValve.invoke(StandardHostValve.java:115)
	at org.apache.catalina.valves.ErrorReportValve.invoke(ErrorReportValve.java:93)
	at org.apache.catalina.core.StandardEngineValve.invoke(StandardEngineValve.java:74)
	at org.apache.catalina.connector.CoyoteAdapter.service(CoyoteAdapter.java:344)
	at org.apache.coyote.http11.Http11Processor.service(Http11Processor.java:384)
	at org.apache.coyote.AbstractProcessorLight.process(AbstractProcessorLight.java:63)
	at org.apache.coyote.AbstractProtocol$ConnectionHandler.process(AbstractProtocol.java:905)
	at org.apache.tomcat.util.net.NioEndpoint$SocketProcessor.doRun(NioEndpoint.java:1741)
	at org.apache.tomcat.util.net.SocketProcessorBase.run(SocketProcessorBase.java:52)
	at org.apache.tomcat.util.threads.ThreadPoolExecutor.runWorker(ThreadPoolExecutor.java:1190)
	at org.apache.tomcat.util.threads.ThreadPoolExecutor$Worker.run(ThreadPoolExecutor.java:659)
	at org.apache.tomcat.util.threads.TaskThread$WrappingRunnable.run(TaskThread.java:63)
	at java.base/java.lang.Thread.run(Thread.java:1583)
2026-09-21 09:50:38 [http-nio-8080-exec-7] DEBUG org.hibernate.SQL - 
    select
        u1_0.id,
        u1_0.email,
        u1_0.enabled,
        u1_0.full_name,
        u1_0.password,
        u1_0.phone,
        u1_0.username 
    from
        users u1_0 
    where
        u1_0.username=?
2026-09-21 09:50:38 [http-nio-8080-exec-9] DEBUG org.hibernate.SQL - 
    select
        u1_0.id,
        u1_0.email,
        u1_0.enabled,
        u1_0.full_name,
        u1_0.password,
        u1_0.phone,
        u1_0.username 
    from
        users u1_0 
    where
        u1_0.username=?
2026-09-21 09:50:38 [http-nio-8080-exec-1] DEBUG org.hibernate.SQL - 
    select
        u1_0.id,
        u1_0.email,
        u1_0.enabled,
        u1_0.full_name,
        u1_0.password,
        u1_0.phone,
        u1_0.username 
    from
        users u1_0 
    where
        u1_0.username=?
2026-09-21 09:50:38 [http-nio-8080-exec-7] DEBUG org.hibernate.SQL - 
    select
        r1_0.user_id,
        r1_1.id,
        r1_1.name 
    from
        user_roles r1_0 
    join
        roles r1_1 
            on r1_1.id=r1_0.role_id 
    where
        r1_0.user_id=?
2026-09-21 09:50:38 [http-nio-8080-exec-9] DEBUG org.hibernate.SQL - 
    select
        r1_0.user_id,
        r1_1.id,
        r1_1.name 
    from
        user_roles r1_0 
    join
        roles r1_1 
            on r1_1.id=r1_0.role_id 
    where
        r1_0.user_id=?
2026-09-21 09:50:38 [http-nio-8080-exec-1] DEBUG org.hibernate.SQL - 
    select
        r1_0.user_id,
        r1_1.id,
        r1_1.name 
    from
        user_roles r1_0 
    join
        roles r1_1 
            on r1_1.id=r1_0.role_id 
    where
        r1_0.user_id=?
2026-09-21 09:50:38 [http-nio-8080-exec-9] DEBUG B.i.security.UserDetailsServiceImpl - Loaded user: testuser with roles: [Bus_Ticket_booking.ijse.entity.Role@40]
2026-09-21 09:50:38 [http-nio-8080-exec-7] DEBUG B.i.security.UserDetailsServiceImpl - Loaded user: testuser with roles: [Bus_Ticket_booking.ijse.entity.Role@40]
2026-09-21 09:50:38 [http-nio-8080-exec-1] DEBUG B.i.security.UserDetailsServiceImpl - Loaded user: testuser with roles: [Bus_Ticket_booking.ijse.entity.Role@40]
2026-09-21 09:50:38 [http-nio-8080-exec-9] DEBUG B.i.security.JwtAuthenticationFilter - Authenticated user: testuser, URI: /api/v1/bookings/my
2026-09-21 09:50:38 [http-nio-8080-exec-7] DEBUG B.i.security.JwtAuthenticationFilter - Authenticated user: testuser, URI: /api/v1/notifications
2026-09-21 09:50:38 [http-nio-8080-exec-1] DEBUG B.i.security.JwtAuthenticationFilter - Authenticated user: testuser, URI: /api/v1/reviews/my
2026-09-21 09:50:38 [http-nio-8080-exec-7] DEBUG org.hibernate.SQL - 
    select
        u1_0.id,
        u1_0.email,
        u1_0.enabled,
        u1_0.full_name,
        u1_0.password,
        u1_0.phone,
        u1_0.username 
    from
        users u1_0 
    where
        u1_0.username=?
2026-09-21 09:50:38 [http-nio-8080-exec-9] DEBUG org.hibernate.SQL - 
    select
        u1_0.id,
        u1_0.email,
        u1_0.enabled,
        u1_0.full_name,
        u1_0.password,
        u1_0.phone,
        u1_0.username 
    from
        users u1_0 
    where
        u1_0.username=?
2026-09-21 09:50:38 [http-nio-8080-exec-1] DEBUG org.hibernate.SQL - 
    select
        u1_0.id,
        u1_0.email,
        u1_0.enabled,
        u1_0.full_name,
        u1_0.password,
        u1_0.phone,
        u1_0.username 
    from
        users u1_0 
    where
        u1_0.username=?
2026-09-21 09:50:38 [http-nio-8080-exec-7] DEBUG org.hibernate.SQL - 
    select
        r1_0.user_id,
        r1_1.id,
        r1_1.name 
    from
        user_roles r1_0 
    join
        roles r1_1 
            on r1_1.id=r1_0.role_id 
    where
        r1_0.user_id=?
2026-09-21 09:50:38 [http-nio-8080-exec-9] DEBUG org.hibernate.SQL - 
    select
        r1_0.user_id,
        r1_1.id,
        r1_1.name 
    from
        user_roles r1_0 
    join
        roles r1_1 
            on r1_1.id=r1_0.role_id 
    where
        r1_0.user_id=?
2026-09-21 09:50:38 [http-nio-8080-exec-1] DEBUG org.hibernate.SQL - 
    select
        r1_0.user_id,
        r1_1.id,
        r1_1.name 
    from
        user_roles r1_0 
    join
        roles r1_1 
            on r1_1.id=r1_0.role_id 
    where
        r1_0.user_id=?
2026-09-21 09:50:38 [http-nio-8080-exec-7] DEBUG org.hibernate.SQL - 
    select
        n1_0.id,
        n1_0.created_at,
        n1_0.message,
        n1_0.is_read,
        n1_0.type,
        n1_0.user_id 
    from
        notifications n1_0 
    where
        n1_0.user_id=? 
    order by
        n1_0.created_at desc
2026-09-21 09:50:38 [http-nio-8080-exec-9] DEBUG org.hibernate.SQL - 
    select
        b1_0.id,
        b1_0.booking_date,
        b1_0.passenger_id,
        b1_0.schedule_id,
        b1_0.status,
        b1_0.total_amount,
        b1_0.user_id 
    from
        bookings b1_0 
    where
        b1_0.user_id=?
2026-09-21 09:50:38 [http-nio-8080-exec-1] DEBUG org.hibernate.SQL - 
    select
        r1_0.id,
        r1_0.comment,
        r1_0.created_at,
        r1_0.rating,
        r1_0.route_id,
        r1_0.user_id 
    from
        reviews r1_0 
    where
        r1_0.user_id=?
2026-09-21 09:50:38 [http-nio-8080-exec-9] DEBUG org.hibernate.SQL - 
    select
        c1_0.id,
        c1_0.booking_id,
        c1_0.cancellation_date,
        c1_0.reason,
        c1_0.refund_amount,
        c1_0.status 
    from
        cancellations c1_0 
    where
        c1_0.booking_id=?
2026-09-21 09:50:38 [http-nio-8080-exec-1] DEBUG org.hibernate.SQL - 
    select
        r1_0.id,
        r1_0.active,
        r1_0.base_fare,
        r1_0.destination,
        r1_0.distance_km,
        r1_0.duration_minutes,
        r1_0.source 
    from
        routes r1_0 
    where
        r1_0.id=?
2026-09-21 09:50:38 [http-nio-8080-exec-9] DEBUG org.hibernate.SQL - 
    select
        p1_0.id,
        p1_0.amount,
        p1_0.booking_id,
        p1_0.method,
        p1_0.payment_date,
        p1_0.status,
        p1_0.transaction_id 
    from
        payments p1_0 
    where
        p1_0.booking_id=?
2026-09-21 09:50:38 [http-nio-8080-exec-9] DEBUG org.hibernate.SQL - 
    select
        c1_0.id,
        c1_0.booking_id,
        c1_0.cancellation_date,
        c1_0.reason,
        c1_0.refund_amount,
        c1_0.status 
    from
        cancellations c1_0 
    where
        c1_0.booking_id=?
2026-09-21 09:50:38 [http-nio-8080-exec-9] DEBUG org.hibernate.SQL - 
    select
        p1_0.id,
        p1_0.amount,
        p1_0.booking_id,
        p1_0.method,
        p1_0.payment_date,
        p1_0.status,
        p1_0.transaction_id 
    from
        payments p1_0 
    where
        p1_0.booking_id=?
2026-09-21 09:50:38 [http-nio-8080-exec-9] DEBUG org.hibernate.SQL - 
    select
        bs1_0.id,
        bs1_0.booking_id,
        bs1_0.bus_seat_id 
    from
        booking_seats bs1_0 
    where
        bs1_0.booking_id=?
2026-09-21 09:50:38 [http-nio-8080-exec-9] DEBUG org.hibernate.SQL - 
    select
        bs1_0.id,
        bs1_0.is_available,
        bs1_0.bus_id,
        bs1_0.seat_number,
        bs1_0.seat_type 
    from
        bus_seats bs1_0 
    where
        bs1_0.id=?
2026-09-21 09:50:38 [http-nio-8080-exec-9] DEBUG org.hibernate.SQL - 
    select
        s1_0.id,
        s1_0.active,
        s1_0.arrival_time,
        s1_0.available_seats,
        s1_0.bus_id,
        s1_0.departure_time,
        s1_0.fare,
        s1_0.route_id 
    from
        schedules s1_0 
    where
        s1_0.id=?
2026-09-21 09:50:38 [http-nio-8080-exec-9] DEBUG org.hibernate.SQL - 
    select
        r1_0.id,
        r1_0.active,
        r1_0.base_fare,
        r1_0.destination,
        r1_0.distance_km,
        r1_0.duration_minutes,
        r1_0.source 
    from
        routes r1_0 
    where
        r1_0.id=?
2026-09-21 09:50:38 [http-nio-8080-exec-9] DEBUG org.hibernate.SQL - 
    select
        b1_0.id,
        b1_0.is_active,
        b1_0.bus_name,
        b1_0.bus_number,
        b1_0.bus_type,
        b1_0.owner_id,
        b1_0.total_seats 
    from
        buses b1_0 
    where
        b1_0.id=?
2026-09-21 09:50:38 [http-nio-8080-exec-9] DEBUG org.hibernate.SQL - 
    select
        p1_0.id,
        p1_0.age,
        p1_0.first_name,
        p1_0.gender,
        p1_0.last_name,
        p1_0.nic,
        p1_0.phone 
    from
        passengers p1_0 
    where
        p1_0.id=?
2026-09-21 09:50:38 [http-nio-8080-exec-9] DEBUG org.hibernate.SQL - 
    select
        b1_0.id,
        b1_0.booking_date,
        b1_0.passenger_id,
        b1_0.schedule_id,
        b1_0.status,
        b1_0.total_amount,
        b1_0.user_id 
    from
        bookings b1_0 
    where
        b1_0.passenger_id=?
2026-09-21 09:50:38 [http-nio-8080-exec-9] DEBUG org.hibernate.SQL - 
    select
        bs1_0.id,
        bs1_0.booking_id,
        bs1_0.bus_seat_id 
    from
        booking_seats bs1_0 
    where
        bs1_0.booking_id=?
2026-09-21 09:50:38 [http-nio-8080-exec-9] DEBUG org.hibernate.SQL - 
    select
        bs1_0.id,
        bs1_0.is_available,
        bs1_0.bus_id,
        bs1_0.seat_number,
        bs1_0.seat_type 
    from
        bus_seats bs1_0 
    where
        bs1_0.id=?
2026-09-21 09:50:38 [http-nio-8080-exec-9] DEBUG org.hibernate.SQL - 
    select
        s1_0.id,
        s1_0.active,
        s1_0.arrival_time,
        s1_0.available_seats,
        s1_0.bus_id,
        s1_0.departure_time,
        s1_0.fare,
        s1_0.route_id 
    from
        schedules s1_0 
    where
        s1_0.id=?
2026-09-21 09:50:38 [http-nio-8080-exec-9] DEBUG org.hibernate.SQL - 
    select
        r1_0.id,
        r1_0.active,
        r1_0.base_fare,
        r1_0.destination,
        r1_0.distance_km,
        r1_0.duration_minutes,
        r1_0.source 
    from
        routes r1_0 
    where
        r1_0.id=?
2026-09-21 09:50:38 [http-nio-8080-exec-9] DEBUG org.hibernate.SQL - 
    select
        b1_0.id,
        b1_0.is_active,
        b1_0.bus_name,
        b1_0.bus_number,
        b1_0.bus_type,
        b1_0.owner_id,
        b1_0.total_seats 
    from
        buses b1_0 
    where
        b1_0.id=?
2026-09-21 09:50:38 [http-nio-8080-exec-9] DEBUG org.hibernate.SQL - 
    select
        p1_0.id,
        p1_0.age,
        p1_0.first_name,
        p1_0.gender,
        p1_0.last_name,
        p1_0.nic,
        p1_0.phone 
    from
        passengers p1_0 
    where
        p1_0.id=?
2026-09-21 09:50:38 [http-nio-8080-exec-9] DEBUG org.hibernate.SQL - 
    select
        b1_0.id,
        b1_0.booking_date,
        b1_0.passenger_id,
        b1_0.schedule_id,
        b1_0.status,
        b1_0.total_amount,
        b1_0.user_id 
    from
        bookings b1_0 
    where
        b1_0.passenger_id=?
2026-09-21 09:51:03 [http-nio-8080-exec-10] ERROR B.i.exception.GlobalExceptionHandler - Unexpected error: No static resource favicon.ico.
org.springframework.web.servlet.resource.NoResourceFoundException: No static resource favicon.ico.
	at org.springframework.web.servlet.resource.ResourceHttpRequestHandler.handleRequest(ResourceHttpRequestHandler.java:585)
	at org.springframework.web.servlet.mvc.HttpRequestHandlerAdapter.handle(HttpRequestHandlerAdapter.java:52)
	at org.springframework.web.servlet.DispatcherServlet.doDispatch(DispatcherServlet.java:1089)
	at org.springframework.web.servlet.DispatcherServlet.doService(DispatcherServlet.java:979)
	at org.springframework.web.servlet.FrameworkServlet.processRequest(FrameworkServlet.java:1014)
	at org.springframework.web.servlet.FrameworkServlet.doGet(FrameworkServlet.java:903)
	at jakarta.servlet.http.HttpServlet.service(HttpServlet.java:564)
	at org.springframework.web.servlet.FrameworkServlet.service(FrameworkServlet.java:885)
	at jakarta.servlet.http.HttpServlet.service(HttpServlet.java:658)
	at org.apache.catalina.core.ApplicationFilterChain.internalDoFilter(ApplicationFilterChain.java:195)
	at org.apache.catalina.core.ApplicationFilterChain.doFilter(ApplicationFilterChain.java:140)
	at org.apache.tomcat.websocket.server.WsFilter.doFilter(WsFilter.java:51)
	at org.apache.catalina.core.ApplicationFilterChain.internalDoFilter(ApplicationFilterChain.java:164)
	at org.apache.catalina.core.ApplicationFilterChain.doFilter(ApplicationFilterChain.java:140)
	at org.springframework.web.filter.CorsFilter.doFilterInternal(CorsFilter.java:91)
	at org.springframework.web.filter.OncePerRequestFilter.doFilter(OncePerRequestFilter.java:116)
	at org.apache.catalina.core.ApplicationFilterChain.internalDoFilter(ApplicationFilterChain.java:164)
	at org.apache.catalina.core.ApplicationFilterChain.doFilter(ApplicationFilterChain.java:140)
	at org.springframework.web.filter.OncePerRequestFilter.doFilter(OncePerRequestFilter.java:110)
	at org.apache.catalina.core.ApplicationFilterChain.internalDoFilter(ApplicationFilterChain.java:164)
	at org.apache.catalina.core.ApplicationFilterChain.doFilter(ApplicationFilterChain.java:140)
	at org.springframework.web.filter.CompositeFilter$VirtualFilterChain.doFilter(CompositeFilter.java:108)
	at org.springframework.security.web.FilterChainProxy.lambda$doFilterInternal$3(FilterChainProxy.java:231)
	at org.springframework.security.web.FilterChainProxy$VirtualFilterChain.doFilter(FilterChainProxy.java:365)
	at org.springframework.security.web.access.intercept.AuthorizationFilter.doFilter(AuthorizationFilter.java:100)
	at org.springframework.security.web.FilterChainProxy$VirtualFilterChain.doFilter(FilterChainProxy.java:374)
	at org.springframework.security.web.access.ExceptionTranslationFilter.doFilter(ExceptionTranslationFilter.java:126)
	at org.springframework.security.web.access.ExceptionTranslationFilter.doFilter(ExceptionTranslationFilter.java:120)
	at org.springframework.security.web.FilterChainProxy$VirtualFilterChain.doFilter(FilterChainProxy.java:374)
	at org.springframework.security.web.session.SessionManagementFilter.doFilter(SessionManagementFilter.java:131)
	at org.springframework.security.web.session.SessionManagementFilter.doFilter(SessionManagementFilter.java:85)
	at org.springframework.security.web.FilterChainProxy$VirtualFilterChain.doFilter(FilterChainProxy.java:374)
	at org.springframework.security.web.authentication.AnonymousAuthenticationFilter.doFilter(AnonymousAuthenticationFilter.java:100)
	at org.springframework.security.web.FilterChainProxy$VirtualFilterChain.doFilter(FilterChainProxy.java:374)
	at org.springframework.security.web.servletapi.SecurityContextHolderAwareRequestFilter.doFilter(SecurityContextHolderAwareRequestFilter.java:179)
	at org.springframework.security.web.FilterChainProxy$VirtualFilterChain.doFilter(FilterChainProxy.java:374)
	at org.springframework.security.web.savedrequest.RequestCacheAwareFilter.doFilter(RequestCacheAwareFilter.java:63)
	at org.springframework.security.web.FilterChainProxy$VirtualFilterChain.doFilter(FilterChainProxy.java:374)
	at Bus_Ticket_booking.ijse.security.JwtAuthenticationFilter.doFilterInternal(JwtAuthenticationFilter.java:51)
	at org.springframework.web.filter.OncePerRequestFilter.doFilter(OncePerRequestFilter.java:116)
	at org.springframework.security.web.FilterChainProxy$VirtualFilterChain.doFilter(FilterChainProxy.java:374)
	at org.springframework.security.web.authentication.logout.LogoutFilter.doFilter(LogoutFilter.java:107)
	at org.springframework.security.web.authentication.logout.LogoutFilter.doFilter(LogoutFilter.java:93)
	at org.springframework.security.web.FilterChainProxy$VirtualFilterChain.doFilter(FilterChainProxy.java:374)
	at org.springframework.web.filter.CorsFilter.doFilterInternal(CorsFilter.java:91)
	at org.springframework.web.filter.OncePerRequestFilter.doFilter(OncePerRequestFilter.java:116)
	at org.springframework.security.web.FilterChainProxy$VirtualFilterChain.doFilter(FilterChainProxy.java:374)
	at org.springframework.security.web.header.HeaderWriterFilter.doHeadersAfter(HeaderWriterFilter.java:90)
	at org.springframework.security.web.header.HeaderWriterFilter.doFilterInternal(HeaderWriterFilter.java:75)
	at org.springframework.web.filter.OncePerRequestFilter.doFilter(OncePerRequestFilter.java:116)
	at org.springframework.security.web.FilterChainProxy$VirtualFilterChain.doFilter(FilterChainProxy.java:374)
	at org.springframework.security.web.context.SecurityContextHolderFilter.doFilter(SecurityContextHolderFilter.java:82)
	at org.springframework.security.web.context.SecurityContextHolderFilter.doFilter(SecurityContextHolderFilter.java:69)
	at org.springframework.security.web.FilterChainProxy$VirtualFilterChain.doFilter(FilterChainProxy.java:374)
	at org.springframework.security.web.context.request.async.WebAsyncManagerIntegrationFilter.doFilterInternal(WebAsyncManagerIntegrationFilter.java:62)
	at org.springframework.web.filter.OncePerRequestFilter.doFilter(OncePerRequestFilter.java:116)
	at org.springframework.security.web.FilterChainProxy$VirtualFilterChain.doFilter(FilterChainProxy.java:374)
	at org.springframework.security.web.session.DisableEncodeUrlFilter.doFilterInternal(DisableEncodeUrlFilter.java:42)
	at org.springframework.web.filter.OncePerRequestFilter.doFilter(OncePerRequestFilter.java:116)
	at org.springframework.security.web.FilterChainProxy$VirtualFilterChain.doFilter(FilterChainProxy.java:374)
	at org.springframework.security.web.FilterChainProxy.doFilterInternal(FilterChainProxy.java:233)
	at org.springframework.security.web.FilterChainProxy.doFilter(FilterChainProxy.java:191)
	at org.springframework.web.filter.CompositeFilter$VirtualFilterChain.doFilter(CompositeFilter.java:113)
	at org.springframework.web.servlet.handler.HandlerMappingIntrospector.lambda$createCacheFilter$3(HandlerMappingIntrospector.java:195)
	at org.springframework.web.filter.CompositeFilter$VirtualFilterChain.doFilter(CompositeFilter.java:113)
	at org.springframework.web.filter.CompositeFilter.doFilter(CompositeFilter.java:74)
	at org.springframework.security.config.annotation.web.configuration.WebMvcSecurityConfiguration$CompositeFilterChainProxy.doFilter(WebMvcSecurityConfiguration.java:230)
	at org.springframework.web.filter.DelegatingFilterProxy.invokeDelegate(DelegatingFilterProxy.java:362)
	at org.springframework.web.filter.DelegatingFilterProxy.doFilter(DelegatingFilterProxy.java:278)
	at org.apache.catalina.core.ApplicationFilterChain.internalDoFilter(ApplicationFilterChain.java:164)
	at org.apache.catalina.core.ApplicationFilterChain.doFilter(ApplicationFilterChain.java:140)
	at org.springframework.web.filter.RequestContextFilter.doFilterInternal(RequestContextFilter.java:100)
	at org.springframework.web.filter.OncePerRequestFilter.doFilter(OncePerRequestFilter.java:116)
	at org.apache.catalina.core.ApplicationFilterChain.internalDoFilter(ApplicationFilterChain.java:164)
	at org.apache.catalina.core.ApplicationFilterChain.doFilter(ApplicationFilterChain.java:140)
	at org.springframework.web.filter.FormContentFilter.doFilterInternal(FormContentFilter.java:93)
	at org.springframework.web.filter.OncePerRequestFilter.doFilter(OncePerRequestFilter.java:116)
	at org.apache.catalina.core.ApplicationFilterChain.internalDoFilter(ApplicationFilterChain.java:164)
	at org.apache.catalina.core.ApplicationFilterChain.doFilter(ApplicationFilterChain.java:140)
	at org.springframework.web.filter.CharacterEncodingFilter.doFilterInternal(CharacterEncodingFilter.java:201)
	at org.springframework.web.filter.OncePerRequestFilter.doFilter(OncePerRequestFilter.java:116)
	at org.apache.catalina.core.ApplicationFilterChain.internalDoFilter(ApplicationFilterChain.java:164)
	at org.apache.catalina.core.ApplicationFilterChain.doFilter(ApplicationFilterChain.java:140)
	at org.apache.catalina.core.StandardWrapperValve.invoke(StandardWrapperValve.java:167)
	at org.apache.catalina.core.StandardContextValve.invoke(StandardContextValve.java:90)
	at org.apache.catalina.authenticator.AuthenticatorBase.invoke(AuthenticatorBase.java:483)
	at org.apache.catalina.core.StandardHostValve.invoke(StandardHostValve.java:115)
	at org.apache.catalina.valves.ErrorReportValve.invoke(ErrorReportValve.java:93)
	at org.apache.catalina.core.StandardEngineValve.invoke(StandardEngineValve.java:74)
	at org.apache.catalina.connector.CoyoteAdapter.service(CoyoteAdapter.java:344)
	at org.apache.coyote.http11.Http11Processor.service(Http11Processor.java:384)
	at org.apache.coyote.AbstractProcessorLight.process(AbstractProcessorLight.java:63)
	at org.apache.coyote.AbstractProtocol$ConnectionHandler.process(AbstractProtocol.java:905)
	at org.apache.tomcat.util.net.NioEndpoint$SocketProcessor.doRun(NioEndpoint.java:1741)
	at org.apache.tomcat.util.net.SocketProcessorBase.run(SocketProcessorBase.java:52)
	at org.apache.tomcat.util.threads.ThreadPoolExecutor.runWorker(ThreadPoolExecutor.java:1190)
	at org.apache.tomcat.util.threads.ThreadPoolExecutor$Worker.run(ThreadPoolExecutor.java:659)
	at org.apache.tomcat.util.threads.TaskThread$WrappingRunnable.run(TaskThread.java:63)
	at java.base/java.lang.Thread.run(Thread.java:1583)
2026-09-21 09:52:21 [http-nio-8080-exec-2] INFO  B.ijse.Controller.AuthController - Login request for: testuser
2026-09-21 09:52:21 [http-nio-8080-exec-2] DEBUG org.hibernate.SQL - 
    select
        u1_0.id,
        u1_0.email,
        u1_0.enabled,
        u1_0.full_name,
        u1_0.password,
        u1_0.phone,
        u1_0.username 
    from
        users u1_0 
    where
        u1_0.username=?
2026-09-21 09:52:21 [http-nio-8080-exec-2] DEBUG org.hibernate.SQL - 
    select
        r1_0.user_id,
        r1_1.id,
        r1_1.name 
    from
        user_roles r1_0 
    join
        roles r1_1 
            on r1_1.id=r1_0.role_id 
    where
        r1_0.user_id=?
2026-09-21 09:52:21 [http-nio-8080-exec-2] DEBUG B.i.security.UserDetailsServiceImpl - Loaded user: testuser with roles: [Bus_Ticket_booking.ijse.entity.Role@40]
2026-09-21 09:52:22 [http-nio-8080-exec-2] INFO  B.i.S.Serviceimpl.AuthServiceImpl - User logged in: testuser
2026-09-21 09:52:24 [http-nio-8080-exec-9] DEBUG org.hibernate.SQL - 
    select
        u1_0.id,
        u1_0.email,
        u1_0.enabled,
        u1_0.full_name,
        u1_0.password,
        u1_0.phone,
        u1_0.username 
    from
        users u1_0 
    where
        u1_0.username=?
2026-09-21 09:52:24 [http-nio-8080-exec-3] DEBUG org.hibernate.SQL - 
    select
        u1_0.id,
        u1_0.email,
        u1_0.enabled,
        u1_0.full_name,
        u1_0.password,
        u1_0.phone,
        u1_0.username 
    from
        users u1_0 
    where
        u1_0.username=?
2026-09-21 09:52:24 [http-nio-8080-exec-3] DEBUG org.hibernate.SQL - 
    select
        r1_0.user_id,
        r1_1.id,
        r1_1.name 
    from
        user_roles r1_0 
    join
        roles r1_1 
            on r1_1.id=r1_0.role_id 
    where
        r1_0.user_id=?
2026-09-21 09:52:24 [http-nio-8080-exec-6] DEBUG org.hibernate.SQL - 
    select
        u1_0.id,
        u1_0.email,
        u1_0.enabled,
        u1_0.full_name,
        u1_0.password,
        u1_0.phone,
        u1_0.username 
    from
        users u1_0 
    where
        u1_0.username=?
2026-09-21 09:52:24 [http-nio-8080-exec-9] DEBUG org.hibernate.SQL - 
    select
        r1_0.user_id,
        r1_1.id,
        r1_1.name 
    from
        user_roles r1_0 
    join
        roles r1_1 
            on r1_1.id=r1_0.role_id 
    where
        r1_0.user_id=?
2026-09-21 09:52:24 [http-nio-8080-exec-3] DEBUG B.i.security.UserDetailsServiceImpl - Loaded user: testuser with roles: [Bus_Ticket_booking.ijse.entity.Role@40]
2026-09-21 09:52:24 [http-nio-8080-exec-6] DEBUG org.hibernate.SQL - 
    select
        r1_0.user_id,
        r1_1.id,
        r1_1.name 
    from
        user_roles r1_0 
    join
        roles r1_1 
            on r1_1.id=r1_0.role_id 
    where
        r1_0.user_id=?
2026-09-21 09:52:24 [http-nio-8080-exec-9] DEBUG B.i.security.UserDetailsServiceImpl - Loaded user: testuser with roles: [Bus_Ticket_booking.ijse.entity.Role@40]
2026-09-21 09:52:24 [http-nio-8080-exec-6] DEBUG B.i.security.UserDetailsServiceImpl - Loaded user: testuser with roles: [Bus_Ticket_booking.ijse.entity.Role@40]
2026-09-21 09:52:24 [http-nio-8080-exec-3] DEBUG B.i.security.JwtAuthenticationFilter - Authenticated user: testuser, URI: /api/v1/notifications
2026-09-21 09:52:24 [http-nio-8080-exec-9] DEBUG B.i.security.JwtAuthenticationFilter - Authenticated user: testuser, URI: /api/v1/bookings/my
2026-09-21 09:52:24 [http-nio-8080-exec-6] DEBUG B.i.security.JwtAuthenticationFilter - Authenticated user: testuser, URI: /api/v1/reviews/my
2026-09-21 09:52:24 [http-nio-8080-exec-9] DEBUG org.hibernate.SQL - 
    select
        u1_0.id,
        u1_0.email,
        u1_0.enabled,
        u1_0.full_name,
        u1_0.password,
        u1_0.phone,
        u1_0.username 
    from
        users u1_0 
    where
        u1_0.username=?
2026-09-21 09:52:24 [http-nio-8080-exec-3] DEBUG org.hibernate.SQL - 
    select
        u1_0.id,
        u1_0.email,
        u1_0.enabled,
        u1_0.full_name,
        u1_0.password,
        u1_0.phone,
        u1_0.username 
    from
        users u1_0 
    where
        u1_0.username=?
2026-09-21 09:52:24 [http-nio-8080-exec-9] DEBUG org.hibernate.SQL - 
    select
        r1_0.user_id,
        r1_1.id,
        r1_1.name 
    from
        user_roles r1_0 
    join
        roles r1_1 
            on r1_1.id=r1_0.role_id 
    where
        r1_0.user_id=?
2026-09-21 09:52:24 [http-nio-8080-exec-3] DEBUG org.hibernate.SQL - 
    select
        r1_0.user_id,
        r1_1.id,
        r1_1.name 
    from
        user_roles r1_0 
    join
        roles r1_1 
            on r1_1.id=r1_0.role_id 
    where
        r1_0.user_id=?
2026-09-21 09:52:24 [http-nio-8080-exec-6] DEBUG org.hibernate.SQL - 
    select
        u1_0.id,
        u1_0.email,
        u1_0.enabled,
        u1_0.full_name,
        u1_0.password,
        u1_0.phone,
        u1_0.username 
    from
        users u1_0 
    where
        u1_0.username=?
2026-09-21 09:52:24 [http-nio-8080-exec-3] DEBUG org.hibernate.SQL - 
    select
        n1_0.id,
        n1_0.created_at,
        n1_0.message,
        n1_0.is_read,
        n1_0.type,
        n1_0.user_id 
    from
        notifications n1_0 
    where
        n1_0.user_id=? 
    order by
        n1_0.created_at desc
2026-09-21 09:52:24 [http-nio-8080-exec-9] DEBUG org.hibernate.SQL - 
    select
        b1_0.id,
        b1_0.booking_date,
        b1_0.passenger_id,
        b1_0.schedule_id,
        b1_0.status,
        b1_0.total_amount,
        b1_0.user_id 
    from
        bookings b1_0 
    where
        b1_0.user_id=?
2026-09-21 09:52:24 [http-nio-8080-exec-9] DEBUG org.hibernate.SQL - 
    select
        c1_0.id,
        c1_0.booking_id,
        c1_0.cancellation_date,
        c1_0.reason,
        c1_0.refund_amount,
        c1_0.status 
    from
        cancellations c1_0 
    where
        c1_0.booking_id=?
2026-09-21 09:52:24 [http-nio-8080-exec-6] DEBUG org.hibernate.SQL - 
    select
        r1_0.user_id,
        r1_1.id,
        r1_1.name 
    from
        user_roles r1_0 
    join
        roles r1_1 
            on r1_1.id=r1_0.role_id 
    where
        r1_0.user_id=?
2026-09-21 09:52:24 [http-nio-8080-exec-9] DEBUG org.hibernate.SQL - 
    select
        p1_0.id,
        p1_0.amount,
        p1_0.booking_id,
        p1_0.method,
        p1_0.payment_date,
        p1_0.status,
        p1_0.transaction_id 
    from
        payments p1_0 
    where
        p1_0.booking_id=?
2026-09-21 09:52:24 [http-nio-8080-exec-6] DEBUG org.hibernate.SQL - 
    select
        r1_0.id,
        r1_0.comment,
        r1_0.created_at,
        r1_0.rating,
        r1_0.route_id,
        r1_0.user_id 
    from
        reviews r1_0 
    where
        r1_0.user_id=?
2026-09-21 09:52:24 [http-nio-8080-exec-6] DEBUG org.hibernate.SQL - 
    select
        r1_0.id,
        r1_0.active,
        r1_0.base_fare,
        r1_0.destination,
        r1_0.distance_km,
        r1_0.duration_minutes,
        r1_0.source 
    from
        routes r1_0 
    where
        r1_0.id=?
2026-09-21 09:52:24 [http-nio-8080-exec-9] DEBUG org.hibernate.SQL - 
    select
        c1_0.id,
        c1_0.booking_id,
        c1_0.cancellation_date,
        c1_0.reason,
        c1_0.refund_amount,
        c1_0.status 
    from
        cancellations c1_0 
    where
        c1_0.booking_id=?
2026-09-21 09:52:25 [http-nio-8080-exec-9] DEBUG org.hibernate.SQL - 
    select
        p1_0.id,
        p1_0.amount,
        p1_0.booking_id,
        p1_0.method,
        p1_0.payment_date,
        p1_0.status,
        p1_0.transaction_id 
    from
        payments p1_0 
    where
        p1_0.booking_id=?
2026-09-21 09:52:25 [http-nio-8080-exec-9] DEBUG org.hibernate.SQL - 
    select
        bs1_0.id,
        bs1_0.booking_id,
        bs1_0.bus_seat_id 
    from
        booking_seats bs1_0 
    where
        bs1_0.booking_id=?
2026-09-21 09:52:25 [http-nio-8080-exec-9] DEBUG org.hibernate.SQL - 
    select
        bs1_0.id,
        bs1_0.is_available,
        bs1_0.bus_id,
        bs1_0.seat_number,
        bs1_0.seat_type 
    from
        bus_seats bs1_0 
    where
        bs1_0.id=?
2026-09-21 09:52:25 [http-nio-8080-exec-9] DEBUG org.hibernate.SQL - 
    select
        s1_0.id,
        s1_0.active,
        s1_0.arrival_time,
        s1_0.available_seats,
        s1_0.bus_id,
        s1_0.departure_time,
        s1_0.fare,
        s1_0.route_id 
    from
        schedules s1_0 
    where
        s1_0.id=?
2026-09-21 09:52:25 [http-nio-8080-exec-5] ERROR B.i.exception.GlobalExceptionHandler - Unexpected error: No static resource favicon.ico.
org.springframework.web.servlet.resource.NoResourceFoundException: No static resource favicon.ico.
	at org.springframework.web.servlet.resource.ResourceHttpRequestHandler.handleRequest(ResourceHttpRequestHandler.java:585)
	at org.springframework.web.servlet.mvc.HttpRequestHandlerAdapter.handle(HttpRequestHandlerAdapter.java:52)
	at org.springframework.web.servlet.DispatcherServlet.doDispatch(DispatcherServlet.java:1089)
	at org.springframework.web.servlet.DispatcherServlet.doService(DispatcherServlet.java:979)
	at org.springframework.web.servlet.FrameworkServlet.processRequest(FrameworkServlet.java:1014)
	at org.springframework.web.servlet.FrameworkServlet.doGet(FrameworkServlet.java:903)
	at jakarta.servlet.http.HttpServlet.service(HttpServlet.java:564)
	at org.springframework.web.servlet.FrameworkServlet.service(FrameworkServlet.java:885)
	at jakarta.servlet.http.HttpServlet.service(HttpServlet.java:658)
	at org.apache.catalina.core.ApplicationFilterChain.internalDoFilter(ApplicationFilterChain.java:195)
	at org.apache.catalina.core.ApplicationFilterChain.doFilter(ApplicationFilterChain.java:140)
	at org.apache.tomcat.websocket.server.WsFilter.doFilter(WsFilter.java:51)
	at org.apache.catalina.core.ApplicationFilterChain.internalDoFilter(ApplicationFilterChain.java:164)
	at org.apache.catalina.core.ApplicationFilterChain.doFilter(ApplicationFilterChain.java:140)
	at org.springframework.web.filter.CorsFilter.doFilterInternal(CorsFilter.java:91)
	at org.springframework.web.filter.OncePerRequestFilter.doFilter(OncePerRequestFilter.java:116)
	at org.apache.catalina.core.ApplicationFilterChain.internalDoFilter(ApplicationFilterChain.java:164)
	at org.apache.catalina.core.ApplicationFilterChain.doFilter(ApplicationFilterChain.java:140)
	at org.springframework.web.filter.OncePerRequestFilter.doFilter(OncePerRequestFilter.java:110)
	at org.apache.catalina.core.ApplicationFilterChain.internalDoFilter(ApplicationFilterChain.java:164)
	at org.apache.catalina.core.ApplicationFilterChain.doFilter(ApplicationFilterChain.java:140)
	at org.springframework.web.filter.CompositeFilter$VirtualFilterChain.doFilter(CompositeFilter.java:108)
	at org.springframework.security.web.FilterChainProxy.lambda$doFilterInternal$3(FilterChainProxy.java:231)
	at org.springframework.security.web.FilterChainProxy$VirtualFilterChain.doFilter(FilterChainProxy.java:365)
	at org.springframework.security.web.access.intercept.AuthorizationFilter.doFilter(AuthorizationFilter.java:100)
	at org.springframework.security.web.FilterChainProxy$VirtualFilterChain.doFilter(FilterChainProxy.java:374)
	at org.springframework.security.web.access.ExceptionTranslationFilter.doFilter(ExceptionTranslationFilter.java:126)
	at org.springframework.security.web.access.ExceptionTranslationFilter.doFilter(ExceptionTranslationFilter.java:120)
	at org.springframework.security.web.FilterChainProxy$VirtualFilterChain.doFilter(FilterChainProxy.java:374)
	at org.springframework.security.web.session.SessionManagementFilter.doFilter(SessionManagementFilter.java:131)
	at org.springframework.security.web.session.SessionManagementFilter.doFilter(SessionManagementFilter.java:85)
	at org.springframework.security.web.FilterChainProxy$VirtualFilterChain.doFilter(FilterChainProxy.java:374)
	at org.springframework.security.web.authentication.AnonymousAuthenticationFilter.doFilter(AnonymousAuthenticationFilter.java:100)
	at org.springframework.security.web.FilterChainProxy$VirtualFilterChain.doFilter(FilterChainProxy.java:374)
	at org.springframework.security.web.servletapi.SecurityContextHolderAwareRequestFilter.doFilter(SecurityContextHolderAwareRequestFilter.java:179)
	at org.springframework.security.web.FilterChainProxy$VirtualFilterChain.doFilter(FilterChainProxy.java:374)
	at org.springframework.security.web.savedrequest.RequestCacheAwareFilter.doFilter(RequestCacheAwareFilter.java:63)
	at org.springframework.security.web.FilterChainProxy$VirtualFilterChain.doFilter(FilterChainProxy.java:374)
	at Bus_Ticket_booking.ijse.security.JwtAuthenticationFilter.doFilterInternal(JwtAuthenticationFilter.java:51)
	at org.springframework.web.filter.OncePerRequestFilter.doFilter(OncePerRequestFilter.java:116)
	at org.springframework.security.web.FilterChainProxy$VirtualFilterChain.doFilter(FilterChainProxy.java:374)
	at org.springframework.security.web.authentication.logout.LogoutFilter.doFilter(LogoutFilter.java:107)
	at org.springframework.security.web.authentication.logout.LogoutFilter.doFilter(LogoutFilter.java:93)
	at org.springframework.security.web.FilterChainProxy$VirtualFilterChain.doFilter(FilterChainProxy.java:374)
	at org.springframework.web.filter.CorsFilter.doFilterInternal(CorsFilter.java:91)
	at org.springframework.web.filter.OncePerRequestFilter.doFilter(OncePerRequestFilter.java:116)
	at org.springframework.security.web.FilterChainProxy$VirtualFilterChain.doFilter(FilterChainProxy.java:374)
	at org.springframework.security.web.header.HeaderWriterFilter.doHeadersAfter(HeaderWriterFilter.java:90)
	at org.springframework.security.web.header.HeaderWriterFilter.doFilterInternal(HeaderWriterFilter.java:75)
	at org.springframework.web.filter.OncePerRequestFilter.doFilter(OncePerRequestFilter.java:116)
	at org.springframework.security.web.FilterChainProxy$VirtualFilterChain.doFilter(FilterChainProxy.java:374)
	at org.springframework.security.web.context.SecurityContextHolderFilter.doFilter(SecurityContextHolderFilter.java:82)
	at org.springframework.security.web.context.SecurityContextHolderFilter.doFilter(SecurityContextHolderFilter.java:69)
	at org.springframework.security.web.FilterChainProxy$VirtualFilterChain.doFilter(FilterChainProxy.java:374)
	at org.springframework.security.web.context.request.async.WebAsyncManagerIntegrationFilter.doFilterInternal(WebAsyncManagerIntegrationFilter.java:62)
	at org.springframework.web.filter.OncePerRequestFilter.doFilter(OncePerRequestFilter.java:116)
	at org.springframework.security.web.FilterChainProxy$VirtualFilterChain.doFilter(FilterChainProxy.java:374)
	at org.springframework.security.web.session.DisableEncodeUrlFilter.doFilterInternal(DisableEncodeUrlFilter.java:42)
	at org.springframework.web.filter.OncePerRequestFilter.doFilter(OncePerRequestFilter.java:116)
	at org.springframework.security.web.FilterChainProxy$VirtualFilterChain.doFilter(FilterChainProxy.java:374)
	at org.springframework.security.web.FilterChainProxy.doFilterInternal(FilterChainProxy.java:233)
	at org.springframework.security.web.FilterChainProxy.doFilter(FilterChainProxy.java:191)
	at org.springframework.web.filter.CompositeFilter$VirtualFilterChain.doFilter(CompositeFilter.java:113)
	at org.springframework.web.servlet.handler.HandlerMappingIntrospector.lambda$createCacheFilter$3(HandlerMappingIntrospector.java:195)
	at org.springframework.web.filter.CompositeFilter$VirtualFilterChain.doFilter(CompositeFilter.java:113)
	at org.springframework.web.filter.CompositeFilter.doFilter(CompositeFilter.java:74)
	at org.springframework.security.config.annotation.web.configuration.WebMvcSecurityConfiguration$CompositeFilterChainProxy.doFilter(WebMvcSecurityConfiguration.java:230)
	at org.springframework.web.filter.DelegatingFilterProxy.invokeDelegate(DelegatingFilterProxy.java:362)
	at org.springframework.web.filter.DelegatingFilterProxy.doFilter(DelegatingFilterProxy.java:278)
	at org.apache.catalina.core.ApplicationFilterChain.internalDoFilter(ApplicationFilterChain.java:164)
	at org.apache.catalina.core.ApplicationFilterChain.doFilter(ApplicationFilterChain.java:140)
	at org.springframework.web.filter.RequestContextFilter.doFilterInternal(RequestContextFilter.java:100)
	at org.springframework.web.filter.OncePerRequestFilter.doFilter(OncePerRequestFilter.java:116)
	at org.apache.catalina.core.ApplicationFilterChain.internalDoFilter(ApplicationFilterChain.java:164)
	at org.apache.catalina.core.ApplicationFilterChain.doFilter(ApplicationFilterChain.java:140)
	at org.springframework.web.filter.FormContentFilter.doFilterInternal(FormContentFilter.java:93)
	at org.springframework.web.filter.OncePerRequestFilter.doFilter(OncePerRequestFilter.java:116)
	at org.apache.catalina.core.ApplicationFilterChain.internalDoFilter(ApplicationFilterChain.java:164)
	at org.apache.catalina.core.ApplicationFilterChain.doFilter(ApplicationFilterChain.java:140)
	at org.springframework.web.filter.CharacterEncodingFilter.doFilterInternal(CharacterEncodingFilter.java:201)
	at org.springframework.web.filter.OncePerRequestFilter.doFilter(OncePerRequestFilter.java:116)
	at org.apache.catalina.core.ApplicationFilterChain.internalDoFilter(ApplicationFilterChain.java:164)
	at org.apache.catalina.core.ApplicationFilterChain.doFilter(ApplicationFilterChain.java:140)
	at org.apache.catalina.core.StandardWrapperValve.invoke(StandardWrapperValve.java:167)
	at org.apache.catalina.core.StandardContextValve.invoke(StandardContextValve.java:90)
	at org.apache.catalina.authenticator.AuthenticatorBase.invoke(AuthenticatorBase.java:483)
	at org.apache.catalina.core.StandardHostValve.invoke(StandardHostValve.java:115)
	at org.apache.catalina.valves.ErrorReportValve.invoke(ErrorReportValve.java:93)
	at org.apache.catalina.core.StandardEngineValve.invoke(StandardEngineValve.java:74)
	at org.apache.catalina.connector.CoyoteAdapter.service(CoyoteAdapter.java:344)
	at org.apache.coyote.http11.Http11Processor.service(Http11Processor.java:384)
	at org.apache.coyote.AbstractProcessorLight.process(AbstractProcessorLight.java:63)
	at org.apache.coyote.AbstractProtocol$ConnectionHandler.process(AbstractProtocol.java:905)
	at org.apache.tomcat.util.net.NioEndpoint$SocketProcessor.doRun(NioEndpoint.java:1741)
	at org.apache.tomcat.util.net.SocketProcessorBase.run(SocketProcessorBase.java:52)
	at org.apache.tomcat.util.threads.ThreadPoolExecutor.runWorker(ThreadPoolExecutor.java:1190)
	at org.apache.tomcat.util.threads.ThreadPoolExecutor$Worker.run(ThreadPoolExecutor.java:659)
	at org.apache.tomcat.util.threads.TaskThread$WrappingRunnable.run(TaskThread.java:63)
	at java.base/java.lang.Thread.run(Thread.java:1583)
2026-09-21 09:52:25 [http-nio-8080-exec-9] DEBUG org.hibernate.SQL - 
    select
        r1_0.id,
        r1_0.active,
        r1_0.base_fare,
        r1_0.destination,
        r1_0.distance_km,
        r1_0.duration_minutes,
        r1_0.source 
    from
        routes r1_0 
    where
        r1_0.id=?
2026-09-21 09:52:25 [http-nio-8080-exec-9] DEBUG org.hibernate.SQL - 
    select
        b1_0.id,
        b1_0.is_active,
        b1_0.bus_name,
        b1_0.bus_number,
        b1_0.bus_type,
        b1_0.owner_id,
        b1_0.total_seats 
    from
        buses b1_0 
    where
        b1_0.id=?
2026-09-21 09:52:25 [http-nio-8080-exec-9] DEBUG org.hibernate.SQL - 
    select
        p1_0.id,
        p1_0.age,
        p1_0.first_name,
        p1_0.gender,
        p1_0.last_name,
        p1_0.nic,
        p1_0.phone 
    from
        passengers p1_0 
    where
        p1_0.id=?
2026-09-21 09:52:25 [http-nio-8080-exec-9] DEBUG org.hibernate.SQL - 
    select
        b1_0.id,
        b1_0.booking_date,
        b1_0.passenger_id,
        b1_0.schedule_id,
        b1_0.status,
        b1_0.total_amount,
        b1_0.user_id 
    from
        bookings b1_0 
    where
        b1_0.passenger_id=?
2026-09-21 09:52:25 [http-nio-8080-exec-9] DEBUG org.hibernate.SQL - 
    select
        bs1_0.id,
        bs1_0.booking_id,
        bs1_0.bus_seat_id 
    from
        booking_seats bs1_0 
    where
        bs1_0.booking_id=?
2026-09-21 09:52:25 [http-nio-8080-exec-9] DEBUG org.hibernate.SQL - 
    select
        bs1_0.id,
        bs1_0.is_available,
        bs1_0.bus_id,
        bs1_0.seat_number,
        bs1_0.seat_type 
    from
        bus_seats bs1_0 
    where
        bs1_0.id=?
2026-09-21 09:52:25 [http-nio-8080-exec-9] DEBUG org.hibernate.SQL - 
    select
        s1_0.id,
        s1_0.active,
        s1_0.arrival_time,
        s1_0.available_seats,
        s1_0.bus_id,
        s1_0.departure_time,
        s1_0.fare,
        s1_0.route_id 
    from
        schedules s1_0 
    where
        s1_0.id=?
2026-09-21 09:52:25 [http-nio-8080-exec-9] DEBUG org.hibernate.SQL - 
    select
        r1_0.id,
        r1_0.active,
        r1_0.base_fare,
        r1_0.destination,
        r1_0.distance_km,
        r1_0.duration_minutes,
        r1_0.source 
    from
        routes r1_0 
    where
        r1_0.id=?
2026-09-21 09:52:25 [http-nio-8080-exec-9] DEBUG org.hibernate.SQL - 
    select
        b1_0.id,
        b1_0.is_active,
        b1_0.bus_name,
        b1_0.bus_number,
        b1_0.bus_type,
        b1_0.owner_id,
        b1_0.total_seats 
    from
        buses b1_0 
    where
        b1_0.id=?
2026-09-21 09:52:25 [http-nio-8080-exec-9] DEBUG org.hibernate.SQL - 
    select
        p1_0.id,
        p1_0.age,
        p1_0.first_name,
        p1_0.gender,
        p1_0.last_name,
        p1_0.nic,
        p1_0.phone 
    from
        passengers p1_0 
    where
        p1_0.id=?
2026-09-21 09:52:25 [http-nio-8080-exec-9] DEBUG org.hibernate.SQL - 
    select
        b1_0.id,
        b1_0.booking_date,
        b1_0.passenger_id,
        b1_0.schedule_id,
        b1_0.status,
        b1_0.total_amount,
        b1_0.user_id 
    from
        bookings b1_0 
    where
        b1_0.passenger_id=?
2026-09-21 10:06:26 [background-preinit] INFO  o.h.validator.internal.util.Version - HV000001: Hibernate Validator 8.0.1.Final
2026-09-21 10:06:26 [main] INFO  B.ijse.IjseApplication - Starting IjseApplication using Java 21.0.11 with PID 15552 (C:\Users\Dinesh\Downloads\ijse\ijse\target\classes started by Dinesh in C:\Users\Dinesh\Downloads\ijse\ijse)
2026-09-21 10:06:26 [main] DEBUG B.ijse.IjseApplication - Running with Spring Boot v3.3.5, Spring v6.1.14
2026-09-21 10:06:26 [main] INFO  B.ijse.IjseApplication - No active profile set, falling back to 1 default profile: "default"
2026-09-21 10:06:27 [main] INFO  o.s.d.r.c.RepositoryConfigurationDelegate - Bootstrapping Spring Data JPA repositories in DEFAULT mode.
2026-09-21 10:06:27 [main] INFO  o.s.d.r.c.RepositoryConfigurationDelegate - Finished Spring Data repository scanning in 161 ms. Found 17 JPA repository interfaces.
2026-09-21 10:06:29 [main] INFO  o.s.b.w.e.tomcat.TomcatWebServer - Tomcat initialized with port 8080 (http)
2026-09-21 10:06:29 [main] INFO  o.a.coyote.http11.Http11NioProtocol - Initializing ProtocolHandler ["http-nio-8080"]
2026-09-21 10:06:29 [main] INFO  o.a.catalina.core.StandardService - Starting service [Tomcat]
2026-09-21 10:06:29 [main] INFO  o.a.catalina.core.StandardEngine - Starting Servlet engine: [Apache Tomcat/10.1.31]
2026-09-21 10:06:29 [main] INFO  o.a.c.c.C.[Tomcat].[localhost].[/] - Initializing Spring embedded WebApplicationContext
2026-09-21 10:06:29 [main] INFO  o.s.b.w.s.c.ServletWebServerApplicationContext - Root WebApplicationContext: initialization completed in 2988 ms
2026-09-21 10:06:29 [main] INFO  o.h.jpa.internal.util.LogHelper - HHH000204: Processing PersistenceUnitInfo [name: default]
2026-09-21 10:06:29 [main] INFO  org.hibernate.Version - HHH000412: Hibernate ORM core version 6.5.3.Final
2026-09-21 10:06:29 [main] INFO  o.h.c.i.RegionFactoryInitiator - HHH000026: Second-level cache disabled
2026-09-21 10:06:30 [main] INFO  o.s.o.j.p.SpringPersistenceUnitInfo - No LoadTimeWeaver setup: ignoring JPA class transformer
2026-09-21 10:06:30 [main] INFO  com.zaxxer.hikari.HikariDataSource - HikariPool-1 - Starting...
2026-09-21 10:06:30 [main] INFO  com.zaxxer.hikari.pool.HikariPool - HikariPool-1 - Added connection com.mysql.cj.jdbc.ConnectionImpl@4ce18cec
2026-09-21 10:06:30 [main] INFO  com.zaxxer.hikari.HikariDataSource - HikariPool-1 - Start completed.
2026-09-21 10:06:30 [main] WARN  org.hibernate.orm.deprecation - HHH90000025: MySQLDialect does not need to be specified explicitly using 'hibernate.dialect' (remove the property setting and it will be selected by default)
2026-09-21 10:06:33 [main] INFO  o.h.e.t.j.p.i.JtaPlatformInitiator - HHH000489: No JTA platform available (set 'hibernate.transaction.jta.platform' to enable JTA platform integration)
2026-09-21 10:06:33 [main] DEBUG org.hibernate.SQL - 
    alter table bookings 
       modify column status enum ('CANCELLED','COMPLETED','CONFIRMED','NO_SHOW','PENDING') not null
2026-09-21 10:06:33 [main] DEBUG org.hibernate.SQL - 
    alter table bus_seats 
       modify column seat_type enum ('AISLE','LOWER_BERTH','MIDDLE','UPPER_BERTH','WINDOW') not null
2026-09-21 10:06:33 [main] DEBUG org.hibernate.SQL - 
    alter table buses 
       modify column bus_type enum ('AC_SEATER','AC_SLEEPER','LUXURY','MINI','NON_AC_SEATER','NON_AC_SLEEPER') not null
2026-09-21 10:06:33 [main] DEBUG org.hibernate.SQL - 
    alter table cancellations 
       modify column status enum ('APPROVED','REFUND_COMPLETED','REFUND_INITIATED','REJECTED','REQUESTED') not null
2026-09-21 10:06:33 [main] DEBUG org.hibernate.SQL - 
    alter table notifications 
       modify column type enum ('BOOKING_CANCELLED','BOOKING_CONFIRMED','GENERAL','PAYMENT_FAILED','PAYMENT_SUCCESS','REFUND_INITIATED','SCHEDULE_CHANGE') not null
2026-09-21 10:06:33 [main] DEBUG org.hibernate.SQL - 
    alter table payments 
       modify column method enum ('CASH','CREDIT_CARD','DEBIT_CARD','NET_BANKING','UPI','WALLET') not null
2026-09-21 10:06:33 [main] DEBUG org.hibernate.SQL - 
    alter table payments 
       modify column status enum ('FAILED','PARTIALLY_REFUNDED','PENDING','REFUNDED','SUCCESS') not null
2026-09-21 10:06:33 [main] DEBUG org.hibernate.SQL - 
    alter table roles 
       modify column name enum ('ROLE_ADMIN','ROLE_BUS_OWNER','ROLE_GUEST','ROLE_USER') not null
2026-09-21 10:06:33 [main] DEBUG org.hibernate.SQL - 
    alter table verification_tokens 
       modify column type enum ('EMAIL_VERIFICATION','PASSWORD_RESET') not null
2026-09-21 10:06:33 [main] INFO  o.s.o.j.LocalContainerEntityManagerFactoryBean - Initialized JPA EntityManagerFactory for persistence unit 'default'
2026-09-21 10:06:34 [main] DEBUG B.i.security.JwtAuthenticationFilter - Filter 'jwtAuthenticationFilter' configured for use
2026-09-21 10:06:34 [main] INFO  o.s.d.j.r.query.QueryEnhancerFactory - Hibernate is in classpath; If applicable, HQL parser will be used.
2026-09-21 10:06:35 [main] INFO  o.s.s.c.a.a.c.InitializeAuthenticationProviderBeanManagerConfigurer$InitializeAuthenticationProviderManagerConfigurer - Global AuthenticationManager configured with AuthenticationProvider bean with name authenticationProvider
2026-09-21 10:06:35 [main] WARN  o.s.s.c.a.a.c.InitializeUserDetailsBeanManagerConfigurer$InitializeUserDetailsManagerConfigurer - Global AuthenticationManager configured with an AuthenticationProvider bean. UserDetailsService beans will not be used for username/password login. Consider removing the AuthenticationProvider bean. Alternatively, consider using the UserDetailsService in a manually instantiated DaoAuthenticationProvider.
2026-09-21 10:06:36 [main] INFO  o.s.b.a.w.s.WelcomePageHandlerMapping - Adding welcome page: class path resource [static/index.html]
2026-09-21 10:06:37 [main] INFO  o.a.coyote.http11.Http11NioProtocol - Starting ProtocolHandler ["http-nio-8080"]
2026-09-21 10:06:37 [main] INFO  o.s.b.w.e.tomcat.TomcatWebServer - Tomcat started on port 8080 (http) with context path '/'
2026-09-21 10:06:37 [main] INFO  B.ijse.IjseApplication - Started IjseApplication in 11.777 seconds (process running for 12.448)
2026-09-21 10:06:37 [main] INFO  B.ijse.DataInitializer - === GoBus API – Data Initialization ===
2026-09-21 10:06:37 [main] DEBUG org.hibernate.SQL - 
    select
        r1_0.id,
        r1_0.name 
    from
        roles r1_0 
    where
        r1_0.name=?
2026-09-21 10:06:37 [main] DEBUG org.hibernate.SQL - 
    select
        r1_0.id,
        r1_0.name 
    from
        roles r1_0 
    where
        r1_0.name=?
2026-09-21 10:06:37 [main] DEBUG org.hibernate.SQL - 
    select
        r1_0.id,
        r1_0.name 
    from
        roles r1_0 
    where
        r1_0.name=?
2026-09-21 10:06:37 [main] DEBUG org.hibernate.SQL - 
    select
        r1_0.id,
        r1_0.name 
    from
        roles r1_0 
    where
        r1_0.name=?
2026-09-21 10:06:37 [main] DEBUG org.hibernate.SQL - 
    select
        u1_0.id,
        u1_0.email,
        u1_0.enabled,
        u1_0.full_name,
        u1_0.password,
        u1_0.phone,
        u1_0.username 
    from
        users u1_0 
    where
        u1_0.username=?
2026-09-21 10:06:37 [main] DEBUG org.hibernate.SQL - 
    select
        r1_0.user_id,
        r1_1.id,
        r1_1.name 
    from
        user_roles r1_0 
    join
        roles r1_1 
            on r1_1.id=r1_0.role_id 
    where
        r1_0.user_id=?
2026-09-21 10:06:37 [main] INFO  B.ijse.DataInitializer - Admin user verified     → admin / Admin@1234
2026-09-21 10:06:37 [main] DEBUG org.hibernate.SQL - 
    update
        users 
    set
        email=?,
        enabled=?,
        full_name=?,
        password=?,
        phone=?,
        username=? 
    where
        id=?
2026-09-21 10:06:37 [main] DEBUG org.hibernate.SQL - 
    select
        u1_0.id,
        u1_0.email,
        u1_0.enabled,
        u1_0.full_name,
        u1_0.password,
        u1_0.phone,
        u1_0.username 
    from
        users u1_0 
    where
        u1_0.username=?
2026-09-21 10:06:37 [main] DEBUG org.hibernate.SQL - 
    select
        r1_0.user_id,
        r1_1.id,
        r1_1.name 
    from
        user_roles r1_0 
    join
        roles r1_1 
            on r1_1.id=r1_0.role_id 
    where
        r1_0.user_id=?
2026-09-21 10:06:38 [main] INFO  B.ijse.DataInitializer - Test user verified      → testuser / User@1234
2026-09-21 10:06:38 [main] DEBUG org.hibernate.SQL - 
    update
        users 
    set
        email=?,
        enabled=?,
        full_name=?,
        password=?,
        phone=?,
        username=? 
    where
        id=?
2026-09-21 10:06:38 [main] DEBUG org.hibernate.SQL - 
    select
        u1_0.id,
        u1_0.email,
        u1_0.enabled,
        u1_0.full_name,
        u1_0.password,
        u1_0.phone,
        u1_0.username 
    from
        users u1_0 
    where
        u1_0.username=?
2026-09-21 10:06:38 [main] DEBUG org.hibernate.SQL - 
    select
        r1_0.user_id,
        r1_1.id,
        r1_1.name 
    from
        user_roles r1_0 
    join
        roles r1_1 
            on r1_1.id=r1_0.role_id 
    where
        r1_0.user_id=?
2026-09-21 10:06:38 [main] INFO  B.ijse.DataInitializer - Bus Owner verified      → busowner / Owner@1234
2026-09-21 10:06:38 [main] DEBUG org.hibernate.SQL - 
    select
        r1_0.id,
        r1_0.active,
        r1_0.base_fare,
        r1_0.destination,
        r1_0.distance_km,
        r1_0.duration_minutes,
        r1_0.source 
    from
        routes r1_0 
    where
        upper(r1_0.source)=upper(?) 
        and upper(r1_0.destination)=upper(?)
2026-09-21 10:06:38 [main] DEBUG org.hibernate.SQL - 
    select
        r1_0.id,
        r1_0.active,
        r1_0.base_fare,
        r1_0.destination,
        r1_0.distance_km,
        r1_0.duration_minutes,
        r1_0.source 
    from
        routes r1_0 
    where
        upper(r1_0.source)=upper(?) 
        and upper(r1_0.destination)=upper(?)
2026-09-21 10:06:38 [main] DEBUG org.hibernate.SQL - 
    select
        r1_0.id,
        r1_0.active,
        r1_0.base_fare,
        r1_0.destination,
        r1_0.distance_km,
        r1_0.duration_minutes,
        r1_0.source 
    from
        routes r1_0 
    where
        upper(r1_0.source)=upper(?) 
        and upper(r1_0.destination)=upper(?)
2026-09-21 10:06:38 [main] DEBUG org.hibernate.SQL - 
    select
        r1_0.id,
        r1_0.active,
        r1_0.base_fare,
        r1_0.destination,
        r1_0.distance_km,
        r1_0.duration_minutes,
        r1_0.source 
    from
        routes r1_0 
    where
        upper(r1_0.source)=upper(?) 
        and upper(r1_0.destination)=upper(?)
2026-09-21 10:06:38 [main] DEBUG org.hibernate.SQL - 
    select
        r1_0.id,
        r1_0.active,
        r1_0.base_fare,
        r1_0.destination,
        r1_0.distance_km,
        r1_0.duration_minutes,
        r1_0.source 
    from
        routes r1_0 
    where
        upper(r1_0.source)=upper(?) 
        and upper(r1_0.destination)=upper(?)
2026-09-21 10:06:38 [main] DEBUG org.hibernate.SQL - 
    select
        r1_0.id,
        r1_0.active,
        r1_0.base_fare,
        r1_0.destination,
        r1_0.distance_km,
        r1_0.duration_minutes,
        r1_0.source 
    from
        routes r1_0 
    where
        upper(r1_0.source)=upper(?) 
        and upper(r1_0.destination)=upper(?)
2026-09-21 10:06:38 [main] DEBUG org.hibernate.SQL - 
    select
        r1_0.id,
        r1_0.active,
        r1_0.base_fare,
        r1_0.destination,
        r1_0.distance_km,
        r1_0.duration_minutes,
        r1_0.source 
    from
        routes r1_0 
    where
        upper(r1_0.source)=upper(?) 
        and upper(r1_0.destination)=upper(?)
2026-09-21 10:06:38 [main] DEBUG org.hibernate.SQL - 
    select
        r1_0.id,
        r1_0.active,
        r1_0.base_fare,
        r1_0.destination,
        r1_0.distance_km,
        r1_0.duration_minutes,
        r1_0.source 
    from
        routes r1_0 
    where
        upper(r1_0.source)=upper(?) 
        and upper(r1_0.destination)=upper(?)
2026-09-21 10:06:38 [main] INFO  B.ijse.DataInitializer - Ensured 8 routes exist
2026-09-21 10:06:38 [main] DEBUG org.hibernate.SQL - 
    select
        b1_0.id,
        b1_0.is_active,
        b1_0.bus_name,
        b1_0.bus_number,
        b1_0.bus_type,
        b1_0.owner_id,
        b1_0.total_seats 
    from
        buses b1_0 
    where
        b1_0.bus_number=?
2026-09-21 10:06:38 [main] DEBUG org.hibernate.SQL - 
    select
        b1_0.id,
        b1_0.is_active,
        b1_0.bus_name,
        b1_0.bus_number,
        b1_0.bus_type,
        b1_0.owner_id,
        b1_0.total_seats 
    from
        buses b1_0 
    where
        b1_0.bus_number=?
2026-09-21 10:06:38 [main] DEBUG org.hibernate.SQL - 
    select
        b1_0.id,
        b1_0.is_active,
        b1_0.bus_name,
        b1_0.bus_number,
        b1_0.bus_type,
        b1_0.owner_id,
        b1_0.total_seats 
    from
        buses b1_0 
    where
        b1_0.bus_number=?
2026-09-21 10:06:38 [main] DEBUG org.hibernate.SQL - 
    select
        b1_0.id,
        b1_0.is_active,
        b1_0.bus_name,
        b1_0.bus_number,
        b1_0.bus_type,
        b1_0.owner_id,
        b1_0.total_seats 
    from
        buses b1_0 
    where
        b1_0.bus_number=?
2026-09-21 10:06:38 [main] DEBUG org.hibernate.SQL - 
    select
        b1_0.id,
        b1_0.is_active,
        b1_0.bus_name,
        b1_0.bus_number,
        b1_0.bus_type,
        b1_0.owner_id,
        b1_0.total_seats 
    from
        buses b1_0 
    where
        b1_0.bus_number=?
2026-09-21 10:06:38 [main] INFO  B.ijse.DataInitializer - Ensured 5 buses with seats and operator assignment exist
2026-09-21 10:06:38 [main] DEBUG org.hibernate.SQL - 
    select
        s1_0.id,
        s1_0.active,
        s1_0.arrival_time,
        s1_0.available_seats,
        s1_0.bus_id,
        s1_0.departure_time,
        s1_0.fare,
        s1_0.route_id 
    from
        schedules s1_0
2026-09-21 10:06:38 [main] DEBUG org.hibernate.SQL - 
    select
        s1_0.id 
    from
        schedules s1_0 
    where
        s1_0.route_id=? 
        and s1_0.bus_id=? 
        and s1_0.departure_time=? 
    limit
        ?
2026-09-21 10:06:38 [main] DEBUG org.hibernate.SQL - 
    insert 
    into
        schedules
        (active, arrival_time, available_seats, bus_id, departure_time, fare, route_id) 
    values
        (?, ?, ?, ?, ?, ?, ?)
2026-09-21 10:06:38 [main] DEBUG org.hibernate.SQL - 
    select
        s1_0.id 
    from
        schedules s1_0 
    where
        s1_0.route_id=? 
        and s1_0.bus_id=? 
        and s1_0.departure_time=? 
    limit
        ?
2026-09-21 10:06:39 [main] DEBUG org.hibernate.SQL - 
    insert 
    into
        schedules
        (active, arrival_time, available_seats, bus_id, departure_time, fare, route_id) 
    values
        (?, ?, ?, ?, ?, ?, ?)
2026-09-21 10:06:39 [main] DEBUG org.hibernate.SQL - 
    select
        s1_0.id 
    from
        schedules s1_0 
    where
        s1_0.route_id=? 
        and s1_0.bus_id=? 
        and s1_0.departure_time=? 
    limit
        ?
2026-09-21 10:06:39 [main] DEBUG org.hibernate.SQL - 
    insert 
    into
        schedules
        (active, arrival_time, available_seats, bus_id, departure_time, fare, route_id) 
    values
        (?, ?, ?, ?, ?, ?, ?)
2026-09-21 10:06:39 [main] DEBUG org.hibernate.SQL - 
    select
        s1_0.id 
    from
        schedules s1_0 
    where
        s1_0.route_id=? 
        and s1_0.bus_id=? 
        and s1_0.departure_time=? 
    limit
        ?
2026-09-21 10:06:39 [main] DEBUG org.hibernate.SQL - 
    insert 
    into
        schedules
        (active, arrival_time, available_seats, bus_id, departure_time, fare, route_id) 
    values
        (?, ?, ?, ?, ?, ?, ?)
2026-09-21 10:06:39 [main] DEBUG org.hibernate.SQL - 
    select
        s1_0.id 
    from
        schedules s1_0 
    where
        s1_0.route_id=? 
        and s1_0.bus_id=? 
        and s1_0.departure_time=? 
    limit
        ?
2026-09-21 10:06:39 [main] DEBUG org.hibernate.SQL - 
    insert 
    into
        schedules
        (active, arrival_time, available_seats, bus_id, departure_time, fare, route_id) 
    values
        (?, ?, ?, ?, ?, ?, ?)
2026-09-21 10:06:39 [main] DEBUG org.hibernate.SQL - 
    select
        s1_0.id 
    from
        schedules s1_0 
    where
        s1_0.route_id=? 
        and s1_0.bus_id=? 
        and s1_0.departure_time=? 
    limit
        ?
2026-09-21 10:06:39 [main] DEBUG org.hibernate.SQL - 
    insert 
    into
        schedules
        (active, arrival_time, available_seats, bus_id, departure_time, fare, route_id) 
    values
        (?, ?, ?, ?, ?, ?, ?)
2026-09-21 10:06:39 [main] DEBUG org.hibernate.SQL - 
    select
        s1_0.id 
    from
        schedules s1_0 
    where
        s1_0.route_id=? 
        and s1_0.bus_id=? 
        and s1_0.departure_time=? 
    limit
        ?
2026-09-21 10:06:39 [main] DEBUG org.hibernate.SQL - 
    insert 
    into
        schedules
        (active, arrival_time, available_seats, bus_id, departure_time, fare, route_id) 
    values
        (?, ?, ?, ?, ?, ?, ?)
2026-09-21 10:06:39 [main] DEBUG org.hibernate.SQL - 
    select
        s1_0.id 
    from
        schedules s1_0 
    where
        s1_0.route_id=? 
        and s1_0.bus_id=? 
        and s1_0.departure_time=? 
    limit
        ?
2026-09-21 10:06:39 [main] DEBUG org.hibernate.SQL - 
    insert 
    into
        schedules
        (active, arrival_time, available_seats, bus_id, departure_time, fare, route_id) 
    values
        (?, ?, ?, ?, ?, ?, ?)
2026-09-21 10:06:39 [main] DEBUG org.hibernate.SQL - 
    select
        s1_0.id 
    from
        schedules s1_0 
    where
        s1_0.route_id=? 
        and s1_0.bus_id=? 
        and s1_0.departure_time=? 
    limit
        ?
2026-09-21 10:06:39 [main] DEBUG org.hibernate.SQL - 
    insert 
    into
        schedules
        (active, arrival_time, available_seats, bus_id, departure_time, fare, route_id) 
    values
        (?, ?, ?, ?, ?, ?, ?)
2026-09-21 10:06:39 [main] DEBUG org.hibernate.SQL - 
    select
        s1_0.id 
    from
        schedules s1_0 
    where
        s1_0.route_id=? 
        and s1_0.bus_id=? 
        and s1_0.departure_time=? 
    limit
        ?
2026-09-21 10:06:39 [main] DEBUG org.hibernate.SQL - 
    insert 
    into
        schedules
        (active, arrival_time, available_seats, bus_id, departure_time, fare, route_id) 
    values
        (?, ?, ?, ?, ?, ?, ?)
2026-09-21 10:06:39 [main] DEBUG org.hibernate.SQL - 
    select
        s1_0.id 
    from
        schedules s1_0 
    where
        s1_0.route_id=? 
        and s1_0.bus_id=? 
        and s1_0.departure_time=? 
    limit
        ?
2026-09-21 10:06:39 [main] DEBUG org.hibernate.SQL - 
    insert 
    into
        schedules
        (active, arrival_time, available_seats, bus_id, departure_time, fare, route_id) 
    values
        (?, ?, ?, ?, ?, ?, ?)
2026-09-21 10:06:39 [main] DEBUG org.hibernate.SQL - 
    select
        s1_0.id 
    from
        schedules s1_0 
    where
        s1_0.route_id=? 
        and s1_0.bus_id=? 
        and s1_0.departure_time=? 
    limit
        ?
2026-09-21 10:06:39 [main] DEBUG org.hibernate.SQL - 
    insert 
    into
        schedules
        (active, arrival_time, available_seats, bus_id, departure_time, fare, route_id) 
    values
        (?, ?, ?, ?, ?, ?, ?)
2026-09-21 10:06:39 [main] DEBUG org.hibernate.SQL - 
    select
        s1_0.id 
    from
        schedules s1_0 
    where
        s1_0.route_id=? 
        and s1_0.bus_id=? 
        and s1_0.departure_time=? 
    limit
        ?
2026-09-21 10:06:39 [main] DEBUG org.hibernate.SQL - 
    insert 
    into
        schedules
        (active, arrival_time, available_seats, bus_id, departure_time, fare, route_id) 
    values
        (?, ?, ?, ?, ?, ?, ?)
2026-09-21 10:06:39 [main] DEBUG org.hibernate.SQL - 
    select
        s1_0.id 
    from
        schedules s1_0 
    where
        s1_0.route_id=? 
        and s1_0.bus_id=? 
        and s1_0.departure_time=? 
    limit
        ?
2026-09-21 10:06:39 [main] DEBUG org.hibernate.SQL - 
    insert 
    into
        schedules
        (active, arrival_time, available_seats, bus_id, departure_time, fare, route_id) 
    values
        (?, ?, ?, ?, ?, ?, ?)
2026-09-21 10:06:39 [main] DEBUG org.hibernate.SQL - 
    select
        s1_0.id 
    from
        schedules s1_0 
    where
        s1_0.route_id=? 
        and s1_0.bus_id=? 
        and s1_0.departure_time=? 
    limit
        ?
2026-09-21 10:06:39 [main] DEBUG org.hibernate.SQL - 
    insert 
    into
        schedules
        (active, arrival_time, available_seats, bus_id, departure_time, fare, route_id) 
    values
        (?, ?, ?, ?, ?, ?, ?)
2026-09-21 10:06:39 [main] DEBUG org.hibernate.SQL - 
    select
        s1_0.id 
    from
        schedules s1_0 
    where
        s1_0.route_id=? 
        and s1_0.bus_id=? 
        and s1_0.departure_time=? 
    limit
        ?
2026-09-21 10:06:39 [main] DEBUG org.hibernate.SQL - 
    insert 
    into
        schedules
        (active, arrival_time, available_seats, bus_id, departure_time, fare, route_id) 
    values
        (?, ?, ?, ?, ?, ?, ?)
2026-09-21 10:06:39 [main] DEBUG org.hibernate.SQL - 
    select
        s1_0.id 
    from
        schedules s1_0 
    where
        s1_0.route_id=? 
        and s1_0.bus_id=? 
        and s1_0.departure_time=? 
    limit
        ?
2026-09-21 10:06:39 [main] DEBUG org.hibernate.SQL - 
    insert 
    into
        schedules
        (active, arrival_time, available_seats, bus_id, departure_time, fare, route_id) 
    values
        (?, ?, ?, ?, ?, ?, ?)
2026-09-21 10:06:39 [main] DEBUG org.hibernate.SQL - 
    select
        s1_0.id 
    from
        schedules s1_0 
    where
        s1_0.route_id=? 
        and s1_0.bus_id=? 
        and s1_0.departure_time=? 
    limit
        ?
2026-09-21 10:06:39 [main] DEBUG org.hibernate.SQL - 
    insert 
    into
        schedules
        (active, arrival_time, available_seats, bus_id, departure_time, fare, route_id) 
    values
        (?, ?, ?, ?, ?, ?, ?)
2026-09-21 10:06:39 [main] DEBUG org.hibernate.SQL - 
    select
        s1_0.id 
    from
        schedules s1_0 
    where
        s1_0.route_id=? 
        and s1_0.bus_id=? 
        and s1_0.departure_time=? 
    limit
        ?
2026-09-21 10:06:39 [main] DEBUG org.hibernate.SQL - 
    insert 
    into
        schedules
        (active, arrival_time, available_seats, bus_id, departure_time, fare, route_id) 
    values
        (?, ?, ?, ?, ?, ?, ?)
2026-09-21 10:06:39 [main] DEBUG org.hibernate.SQL - 
    select
        s1_0.id 
    from
        schedules s1_0 
    where
        s1_0.route_id=? 
        and s1_0.bus_id=? 
        and s1_0.departure_time=? 
    limit
        ?
2026-09-21 10:06:39 [main] DEBUG org.hibernate.SQL - 
    insert 
    into
        schedules
        (active, arrival_time, available_seats, bus_id, departure_time, fare, route_id) 
    values
        (?, ?, ?, ?, ?, ?, ?)
2026-09-21 10:06:39 [main] DEBUG org.hibernate.SQL - 
    select
        s1_0.id 
    from
        schedules s1_0 
    where
        s1_0.route_id=? 
        and s1_0.bus_id=? 
        and s1_0.departure_time=? 
    limit
        ?
2026-09-21 10:06:39 [main] DEBUG org.hibernate.SQL - 
    insert 
    into
        schedules
        (active, arrival_time, available_seats, bus_id, departure_time, fare, route_id) 
    values
        (?, ?, ?, ?, ?, ?, ?)
2026-09-21 10:06:39 [main] DEBUG org.hibernate.SQL - 
    select
        s1_0.id 
    from
        schedules s1_0 
    where
        s1_0.route_id=? 
        and s1_0.bus_id=? 
        and s1_0.departure_time=? 
    limit
        ?
2026-09-21 10:06:39 [main] DEBUG org.hibernate.SQL - 
    insert 
    into
        schedules
        (active, arrival_time, available_seats, bus_id, departure_time, fare, route_id) 
    values
        (?, ?, ?, ?, ?, ?, ?)
2026-09-21 10:06:39 [main] DEBUG org.hibernate.SQL - 
    select
        s1_0.id 
    from
        schedules s1_0 
    where
        s1_0.route_id=? 
        and s1_0.bus_id=? 
        and s1_0.departure_time=? 
    limit
        ?
2026-09-21 10:06:39 [main] DEBUG org.hibernate.SQL - 
    insert 
    into
        schedules
        (active, arrival_time, available_seats, bus_id, departure_time, fare, route_id) 
    values
        (?, ?, ?, ?, ?, ?, ?)
2026-09-21 10:06:39 [main] DEBUG org.hibernate.SQL - 
    select
        s1_0.id 
    from
        schedules s1_0 
    where
        s1_0.route_id=? 
        and s1_0.bus_id=? 
        and s1_0.departure_time=? 
    limit
        ?
2026-09-21 10:06:39 [main] DEBUG org.hibernate.SQL - 
    insert 
    into
        schedules
        (active, arrival_time, available_seats, bus_id, departure_time, fare, route_id) 
    values
        (?, ?, ?, ?, ?, ?, ?)
2026-09-21 10:06:39 [main] DEBUG org.hibernate.SQL - 
    select
        s1_0.id 
    from
        schedules s1_0 
    where
        s1_0.route_id=? 
        and s1_0.bus_id=? 
        and s1_0.departure_time=? 
    limit
        ?
2026-09-21 10:06:39 [main] DEBUG org.hibernate.SQL - 
    insert 
    into
        schedules
        (active, arrival_time, available_seats, bus_id, departure_time, fare, route_id) 
    values
        (?, ?, ?, ?, ?, ?, ?)
2026-09-21 10:06:39 [main] DEBUG org.hibernate.SQL - 
    select
        s1_0.id 
    from
        schedules s1_0 
    where
        s1_0.route_id=? 
        and s1_0.bus_id=? 
        and s1_0.departure_time=? 
    limit
        ?
2026-09-21 10:06:39 [main] DEBUG org.hibernate.SQL - 
    insert 
    into
        schedules
        (active, arrival_time, available_seats, bus_id, departure_time, fare, route_id) 
    values
        (?, ?, ?, ?, ?, ?, ?)
2026-09-21 10:06:39 [main] DEBUG org.hibernate.SQL - 
    select
        s1_0.id 
    from
        schedules s1_0 
    where
        s1_0.route_id=? 
        and s1_0.bus_id=? 
        and s1_0.departure_time=? 
    limit
        ?
2026-09-21 10:06:39 [main] DEBUG org.hibernate.SQL - 
    insert 
    into
        schedules
        (active, arrival_time, available_seats, bus_id, departure_time, fare, route_id) 
    values
        (?, ?, ?, ?, ?, ?, ?)
2026-09-21 10:06:39 [main] DEBUG org.hibernate.SQL - 
    select
        s1_0.id 
    from
        schedules s1_0 
    where
        s1_0.route_id=? 
        and s1_0.bus_id=? 
        and s1_0.departure_time=? 
    limit
        ?
2026-09-21 10:06:39 [main] DEBUG org.hibernate.SQL - 
    insert 
    into
        schedules
        (active, arrival_time, available_seats, bus_id, departure_time, fare, route_id) 
    values
        (?, ?, ?, ?, ?, ?, ?)
2026-09-21 10:06:39 [main] DEBUG org.hibernate.SQL - 
    select
        s1_0.id 
    from
        schedules s1_0 
    where
        s1_0.route_id=? 
        and s1_0.bus_id=? 
        and s1_0.departure_time=? 
    limit
        ?
2026-09-21 10:06:39 [main] DEBUG org.hibernate.SQL - 
    insert 
    into
        schedules
        (active, arrival_time, available_seats, bus_id, departure_time, fare, route_id) 
    values
        (?, ?, ?, ?, ?, ?, ?)
2026-09-21 10:06:39 [main] DEBUG org.hibernate.SQL - 
    select
        s1_0.id 
    from
        schedules s1_0 
    where
        s1_0.route_id=? 
        and s1_0.bus_id=? 
        and s1_0.departure_time=? 
    limit
        ?
2026-09-21 10:06:39 [main] DEBUG org.hibernate.SQL - 
    insert 
    into
        schedules
        (active, arrival_time, available_seats, bus_id, departure_time, fare, route_id) 
    values
        (?, ?, ?, ?, ?, ?, ?)
2026-09-21 10:06:39 [main] DEBUG org.hibernate.SQL - 
    select
        s1_0.id 
    from
        schedules s1_0 
    where
        s1_0.route_id=? 
        and s1_0.bus_id=? 
        and s1_0.departure_time=? 
    limit
        ?
2026-09-21 10:06:39 [main] DEBUG org.hibernate.SQL - 
    insert 
    into
        schedules
        (active, arrival_time, available_seats, bus_id, departure_time, fare, route_id) 
    values
        (?, ?, ?, ?, ?, ?, ?)
2026-09-21 10:06:39 [main] DEBUG org.hibernate.SQL - 
    select
        s1_0.id 
    from
        schedules s1_0 
    where
        s1_0.route_id=? 
        and s1_0.bus_id=? 
        and s1_0.departure_time=? 
    limit
        ?
2026-09-21 10:06:39 [main] DEBUG org.hibernate.SQL - 
    insert 
    into
        schedules
        (active, arrival_time, available_seats, bus_id, departure_time, fare, route_id) 
    values
        (?, ?, ?, ?, ?, ?, ?)
2026-09-21 10:06:39 [main] DEBUG org.hibernate.SQL - 
    select
        s1_0.id 
    from
        schedules s1_0 
    where
        s1_0.route_id=? 
        and s1_0.bus_id=? 
        and s1_0.departure_time=? 
    limit
        ?
2026-09-21 10:06:39 [main] DEBUG org.hibernate.SQL - 
    insert 
    into
        schedules
        (active, arrival_time, available_seats, bus_id, departure_time, fare, route_id) 
    values
        (?, ?, ?, ?, ?, ?, ?)
2026-09-21 10:06:39 [main] DEBUG org.hibernate.SQL - 
    select
        s1_0.id 
    from
        schedules s1_0 
    where
        s1_0.route_id=? 
        and s1_0.bus_id=? 
        and s1_0.departure_time=? 
    limit
        ?
2026-09-21 10:06:39 [main] DEBUG org.hibernate.SQL - 
    insert 
    into
        schedules
        (active, arrival_time, available_seats, bus_id, departure_time, fare, route_id) 
    values
        (?, ?, ?, ?, ?, ?, ?)
2026-09-21 10:06:39 [main] DEBUG org.hibernate.SQL - 
    select
        s1_0.id 
    from
        schedules s1_0 
    where
        s1_0.route_id=? 
        and s1_0.bus_id=? 
        and s1_0.departure_time=? 
    limit
        ?
2026-09-21 10:06:39 [main] DEBUG org.hibernate.SQL - 
    insert 
    into
        schedules
        (active, arrival_time, available_seats, bus_id, departure_time, fare, route_id) 
    values
        (?, ?, ?, ?, ?, ?, ?)
2026-09-21 10:06:39 [main] DEBUG org.hibernate.SQL - 
    select
        s1_0.id 
    from
        schedules s1_0 
    where
        s1_0.route_id=? 
        and s1_0.bus_id=? 
        and s1_0.departure_time=? 
    limit
        ?
2026-09-21 10:06:39 [main] DEBUG org.hibernate.SQL - 
    insert 
    into
        schedules
        (active, arrival_time, available_seats, bus_id, departure_time, fare, route_id) 
    values
        (?, ?, ?, ?, ?, ?, ?)
2026-09-21 10:06:39 [main] DEBUG org.hibernate.SQL - 
    select
        s1_0.id 
    from
        schedules s1_0 
    where
        s1_0.route_id=? 
        and s1_0.bus_id=? 
        and s1_0.departure_time=? 
    limit
        ?
2026-09-21 10:06:39 [main] DEBUG org.hibernate.SQL - 
    insert 
    into
        schedules
        (active, arrival_time, available_seats, bus_id, departure_time, fare, route_id) 
    values
        (?, ?, ?, ?, ?, ?, ?)
2026-09-21 10:06:39 [main] DEBUG org.hibernate.SQL - 
    select
        s1_0.id 
    from
        schedules s1_0 
    where
        s1_0.route_id=? 
        and s1_0.bus_id=? 
        and s1_0.departure_time=? 
    limit
        ?
2026-09-21 10:06:39 [main] DEBUG org.hibernate.SQL - 
    insert 
    into
        schedules
        (active, arrival_time, available_seats, bus_id, departure_time, fare, route_id) 
    values
        (?, ?, ?, ?, ?, ?, ?)
2026-09-21 10:06:39 [main] DEBUG org.hibernate.SQL - 
    select
        s1_0.id 
    from
        schedules s1_0 
    where
        s1_0.route_id=? 
        and s1_0.bus_id=? 
        and s1_0.departure_time=? 
    limit
        ?
2026-09-21 10:06:39 [main] DEBUG org.hibernate.SQL - 
    insert 
    into
        schedules
        (active, arrival_time, available_seats, bus_id, departure_time, fare, route_id) 
    values
        (?, ?, ?, ?, ?, ?, ?)
2026-09-21 10:06:39 [main] DEBUG org.hibernate.SQL - 
    select
        s1_0.id 
    from
        schedules s1_0 
    where
        s1_0.route_id=? 
        and s1_0.bus_id=? 
        and s1_0.departure_time=? 
    limit
        ?
2026-09-21 10:06:39 [main] DEBUG org.hibernate.SQL - 
    insert 
    into
        schedules
        (active, arrival_time, available_seats, bus_id, departure_time, fare, route_id) 
    values
        (?, ?, ?, ?, ?, ?, ?)
2026-09-21 10:06:39 [main] DEBUG org.hibernate.SQL - 
    select
        s1_0.id 
    from
        schedules s1_0 
    where
        s1_0.route_id=? 
        and s1_0.bus_id=? 
        and s1_0.departure_time=? 
    limit
        ?
2026-09-21 10:06:39 [main] DEBUG org.hibernate.SQL - 
    insert 
    into
        schedules
        (active, arrival_time, available_seats, bus_id, departure_time, fare, route_id) 
    values
        (?, ?, ?, ?, ?, ?, ?)
2026-09-21 10:06:39 [main] DEBUG org.hibernate.SQL - 
    select
        s1_0.id 
    from
        schedules s1_0 
    where
        s1_0.route_id=? 
        and s1_0.bus_id=? 
        and s1_0.departure_time=? 
    limit
        ?
2026-09-21 10:06:39 [main] DEBUG org.hibernate.SQL - 
    insert 
    into
        schedules
        (active, arrival_time, available_seats, bus_id, departure_time, fare, route_id) 
    values
        (?, ?, ?, ?, ?, ?, ?)
2026-09-21 10:06:39 [main] DEBUG org.hibernate.SQL - 
    select
        s1_0.id 
    from
        schedules s1_0 
    where
        s1_0.route_id=? 
        and s1_0.bus_id=? 
        and s1_0.departure_time=? 
    limit
        ?
2026-09-21 10:06:39 [main] DEBUG org.hibernate.SQL - 
    insert 
    into
        schedules
        (active, arrival_time, available_seats, bus_id, departure_time, fare, route_id) 
    values
        (?, ?, ?, ?, ?, ?, ?)
2026-09-21 10:06:39 [main] DEBUG org.hibernate.SQL - 
    select
        s1_0.id 
    from
        schedules s1_0 
    where
        s1_0.route_id=? 
        and s1_0.bus_id=? 
        and s1_0.departure_time=? 
    limit
        ?
2026-09-21 10:06:39 [main] DEBUG org.hibernate.SQL - 
    insert 
    into
        schedules
        (active, arrival_time, available_seats, bus_id, departure_time, fare, route_id) 
    values
        (?, ?, ?, ?, ?, ?, ?)
2026-09-21 10:06:39 [main] DEBUG org.hibernate.SQL - 
    select
        s1_0.id 
    from
        schedules s1_0 
    where
        s1_0.route_id=? 
        and s1_0.bus_id=? 
        and s1_0.departure_time=? 
    limit
        ?
2026-09-21 10:06:39 [main] DEBUG org.hibernate.SQL - 
    insert 
    into
        schedules
        (active, arrival_time, available_seats, bus_id, departure_time, fare, route_id) 
    values
        (?, ?, ?, ?, ?, ?, ?)
2026-09-21 10:06:39 [main] DEBUG org.hibernate.SQL - 
    select
        s1_0.id 
    from
        schedules s1_0 
    where
        s1_0.route_id=? 
        and s1_0.bus_id=? 
        and s1_0.departure_time=? 
    limit
        ?
2026-09-21 10:06:39 [main] DEBUG org.hibernate.SQL - 
    insert 
    into
        schedules
        (active, arrival_time, available_seats, bus_id, departure_time, fare, route_id) 
    values
        (?, ?, ?, ?, ?, ?, ?)
2026-09-21 10:06:39 [main] DEBUG org.hibernate.SQL - 
    select
        s1_0.id 
    from
        schedules s1_0 
    where
        s1_0.route_id=? 
        and s1_0.bus_id=? 
        and s1_0.departure_time=? 
    limit
        ?
2026-09-21 10:06:39 [main] DEBUG org.hibernate.SQL - 
    insert 
    into
        schedules
        (active, arrival_time, available_seats, bus_id, departure_time, fare, route_id) 
    values
        (?, ?, ?, ?, ?, ?, ?)
2026-09-21 10:06:39 [main] DEBUG org.hibernate.SQL - 
    select
        s1_0.id 
    from
        schedules s1_0 
    where
        s1_0.route_id=? 
        and s1_0.bus_id=? 
        and s1_0.departure_time=? 
    limit
        ?
2026-09-21 10:06:39 [main] DEBUG org.hibernate.SQL - 
    insert 
    into
        schedules
        (active, arrival_time, available_seats, bus_id, departure_time, fare, route_id) 
    values
        (?, ?, ?, ?, ?, ?, ?)
2026-09-21 10:06:39 [main] DEBUG org.hibernate.SQL - 
    select
        s1_0.id 
    from
        schedules s1_0 
    where
        s1_0.route_id=? 
        and s1_0.bus_id=? 
        and s1_0.departure_time=? 
    limit
        ?
2026-09-21 10:06:39 [main] DEBUG org.hibernate.SQL - 
    insert 
    into
        schedules
        (active, arrival_time, available_seats, bus_id, departure_time, fare, route_id) 
    values
        (?, ?, ?, ?, ?, ?, ?)
2026-09-21 10:06:39 [main] DEBUG org.hibernate.SQL - 
    select
        s1_0.id 
    from
        schedules s1_0 
    where
        s1_0.route_id=? 
        and s1_0.bus_id=? 
        and s1_0.departure_time=? 
    limit
        ?
2026-09-21 10:06:39 [main] DEBUG org.hibernate.SQL - 
    insert 
    into
        schedules
        (active, arrival_time, available_seats, bus_id, departure_time, fare, route_id) 
    values
        (?, ?, ?, ?, ?, ?, ?)
2026-09-21 10:06:39 [main] DEBUG org.hibernate.SQL - 
    select
        s1_0.id 
    from
        schedules s1_0 
    where
        s1_0.route_id=? 
        and s1_0.bus_id=? 
        and s1_0.departure_time=? 
    limit
        ?
2026-09-21 10:06:39 [main] DEBUG org.hibernate.SQL - 
    insert 
    into
        schedules
        (active, arrival_time, available_seats, bus_id, departure_time, fare, route_id) 
    values
        (?, ?, ?, ?, ?, ?, ?)
2026-09-21 10:06:39 [main] DEBUG org.hibernate.SQL - 
    select
        s1_0.id 
    from
        schedules s1_0 
    where
        s1_0.route_id=? 
        and s1_0.bus_id=? 
        and s1_0.departure_time=? 
    limit
        ?
2026-09-21 10:06:39 [main] DEBUG org.hibernate.SQL - 
    insert 
    into
        schedules
        (active, arrival_time, available_seats, bus_id, departure_time, fare, route_id) 
    values
        (?, ?, ?, ?, ?, ?, ?)
2026-09-21 10:06:39 [main] DEBUG org.hibernate.SQL - 
    select
        s1_0.id 
    from
        schedules s1_0 
    where
        s1_0.route_id=? 
        and s1_0.bus_id=? 
        and s1_0.departure_time=? 
    limit
        ?
2026-09-21 10:06:39 [main] DEBUG org.hibernate.SQL - 
    insert 
    into
        schedules
        (active, arrival_time, available_seats, bus_id, departure_time, fare, route_id) 
    values
        (?, ?, ?, ?, ?, ?, ?)
2026-09-21 10:06:39 [main] DEBUG org.hibernate.SQL - 
    select
        s1_0.id 
    from
        schedules s1_0 
    where
        s1_0.route_id=? 
        and s1_0.bus_id=? 
        and s1_0.departure_time=? 
    limit
        ?
2026-09-21 10:06:39 [main] DEBUG org.hibernate.SQL - 
    insert 
    into
        schedules
        (active, arrival_time, available_seats, bus_id, departure_time, fare, route_id) 
    values
        (?, ?, ?, ?, ?, ?, ?)
2026-09-21 10:06:39 [main] DEBUG org.hibernate.SQL - 
    select
        s1_0.id 
    from
        schedules s1_0 
    where
        s1_0.route_id=? 
        and s1_0.bus_id=? 
        and s1_0.departure_time=? 
    limit
        ?
2026-09-21 10:06:39 [main] DEBUG org.hibernate.SQL - 
    insert 
    into
        schedules
        (active, arrival_time, available_seats, bus_id, departure_time, fare, route_id) 
    values
        (?, ?, ?, ?, ?, ?, ?)
2026-09-21 10:06:39 [main] DEBUG org.hibernate.SQL - 
    select
        s1_0.id 
    from
        schedules s1_0 
    where
        s1_0.route_id=? 
        and s1_0.bus_id=? 
        and s1_0.departure_time=? 
    limit
        ?
2026-09-21 10:06:39 [main] DEBUG org.hibernate.SQL - 
    insert 
    into
        schedules
        (active, arrival_time, available_seats, bus_id, departure_time, fare, route_id) 
    values
        (?, ?, ?, ?, ?, ?, ?)
2026-09-21 10:06:39 [main] DEBUG org.hibernate.SQL - 
    select
        s1_0.id 
    from
        schedules s1_0 
    where
        s1_0.route_id=? 
        and s1_0.bus_id=? 
        and s1_0.departure_time=? 
    limit
        ?
2026-09-21 10:06:39 [main] DEBUG org.hibernate.SQL - 
    insert 
    into
        schedules
        (active, arrival_time, available_seats, bus_id, departure_time, fare, route_id) 
    values
        (?, ?, ?, ?, ?, ?, ?)
2026-09-21 10:06:39 [main] DEBUG org.hibernate.SQL - 
    select
        s1_0.id 
    from
        schedules s1_0 
    where
        s1_0.route_id=? 
        and s1_0.bus_id=? 
        and s1_0.departure_time=? 
    limit
        ?
2026-09-21 10:06:39 [main] DEBUG org.hibernate.SQL - 
    insert 
    into
        schedules
        (active, arrival_time, available_seats, bus_id, departure_time, fare, route_id) 
    values
        (?, ?, ?, ?, ?, ?, ?)
2026-09-21 10:06:39 [main] DEBUG org.hibernate.SQL - 
    select
        s1_0.id 
    from
        schedules s1_0 
    where
        s1_0.route_id=? 
        and s1_0.bus_id=? 
        and s1_0.departure_time=? 
    limit
        ?
2026-09-21 10:06:39 [main] DEBUG org.hibernate.SQL - 
    insert 
    into
        schedules
        (active, arrival_time, available_seats, bus_id, departure_time, fare, route_id) 
    values
        (?, ?, ?, ?, ?, ?, ?)
2026-09-21 10:06:39 [main] DEBUG org.hibernate.SQL - 
    select
        s1_0.id 
    from
        schedules s1_0 
    where
        s1_0.route_id=? 
        and s1_0.bus_id=? 
        and s1_0.departure_time=? 
    limit
        ?
2026-09-21 10:06:39 [main] DEBUG org.hibernate.SQL - 
    insert 
    into
        schedules
        (active, arrival_time, available_seats, bus_id, departure_time, fare, route_id) 
    values
        (?, ?, ?, ?, ?, ?, ?)
2026-09-21 10:06:39 [main] DEBUG org.hibernate.SQL - 
    select
        s1_0.id 
    from
        schedules s1_0 
    where
        s1_0.route_id=? 
        and s1_0.bus_id=? 
        and s1_0.departure_time=? 
    limit
        ?
2026-09-21 10:06:39 [main] DEBUG org.hibernate.SQL - 
    insert 
    into
        schedules
        (active, arrival_time, available_seats, bus_id, departure_time, fare, route_id) 
    values
        (?, ?, ?, ?, ?, ?, ?)
2026-09-21 10:06:39 [main] DEBUG org.hibernate.SQL - 
    select
        s1_0.id 
    from
        schedules s1_0 
    where
        s1_0.route_id=? 
        and s1_0.bus_id=? 
        and s1_0.departure_time=? 
    limit
        ?
2026-09-21 10:06:39 [main] DEBUG org.hibernate.SQL - 
    insert 
    into
        schedules
        (active, arrival_time, available_seats, bus_id, departure_time, fare, route_id) 
    values
        (?, ?, ?, ?, ?, ?, ?)
2026-09-21 10:06:39 [main] DEBUG org.hibernate.SQL - 
    select
        s1_0.id 
    from
        schedules s1_0 
    where
        s1_0.route_id=? 
        and s1_0.bus_id=? 
        and s1_0.departure_time=? 
    limit
        ?
2026-09-21 10:06:39 [main] DEBUG org.hibernate.SQL - 
    insert 
    into
        schedules
        (active, arrival_time, available_seats, bus_id, departure_time, fare, route_id) 
    values
        (?, ?, ?, ?, ?, ?, ?)
2026-09-21 10:06:39 [main] DEBUG org.hibernate.SQL - 
    select
        s1_0.id 
    from
        schedules s1_0 
    where
        s1_0.route_id=? 
        and s1_0.bus_id=? 
        and s1_0.departure_time=? 
    limit
        ?
2026-09-21 10:06:39 [main] DEBUG org.hibernate.SQL - 
    insert 
    into
        schedules
        (active, arrival_time, available_seats, bus_id, departure_time, fare, route_id) 
    values
        (?, ?, ?, ?, ?, ?, ?)
2026-09-21 10:06:39 [main] DEBUG org.hibernate.SQL - 
    select
        s1_0.id 
    from
        schedules s1_0 
    where
        s1_0.route_id=? 
        and s1_0.bus_id=? 
        and s1_0.departure_time=? 
    limit
        ?
2026-09-21 10:06:39 [main] DEBUG org.hibernate.SQL - 
    insert 
    into
        schedules
        (active, arrival_time, available_seats, bus_id, departure_time, fare, route_id) 
    values
        (?, ?, ?, ?, ?, ?, ?)
2026-09-21 10:06:39 [main] DEBUG org.hibernate.SQL - 
    select
        s1_0.id 
    from
        schedules s1_0 
    where
        s1_0.route_id=? 
        and s1_0.bus_id=? 
        and s1_0.departure_time=? 
    limit
        ?
2026-09-21 10:06:39 [main] DEBUG org.hibernate.SQL - 
    insert 
    into
        schedules
        (active, arrival_time, available_seats, bus_id, departure_time, fare, route_id) 
    values
        (?, ?, ?, ?, ?, ?, ?)
2026-09-21 10:06:39 [main] DEBUG org.hibernate.SQL - 
    select
        s1_0.id 
    from
        schedules s1_0 
    where
        s1_0.route_id=? 
        and s1_0.bus_id=? 
        and s1_0.departure_time=? 
    limit
        ?
2026-09-21 10:06:39 [main] DEBUG org.hibernate.SQL - 
    insert 
    into
        schedules
        (active, arrival_time, available_seats, bus_id, departure_time, fare, route_id) 
    values
        (?, ?, ?, ?, ?, ?, ?)
2026-09-21 10:06:39 [main] DEBUG org.hibernate.SQL - 
    select
        s1_0.id 
    from
        schedules s1_0 
    where
        s1_0.route_id=? 
        and s1_0.bus_id=? 
        and s1_0.departure_time=? 
    limit
        ?
2026-09-21 10:06:39 [main] DEBUG org.hibernate.SQL - 
    insert 
    into
        schedules
        (active, arrival_time, available_seats, bus_id, departure_time, fare, route_id) 
    values
        (?, ?, ?, ?, ?, ?, ?)
2026-09-21 10:06:39 [main] DEBUG org.hibernate.SQL - 
    select
        s1_0.id 
    from
        schedules s1_0 
    where
        s1_0.route_id=? 
        and s1_0.bus_id=? 
        and s1_0.departure_time=? 
    limit
        ?
2026-09-21 10:06:39 [main] DEBUG org.hibernate.SQL - 
    insert 
    into
        schedules
        (active, arrival_time, available_seats, bus_id, departure_time, fare, route_id) 
    values
        (?, ?, ?, ?, ?, ?, ?)
2026-09-21 10:06:39 [main] DEBUG org.hibernate.SQL - 
    select
        s1_0.id 
    from
        schedules s1_0 
    where
        s1_0.route_id=? 
        and s1_0.bus_id=? 
        and s1_0.departure_time=? 
    limit
        ?
2026-09-21 10:06:39 [main] DEBUG org.hibernate.SQL - 
    insert 
    into
        schedules
        (active, arrival_time, available_seats, bus_id, departure_time, fare, route_id) 
    values
        (?, ?, ?, ?, ?, ?, ?)
2026-09-21 10:06:39 [main] DEBUG org.hibernate.SQL - 
    select
        s1_0.id 
    from
        schedules s1_0 
    where
        s1_0.route_id=? 
        and s1_0.bus_id=? 
        and s1_0.departure_time=? 
    limit
        ?
2026-09-21 10:06:39 [main] DEBUG org.hibernate.SQL - 
    insert 
    into
        schedules
        (active, arrival_time, available_seats, bus_id, departure_time, fare, route_id) 
    values
        (?, ?, ?, ?, ?, ?, ?)
2026-09-21 10:06:39 [main] DEBUG org.hibernate.SQL - 
    select
        s1_0.id 
    from
        schedules s1_0 
    where
        s1_0.route_id=? 
        and s1_0.bus_id=? 
        and s1_0.departure_time=? 
    limit
        ?
2026-09-21 10:06:39 [main] DEBUG org.hibernate.SQL - 
    insert 
    into
        schedules
        (active, arrival_time, available_seats, bus_id, departure_time, fare, route_id) 
    values
        (?, ?, ?, ?, ?, ?, ?)
2026-09-21 10:06:39 [main] DEBUG org.hibernate.SQL - 
    select
        s1_0.id 
    from
        schedules s1_0 
    where
        s1_0.route_id=? 
        and s1_0.bus_id=? 
        and s1_0.departure_time=? 
    limit
        ?
2026-09-21 10:06:39 [main] DEBUG org.hibernate.SQL - 
    insert 
    into
        schedules
        (active, arrival_time, available_seats, bus_id, departure_time, fare, route_id) 
    values
        (?, ?, ?, ?, ?, ?, ?)
2026-09-21 10:06:39 [main] DEBUG org.hibernate.SQL - 
    select
        s1_0.id 
    from
        schedules s1_0 
    where
        s1_0.route_id=? 
        and s1_0.bus_id=? 
        and s1_0.departure_time=? 
    limit
        ?
2026-09-21 10:06:39 [main] DEBUG org.hibernate.SQL - 
    insert 
    into
        schedules
        (active, arrival_time, available_seats, bus_id, departure_time, fare, route_id) 
    values
        (?, ?, ?, ?, ?, ?, ?)
2026-09-21 10:06:39 [main] DEBUG org.hibernate.SQL - 
    select
        s1_0.id 
    from
        schedules s1_0 
    where
        s1_0.route_id=? 
        and s1_0.bus_id=? 
        and s1_0.departure_time=? 
    limit
        ?
2026-09-21 10:06:39 [main] DEBUG org.hibernate.SQL - 
    insert 
    into
        schedules
        (active, arrival_time, available_seats, bus_id, departure_time, fare, route_id) 
    values
        (?, ?, ?, ?, ?, ?, ?)
2026-09-21 10:06:39 [main] DEBUG org.hibernate.SQL - 
    select
        s1_0.id 
    from
        schedules s1_0 
    where
        s1_0.route_id=? 
        and s1_0.bus_id=? 
        and s1_0.departure_time=? 
    limit
        ?
2026-09-21 10:06:39 [main] DEBUG org.hibernate.SQL - 
    insert 
    into
        schedules
        (active, arrival_time, available_seats, bus_id, departure_time, fare, route_id) 
    values
        (?, ?, ?, ?, ?, ?, ?)
2026-09-21 10:06:39 [main] DEBUG org.hibernate.SQL - 
    select
        s1_0.id 
    from
        schedules s1_0 
    where
        s1_0.route_id=? 
        and s1_0.bus_id=? 
        and s1_0.departure_time=? 
    limit
        ?
2026-09-21 10:06:39 [main] DEBUG org.hibernate.SQL - 
    insert 
    into
        schedules
        (active, arrival_time, available_seats, bus_id, departure_time, fare, route_id) 
    values
        (?, ?, ?, ?, ?, ?, ?)
2026-09-21 10:06:39 [main] DEBUG org.hibernate.SQL - 
    select
        s1_0.id 
    from
        schedules s1_0 
    where
        s1_0.route_id=? 
        and s1_0.bus_id=? 
        and s1_0.departure_time=? 
    limit
        ?
2026-09-21 10:06:39 [main] DEBUG org.hibernate.SQL - 
    insert 
    into
        schedules
        (active, arrival_time, available_seats, bus_id, departure_time, fare, route_id) 
    values
        (?, ?, ?, ?, ?, ?, ?)
2026-09-21 10:06:39 [main] DEBUG org.hibernate.SQL - 
    select
        s1_0.id 
    from
        schedules s1_0 
    where
        s1_0.route_id=? 
        and s1_0.bus_id=? 
        and s1_0.departure_time=? 
    limit
        ?
2026-09-21 10:06:39 [main] DEBUG org.hibernate.SQL - 
    insert 
    into
        schedules
        (active, arrival_time, available_seats, bus_id, departure_time, fare, route_id) 
    values
        (?, ?, ?, ?, ?, ?, ?)
2026-09-21 10:06:39 [main] DEBUG org.hibernate.SQL - 
    select
        s1_0.id 
    from
        schedules s1_0 
    where
        s1_0.route_id=? 
        and s1_0.bus_id=? 
        and s1_0.departure_time=? 
    limit
        ?
2026-09-21 10:06:39 [main] DEBUG org.hibernate.SQL - 
    insert 
    into
        schedules
        (active, arrival_time, available_seats, bus_id, departure_time, fare, route_id) 
    values
        (?, ?, ?, ?, ?, ?, ?)
2026-09-21 10:06:39 [main] DEBUG org.hibernate.SQL - 
    select
        s1_0.id 
    from
        schedules s1_0 
    where
        s1_0.route_id=? 
        and s1_0.bus_id=? 
        and s1_0.departure_time=? 
    limit
        ?
2026-09-21 10:06:39 [main] DEBUG org.hibernate.SQL - 
    insert 
    into
        schedules
        (active, arrival_time, available_seats, bus_id, departure_time, fare, route_id) 
    values
        (?, ?, ?, ?, ?, ?, ?)
2026-09-21 10:06:39 [main] DEBUG org.hibernate.SQL - 
    select
        s1_0.id 
    from
        schedules s1_0 
    where
        s1_0.route_id=? 
        and s1_0.bus_id=? 
        and s1_0.departure_time=? 
    limit
        ?
2026-09-21 10:06:39 [main] DEBUG org.hibernate.SQL - 
    insert 
    into
        schedules
        (active, arrival_time, available_seats, bus_id, departure_time, fare, route_id) 
    values
        (?, ?, ?, ?, ?, ?, ?)
2026-09-21 10:06:39 [main] DEBUG org.hibernate.SQL - 
    select
        s1_0.id 
    from
        schedules s1_0 
    where
        s1_0.route_id=? 
        and s1_0.bus_id=? 
        and s1_0.departure_time=? 
    limit
        ?
2026-09-21 10:06:39 [main] DEBUG org.hibernate.SQL - 
    insert 
    into
        schedules
        (active, arrival_time, available_seats, bus_id, departure_time, fare, route_id) 
    values
        (?, ?, ?, ?, ?, ?, ?)
2026-09-21 10:06:39 [main] DEBUG org.hibernate.SQL - 
    select
        s1_0.id 
    from
        schedules s1_0 
    where
        s1_0.route_id=? 
        and s1_0.bus_id=? 
        and s1_0.departure_time=? 
    limit
        ?
2026-09-21 10:06:40 [main] DEBUG org.hibernate.SQL - 
    insert 
    into
        schedules
        (active, arrival_time, available_seats, bus_id, departure_time, fare, route_id) 
    values
        (?, ?, ?, ?, ?, ?, ?)
2026-09-21 10:06:40 [main] DEBUG org.hibernate.SQL - 
    select
        s1_0.id 
    from
        schedules s1_0 
    where
        s1_0.route_id=? 
        and s1_0.bus_id=? 
        and s1_0.departure_time=? 
    limit
        ?
2026-09-21 10:06:40 [main] DEBUG org.hibernate.SQL - 
    insert 
    into
        schedules
        (active, arrival_time, available_seats, bus_id, departure_time, fare, route_id) 
    values
        (?, ?, ?, ?, ?, ?, ?)
2026-09-21 10:06:40 [main] DEBUG org.hibernate.SQL - 
    select
        s1_0.id 
    from
        schedules s1_0 
    where
        s1_0.route_id=? 
        and s1_0.bus_id=? 
        and s1_0.departure_time=? 
    limit
        ?
2026-09-21 10:06:40 [main] DEBUG org.hibernate.SQL - 
    insert 
    into
        schedules
        (active, arrival_time, available_seats, bus_id, departure_time, fare, route_id) 
    values
        (?, ?, ?, ?, ?, ?, ?)
2026-09-21 10:06:40 [main] DEBUG org.hibernate.SQL - 
    select
        s1_0.id 
    from
        schedules s1_0 
    where
        s1_0.route_id=? 
        and s1_0.bus_id=? 
        and s1_0.departure_time=? 
    limit
        ?
2026-09-21 10:06:40 [main] DEBUG org.hibernate.SQL - 
    insert 
    into
        schedules
        (active, arrival_time, available_seats, bus_id, departure_time, fare, route_id) 
    values
        (?, ?, ?, ?, ?, ?, ?)
2026-09-21 10:06:40 [main] DEBUG org.hibernate.SQL - 
    select
        s1_0.id 
    from
        schedules s1_0 
    where
        s1_0.route_id=? 
        and s1_0.bus_id=? 
        and s1_0.departure_time=? 
    limit
        ?
2026-09-21 10:06:40 [main] DEBUG org.hibernate.SQL - 
    insert 
    into
        schedules
        (active, arrival_time, available_seats, bus_id, departure_time, fare, route_id) 
    values
        (?, ?, ?, ?, ?, ?, ?)
2026-09-21 10:06:40 [main] DEBUG org.hibernate.SQL - 
    select
        s1_0.id 
    from
        schedules s1_0 
    where
        s1_0.route_id=? 
        and s1_0.bus_id=? 
        and s1_0.departure_time=? 
    limit
        ?
2026-09-21 10:06:40 [main] DEBUG org.hibernate.SQL - 
    insert 
    into
        schedules
        (active, arrival_time, available_seats, bus_id, departure_time, fare, route_id) 
    values
        (?, ?, ?, ?, ?, ?, ?)
2026-09-21 10:06:40 [main] DEBUG org.hibernate.SQL - 
    select
        s1_0.id 
    from
        schedules s1_0 
    where
        s1_0.route_id=? 
        and s1_0.bus_id=? 
        and s1_0.departure_time=? 
    limit
        ?
2026-09-21 10:06:40 [main] DEBUG org.hibernate.SQL - 
    insert 
    into
        schedules
        (active, arrival_time, available_seats, bus_id, departure_time, fare, route_id) 
    values
        (?, ?, ?, ?, ?, ?, ?)
2026-09-21 10:06:40 [main] DEBUG org.hibernate.SQL - 
    select
        s1_0.id 
    from
        schedules s1_0 
    where
        s1_0.route_id=? 
        and s1_0.bus_id=? 
        and s1_0.departure_time=? 
    limit
        ?
2026-09-21 10:06:40 [main] DEBUG org.hibernate.SQL - 
    insert 
    into
        schedules
        (active, arrival_time, available_seats, bus_id, departure_time, fare, route_id) 
    values
        (?, ?, ?, ?, ?, ?, ?)
2026-09-21 10:06:40 [main] DEBUG org.hibernate.SQL - 
    select
        s1_0.id 
    from
        schedules s1_0 
    where
        s1_0.route_id=? 
        and s1_0.bus_id=? 
        and s1_0.departure_time=? 
    limit
        ?
2026-09-21 10:06:40 [main] DEBUG org.hibernate.SQL - 
    insert 
    into
        schedules
        (active, arrival_time, available_seats, bus_id, departure_time, fare, route_id) 
    values
        (?, ?, ?, ?, ?, ?, ?)
2026-09-21 10:06:40 [main] DEBUG org.hibernate.SQL - 
    select
        s1_0.id 
    from
        schedules s1_0 
    where
        s1_0.route_id=? 
        and s1_0.bus_id=? 
        and s1_0.departure_time=? 
    limit
        ?
2026-09-21 10:06:40 [main] DEBUG org.hibernate.SQL - 
    insert 
    into
        schedules
        (active, arrival_time, available_seats, bus_id, departure_time, fare, route_id) 
    values
        (?, ?, ?, ?, ?, ?, ?)
2026-09-21 10:06:40 [main] DEBUG org.hibernate.SQL - 
    select
        s1_0.id 
    from
        schedules s1_0 
    where
        s1_0.route_id=? 
        and s1_0.bus_id=? 
        and s1_0.departure_time=? 
    limit
        ?
2026-09-21 10:06:40 [main] DEBUG org.hibernate.SQL - 
    insert 
    into
        schedules
        (active, arrival_time, available_seats, bus_id, departure_time, fare, route_id) 
    values
        (?, ?, ?, ?, ?, ?, ?)
2026-09-21 10:06:40 [main] DEBUG org.hibernate.SQL - 
    select
        s1_0.id 
    from
        schedules s1_0 
    where
        s1_0.route_id=? 
        and s1_0.bus_id=? 
        and s1_0.departure_time=? 
    limit
        ?
2026-09-21 10:06:40 [main] DEBUG org.hibernate.SQL - 
    insert 
    into
        schedules
        (active, arrival_time, available_seats, bus_id, departure_time, fare, route_id) 
    values
        (?, ?, ?, ?, ?, ?, ?)
2026-09-21 10:06:40 [main] DEBUG org.hibernate.SQL - 
    select
        s1_0.id 
    from
        schedules s1_0 
    where
        s1_0.route_id=? 
        and s1_0.bus_id=? 
        and s1_0.departure_time=? 
    limit
        ?
2026-09-21 10:06:40 [main] DEBUG org.hibernate.SQL - 
    insert 
    into
        schedules
        (active, arrival_time, available_seats, bus_id, departure_time, fare, route_id) 
    values
        (?, ?, ?, ?, ?, ?, ?)
2026-09-21 10:06:40 [main] DEBUG org.hibernate.SQL - 
    select
        s1_0.id 
    from
        schedules s1_0 
    where
        s1_0.route_id=? 
        and s1_0.bus_id=? 
        and s1_0.departure_time=? 
    limit
        ?
2026-09-21 10:06:40 [main] DEBUG org.hibernate.SQL - 
    insert 
    into
        schedules
        (active, arrival_time, available_seats, bus_id, departure_time, fare, route_id) 
    values
        (?, ?, ?, ?, ?, ?, ?)
2026-09-21 10:06:40 [main] DEBUG org.hibernate.SQL - 
    select
        s1_0.id 
    from
        schedules s1_0 
    where
        s1_0.route_id=? 
        and s1_0.bus_id=? 
        and s1_0.departure_time=? 
    limit
        ?
2026-09-21 10:06:40 [main] DEBUG org.hibernate.SQL - 
    insert 
    into
        schedules
        (active, arrival_time, available_seats, bus_id, departure_time, fare, route_id) 
    values
        (?, ?, ?, ?, ?, ?, ?)
2026-09-21 10:06:40 [main] DEBUG org.hibernate.SQL - 
    select
        s1_0.id 
    from
        schedules s1_0 
    where
        s1_0.route_id=? 
        and s1_0.bus_id=? 
        and s1_0.departure_time=? 
    limit
        ?
2026-09-21 10:06:40 [main] DEBUG org.hibernate.SQL - 
    insert 
    into
        schedules
        (active, arrival_time, available_seats, bus_id, departure_time, fare, route_id) 
    values
        (?, ?, ?, ?, ?, ?, ?)
2026-09-21 10:06:40 [main] DEBUG org.hibernate.SQL - 
    select
        s1_0.id 
    from
        schedules s1_0 
    where
        s1_0.route_id=? 
        and s1_0.bus_id=? 
        and s1_0.departure_time=? 
    limit
        ?
2026-09-21 10:06:40 [main] DEBUG org.hibernate.SQL - 
    insert 
    into
        schedules
        (active, arrival_time, available_seats, bus_id, departure_time, fare, route_id) 
    values
        (?, ?, ?, ?, ?, ?, ?)
2026-09-21 10:06:40 [main] DEBUG org.hibernate.SQL - 
    select
        s1_0.id 
    from
        schedules s1_0 
    where
        s1_0.route_id=? 
        and s1_0.bus_id=? 
        and s1_0.departure_time=? 
    limit
        ?
2026-09-21 10:06:40 [main] DEBUG org.hibernate.SQL - 
    insert 
    into
        schedules
        (active, arrival_time, available_seats, bus_id, departure_time, fare, route_id) 
    values
        (?, ?, ?, ?, ?, ?, ?)
2026-09-21 10:06:40 [main] DEBUG org.hibernate.SQL - 
    select
        s1_0.id 
    from
        schedules s1_0 
    where
        s1_0.route_id=? 
        and s1_0.bus_id=? 
        and s1_0.departure_time=? 
    limit
        ?
2026-09-21 10:06:40 [main] DEBUG org.hibernate.SQL - 
    insert 
    into
        schedules
        (active, arrival_time, available_seats, bus_id, departure_time, fare, route_id) 
    values
        (?, ?, ?, ?, ?, ?, ?)
2026-09-21 10:06:40 [main] DEBUG org.hibernate.SQL - 
    select
        s1_0.id 
    from
        schedules s1_0 
    where
        s1_0.route_id=? 
        and s1_0.bus_id=? 
        and s1_0.departure_time=? 
    limit
        ?
2026-09-21 10:06:40 [main] DEBUG org.hibernate.SQL - 
    insert 
    into
        schedules
        (active, arrival_time, available_seats, bus_id, departure_time, fare, route_id) 
    values
        (?, ?, ?, ?, ?, ?, ?)
2026-09-21 10:06:40 [main] DEBUG org.hibernate.SQL - 
    select
        s1_0.id 
    from
        schedules s1_0 
    where
        s1_0.route_id=? 
        and s1_0.bus_id=? 
        and s1_0.departure_time=? 
    limit
        ?
2026-09-21 10:06:40 [main] DEBUG org.hibernate.SQL - 
    insert 
    into
        schedules
        (active, arrival_time, available_seats, bus_id, departure_time, fare, route_id) 
    values
        (?, ?, ?, ?, ?, ?, ?)
2026-09-21 10:06:40 [main] DEBUG org.hibernate.SQL - 
    select
        s1_0.id 
    from
        schedules s1_0 
    where
        s1_0.route_id=? 
        and s1_0.bus_id=? 
        and s1_0.departure_time=? 
    limit
        ?
2026-09-21 10:06:40 [main] DEBUG org.hibernate.SQL - 
    insert 
    into
        schedules
        (active, arrival_time, available_seats, bus_id, departure_time, fare, route_id) 
    values
        (?, ?, ?, ?, ?, ?, ?)
2026-09-21 10:06:40 [main] DEBUG org.hibernate.SQL - 
    select
        s1_0.id 
    from
        schedules s1_0 
    where
        s1_0.route_id=? 
        and s1_0.bus_id=? 
        and s1_0.departure_time=? 
    limit
        ?
2026-09-21 10:06:40 [main] DEBUG org.hibernate.SQL - 
    insert 
    into
        schedules
        (active, arrival_time, available_seats, bus_id, departure_time, fare, route_id) 
    values
        (?, ?, ?, ?, ?, ?, ?)
2026-09-21 10:06:40 [main] DEBUG org.hibernate.SQL - 
    select
        s1_0.id 
    from
        schedules s1_0 
    where
        s1_0.route_id=? 
        and s1_0.bus_id=? 
        and s1_0.departure_time=? 
    limit
        ?
2026-09-21 10:06:40 [main] DEBUG org.hibernate.SQL - 
    insert 
    into
        schedules
        (active, arrival_time, available_seats, bus_id, departure_time, fare, route_id) 
    values
        (?, ?, ?, ?, ?, ?, ?)
2026-09-21 10:06:40 [main] DEBUG org.hibernate.SQL - 
    select
        s1_0.id 
    from
        schedules s1_0 
    where
        s1_0.route_id=? 
        and s1_0.bus_id=? 
        and s1_0.departure_time=? 
    limit
        ?
2026-09-21 10:06:40 [main] DEBUG org.hibernate.SQL - 
    insert 
    into
        schedules
        (active, arrival_time, available_seats, bus_id, departure_time, fare, route_id) 
    values
        (?, ?, ?, ?, ?, ?, ?)
2026-09-21 10:06:40 [main] DEBUG org.hibernate.SQL - 
    select
        s1_0.id 
    from
        schedules s1_0 
    where
        s1_0.route_id=? 
        and s1_0.bus_id=? 
        and s1_0.departure_time=? 
    limit
        ?
2026-09-21 10:06:40 [main] DEBUG org.hibernate.SQL - 
    insert 
    into
        schedules
        (active, arrival_time, available_seats, bus_id, departure_time, fare, route_id) 
    values
        (?, ?, ?, ?, ?, ?, ?)
2026-09-21 10:06:40 [main] DEBUG org.hibernate.SQL - 
    select
        s1_0.id 
    from
        schedules s1_0 
    where
        s1_0.route_id=? 
        and s1_0.bus_id=? 
        and s1_0.departure_time=? 
    limit
        ?
2026-09-21 10:06:40 [main] DEBUG org.hibernate.SQL - 
    insert 
    into
        schedules
        (active, arrival_time, available_seats, bus_id, departure_time, fare, route_id) 
    values
        (?, ?, ?, ?, ?, ?, ?)
2026-09-21 10:06:40 [main] DEBUG org.hibernate.SQL - 
    select
        s1_0.id 
    from
        schedules s1_0 
    where
        s1_0.route_id=? 
        and s1_0.bus_id=? 
        and s1_0.departure_time=? 
    limit
        ?
2026-09-21 10:06:40 [main] DEBUG org.hibernate.SQL - 
    insert 
    into
        schedules
        (active, arrival_time, available_seats, bus_id, departure_time, fare, route_id) 
    values
        (?, ?, ?, ?, ?, ?, ?)
2026-09-21 10:06:40 [main] DEBUG org.hibernate.SQL - 
    select
        s1_0.id 
    from
        schedules s1_0 
    where
        s1_0.route_id=? 
        and s1_0.bus_id=? 
        and s1_0.departure_time=? 
    limit
        ?
2026-09-21 10:06:40 [main] DEBUG org.hibernate.SQL - 
    insert 
    into
        schedules
        (active, arrival_time, available_seats, bus_id, departure_time, fare, route_id) 
    values
        (?, ?, ?, ?, ?, ?, ?)
2026-09-21 10:06:40 [main] DEBUG org.hibernate.SQL - 
    select
        s1_0.id 
    from
        schedules s1_0 
    where
        s1_0.route_id=? 
        and s1_0.bus_id=? 
        and s1_0.departure_time=? 
    limit
        ?
2026-09-21 10:06:40 [main] DEBUG org.hibernate.SQL - 
    insert 
    into
        schedules
        (active, arrival_time, available_seats, bus_id, departure_time, fare, route_id) 
    values
        (?, ?, ?, ?, ?, ?, ?)
2026-09-21 10:06:40 [main] DEBUG org.hibernate.SQL - 
    select
        s1_0.id 
    from
        schedules s1_0 
    where
        s1_0.route_id=? 
        and s1_0.bus_id=? 
        and s1_0.departure_time=? 
    limit
        ?
2026-09-21 10:06:40 [main] DEBUG org.hibernate.SQL - 
    insert 
    into
        schedules
        (active, arrival_time, available_seats, bus_id, departure_time, fare, route_id) 
    values
        (?, ?, ?, ?, ?, ?, ?)
2026-09-21 10:06:40 [main] DEBUG org.hibernate.SQL - 
    select
        s1_0.id 
    from
        schedules s1_0 
    where
        s1_0.route_id=? 
        and s1_0.bus_id=? 
        and s1_0.departure_time=? 
    limit
        ?
2026-09-21 10:06:40 [main] DEBUG org.hibernate.SQL - 
    insert 
    into
        schedules
        (active, arrival_time, available_seats, bus_id, departure_time, fare, route_id) 
    values
        (?, ?, ?, ?, ?, ?, ?)
2026-09-21 10:06:40 [main] DEBUG org.hibernate.SQL - 
    select
        s1_0.id 
    from
        schedules s1_0 
    where
        s1_0.route_id=? 
        and s1_0.bus_id=? 
        and s1_0.departure_time=? 
    limit
        ?
2026-09-21 10:06:40 [main] DEBUG org.hibernate.SQL - 
    insert 
    into
        schedules
        (active, arrival_time, available_seats, bus_id, departure_time, fare, route_id) 
    values
        (?, ?, ?, ?, ?, ?, ?)
2026-09-21 10:06:40 [main] DEBUG org.hibernate.SQL - 
    select
        s1_0.id 
    from
        schedules s1_0 
    where
        s1_0.route_id=? 
        and s1_0.bus_id=? 
        and s1_0.departure_time=? 
    limit
        ?
2026-09-21 10:06:40 [main] DEBUG org.hibernate.SQL - 
    insert 
    into
        schedules
        (active, arrival_time, available_seats, bus_id, departure_time, fare, route_id) 
    values
        (?, ?, ?, ?, ?, ?, ?)
2026-09-21 10:06:40 [main] DEBUG org.hibernate.SQL - 
    select
        s1_0.id 
    from
        schedules s1_0 
    where
        s1_0.route_id=? 
        and s1_0.bus_id=? 
        and s1_0.departure_time=? 
    limit
        ?
2026-09-21 10:06:40 [main] DEBUG org.hibernate.SQL - 
    insert 
    into
        schedules
        (active, arrival_time, available_seats, bus_id, departure_time, fare, route_id) 
    values
        (?, ?, ?, ?, ?, ?, ?)
2026-09-21 10:06:40 [main] DEBUG org.hibernate.SQL - 
    select
        s1_0.id 
    from
        schedules s1_0 
    where
        s1_0.route_id=? 
        and s1_0.bus_id=? 
        and s1_0.departure_time=? 
    limit
        ?
2026-09-21 10:06:40 [main] DEBUG org.hibernate.SQL - 
    insert 
    into
        schedules
        (active, arrival_time, available_seats, bus_id, departure_time, fare, route_id) 
    values
        (?, ?, ?, ?, ?, ?, ?)
2026-09-21 10:06:40 [main] DEBUG org.hibernate.SQL - 
    select
        s1_0.id 
    from
        schedules s1_0 
    where
        s1_0.route_id=? 
        and s1_0.bus_id=? 
        and s1_0.departure_time=? 
    limit
        ?
2026-09-21 10:06:40 [main] DEBUG org.hibernate.SQL - 
    insert 
    into
        schedules
        (active, arrival_time, available_seats, bus_id, departure_time, fare, route_id) 
    values
        (?, ?, ?, ?, ?, ?, ?)
2026-09-21 10:06:40 [main] DEBUG org.hibernate.SQL - 
    select
        s1_0.id 
    from
        schedules s1_0 
    where
        s1_0.route_id=? 
        and s1_0.bus_id=? 
        and s1_0.departure_time=? 
    limit
        ?
2026-09-21 10:06:40 [main] DEBUG org.hibernate.SQL - 
    insert 
    into
        schedules
        (active, arrival_time, available_seats, bus_id, departure_time, fare, route_id) 
    values
        (?, ?, ?, ?, ?, ?, ?)
2026-09-21 10:06:40 [main] DEBUG org.hibernate.SQL - 
    select
        s1_0.id 
    from
        schedules s1_0 
    where
        s1_0.route_id=? 
        and s1_0.bus_id=? 
        and s1_0.departure_time=? 
    limit
        ?
2026-09-21 10:06:40 [main] DEBUG org.hibernate.SQL - 
    insert 
    into
        schedules
        (active, arrival_time, available_seats, bus_id, departure_time, fare, route_id) 
    values
        (?, ?, ?, ?, ?, ?, ?)
2026-09-21 10:06:40 [main] DEBUG org.hibernate.SQL - 
    select
        s1_0.id 
    from
        schedules s1_0 
    where
        s1_0.route_id=? 
        and s1_0.bus_id=? 
        and s1_0.departure_time=? 
    limit
        ?
2026-09-21 10:06:40 [main] DEBUG org.hibernate.SQL - 
    insert 
    into
        schedules
        (active, arrival_time, available_seats, bus_id, departure_time, fare, route_id) 
    values
        (?, ?, ?, ?, ?, ?, ?)
2026-09-21 10:06:40 [main] DEBUG org.hibernate.SQL - 
    select
        s1_0.id 
    from
        schedules s1_0 
    where
        s1_0.route_id=? 
        and s1_0.bus_id=? 
        and s1_0.departure_time=? 
    limit
        ?
2026-09-21 10:06:40 [main] DEBUG org.hibernate.SQL - 
    insert 
    into
        schedules
        (active, arrival_time, available_seats, bus_id, departure_time, fare, route_id) 
    values
        (?, ?, ?, ?, ?, ?, ?)
2026-09-21 10:06:40 [main] DEBUG org.hibernate.SQL - 
    select
        s1_0.id 
    from
        schedules s1_0 
    where
        s1_0.route_id=? 
        and s1_0.bus_id=? 
        and s1_0.departure_time=? 
    limit
        ?
2026-09-21 10:06:40 [main] DEBUG org.hibernate.SQL - 
    insert 
    into
        schedules
        (active, arrival_time, available_seats, bus_id, departure_time, fare, route_id) 
    values
        (?, ?, ?, ?, ?, ?, ?)
2026-09-21 10:06:40 [main] DEBUG org.hibernate.SQL - 
    select
        s1_0.id 
    from
        schedules s1_0 
    where
        s1_0.route_id=? 
        and s1_0.bus_id=? 
        and s1_0.departure_time=? 
    limit
        ?
2026-09-21 10:06:40 [main] DEBUG org.hibernate.SQL - 
    insert 
    into
        schedules
        (active, arrival_time, available_seats, bus_id, departure_time, fare, route_id) 
    values
        (?, ?, ?, ?, ?, ?, ?)
2026-09-21 10:06:40 [main] DEBUG org.hibernate.SQL - 
    select
        s1_0.id 
    from
        schedules s1_0 
    where
        s1_0.route_id=? 
        and s1_0.bus_id=? 
        and s1_0.departure_time=? 
    limit
        ?
2026-09-21 10:06:40 [main] DEBUG org.hibernate.SQL - 
    insert 
    into
        schedules
        (active, arrival_time, available_seats, bus_id, departure_time, fare, route_id) 
    values
        (?, ?, ?, ?, ?, ?, ?)
2026-09-21 10:06:40 [main] DEBUG org.hibernate.SQL - 
    select
        s1_0.id 
    from
        schedules s1_0 
    where
        s1_0.route_id=? 
        and s1_0.bus_id=? 
        and s1_0.departure_time=? 
    limit
        ?
2026-09-21 10:06:40 [main] DEBUG org.hibernate.SQL - 
    insert 
    into
        schedules
        (active, arrival_time, available_seats, bus_id, departure_time, fare, route_id) 
    values
        (?, ?, ?, ?, ?, ?, ?)
2026-09-21 10:06:40 [main] DEBUG org.hibernate.SQL - 
    select
        s1_0.id 
    from
        schedules s1_0 
    where
        s1_0.route_id=? 
        and s1_0.bus_id=? 
        and s1_0.departure_time=? 
    limit
        ?
2026-09-21 10:06:40 [main] DEBUG org.hibernate.SQL - 
    insert 
    into
        schedules
        (active, arrival_time, available_seats, bus_id, departure_time, fare, route_id) 
    values
        (?, ?, ?, ?, ?, ?, ?)
2026-09-21 10:06:40 [main] DEBUG org.hibernate.SQL - 
    select
        s1_0.id 
    from
        schedules s1_0 
    where
        s1_0.route_id=? 
        and s1_0.bus_id=? 
        and s1_0.departure_time=? 
    limit
        ?
2026-09-21 10:06:40 [main] DEBUG org.hibernate.SQL - 
    insert 
    into
        schedules
        (active, arrival_time, available_seats, bus_id, departure_time, fare, route_id) 
    values
        (?, ?, ?, ?, ?, ?, ?)
2026-09-21 10:06:40 [main] DEBUG org.hibernate.SQL - 
    select
        s1_0.id 
    from
        schedules s1_0 
    where
        s1_0.route_id=? 
        and s1_0.bus_id=? 
        and s1_0.departure_time=? 
    limit
        ?
2026-09-21 10:06:40 [main] DEBUG org.hibernate.SQL - 
    insert 
    into
        schedules
        (active, arrival_time, available_seats, bus_id, departure_time, fare, route_id) 
    values
        (?, ?, ?, ?, ?, ?, ?)
2026-09-21 10:06:40 [main] DEBUG org.hibernate.SQL - 
    select
        s1_0.id 
    from
        schedules s1_0 
    where
        s1_0.route_id=? 
        and s1_0.bus_id=? 
        and s1_0.departure_time=? 
    limit
        ?
2026-09-21 10:06:40 [main] DEBUG org.hibernate.SQL - 
    insert 
    into
        schedules
        (active, arrival_time, available_seats, bus_id, departure_time, fare, route_id) 
    values
        (?, ?, ?, ?, ?, ?, ?)
2026-09-21 10:06:40 [main] DEBUG org.hibernate.SQL - 
    select
        s1_0.id 
    from
        schedules s1_0 
    where
        s1_0.route_id=? 
        and s1_0.bus_id=? 
        and s1_0.departure_time=? 
    limit
        ?
2026-09-21 10:06:40 [main] DEBUG org.hibernate.SQL - 
    insert 
    into
        schedules
        (active, arrival_time, available_seats, bus_id, departure_time, fare, route_id) 
    values
        (?, ?, ?, ?, ?, ?, ?)
2026-09-21 10:06:40 [main] DEBUG org.hibernate.SQL - 
    select
        s1_0.id 
    from
        schedules s1_0 
    where
        s1_0.route_id=? 
        and s1_0.bus_id=? 
        and s1_0.departure_time=? 
    limit
        ?
2026-09-21 10:06:40 [main] DEBUG org.hibernate.SQL - 
    insert 
    into
        schedules
        (active, arrival_time, available_seats, bus_id, departure_time, fare, route_id) 
    values
        (?, ?, ?, ?, ?, ?, ?)
2026-09-21 10:06:40 [main] DEBUG org.hibernate.SQL - 
    select
        s1_0.id 
    from
        schedules s1_0 
    where
        s1_0.route_id=? 
        and s1_0.bus_id=? 
        and s1_0.departure_time=? 
    limit
        ?
2026-09-21 10:06:40 [main] DEBUG org.hibernate.SQL - 
    insert 
    into
        schedules
        (active, arrival_time, available_seats, bus_id, departure_time, fare, route_id) 
    values
        (?, ?, ?, ?, ?, ?, ?)
2026-09-21 10:06:40 [main] DEBUG org.hibernate.SQL - 
    select
        s1_0.id 
    from
        schedules s1_0 
    where
        s1_0.route_id=? 
        and s1_0.bus_id=? 
        and s1_0.departure_time=? 
    limit
        ?
2026-09-21 10:06:40 [main] DEBUG org.hibernate.SQL - 
    insert 
    into
        schedules
        (active, arrival_time, available_seats, bus_id, departure_time, fare, route_id) 
    values
        (?, ?, ?, ?, ?, ?, ?)
2026-09-21 10:06:40 [main] DEBUG org.hibernate.SQL - 
    select
        s1_0.id 
    from
        schedules s1_0 
    where
        s1_0.route_id=? 
        and s1_0.bus_id=? 
        and s1_0.departure_time=? 
    limit
        ?
2026-09-21 10:06:40 [main] DEBUG org.hibernate.SQL - 
    insert 
    into
        schedules
        (active, arrival_time, available_seats, bus_id, departure_time, fare, route_id) 
    values
        (?, ?, ?, ?, ?, ?, ?)
2026-09-21 10:06:40 [main] DEBUG org.hibernate.SQL - 
    select
        s1_0.id 
    from
        schedules s1_0 
    where
        s1_0.route_id=? 
        and s1_0.bus_id=? 
        and s1_0.departure_time=? 
    limit
        ?
2026-09-21 10:06:40 [main] DEBUG org.hibernate.SQL - 
    insert 
    into
        schedules
        (active, arrival_time, available_seats, bus_id, departure_time, fare, route_id) 
    values
        (?, ?, ?, ?, ?, ?, ?)
2026-09-21 10:06:40 [main] DEBUG org.hibernate.SQL - 
    select
        s1_0.id 
    from
        schedules s1_0 
    where
        s1_0.route_id=? 
        and s1_0.bus_id=? 
        and s1_0.departure_time=? 
    limit
        ?
2026-09-21 10:06:40 [main] DEBUG org.hibernate.SQL - 
    insert 
    into
        schedules
        (active, arrival_time, available_seats, bus_id, departure_time, fare, route_id) 
    values
        (?, ?, ?, ?, ?, ?, ?)
2026-09-21 10:06:40 [main] DEBUG org.hibernate.SQL - 
    select
        s1_0.id 
    from
        schedules s1_0 
    where
        s1_0.route_id=? 
        and s1_0.bus_id=? 
        and s1_0.departure_time=? 
    limit
        ?
2026-09-21 10:06:40 [main] DEBUG org.hibernate.SQL - 
    insert 
    into
        schedules
        (active, arrival_time, available_seats, bus_id, departure_time, fare, route_id) 
    values
        (?, ?, ?, ?, ?, ?, ?)
2026-09-21 10:06:40 [main] DEBUG org.hibernate.SQL - 
    select
        s1_0.id 
    from
        schedules s1_0 
    where
        s1_0.route_id=? 
        and s1_0.bus_id=? 
        and s1_0.departure_time=? 
    limit
        ?
2026-09-21 10:06:40 [main] DEBUG org.hibernate.SQL - 
    insert 
    into
        schedules
        (active, arrival_time, available_seats, bus_id, departure_time, fare, route_id) 
    values
        (?, ?, ?, ?, ?, ?, ?)
2026-09-21 10:06:40 [main] DEBUG org.hibernate.SQL - 
    select
        s1_0.id 
    from
        schedules s1_0 
    where
        s1_0.route_id=? 
        and s1_0.bus_id=? 
        and s1_0.departure_time=? 
    limit
        ?
2026-09-21 10:06:40 [main] DEBUG org.hibernate.SQL - 
    insert 
    into
        schedules
        (active, arrival_time, available_seats, bus_id, departure_time, fare, route_id) 
    values
        (?, ?, ?, ?, ?, ?, ?)
2026-09-21 10:06:40 [main] DEBUG org.hibernate.SQL - 
    select
        s1_0.id 
    from
        schedules s1_0 
    where
        s1_0.route_id=? 
        and s1_0.bus_id=? 
        and s1_0.departure_time=? 
    limit
        ?
2026-09-21 10:06:40 [main] DEBUG org.hibernate.SQL - 
    insert 
    into
        schedules
        (active, arrival_time, available_seats, bus_id, departure_time, fare, route_id) 
    values
        (?, ?, ?, ?, ?, ?, ?)
2026-09-21 10:06:40 [main] DEBUG org.hibernate.SQL - 
    select
        s1_0.id 
    from
        schedules s1_0 
    where
        s1_0.route_id=? 
        and s1_0.bus_id=? 
        and s1_0.departure_time=? 
    limit
        ?
2026-09-21 10:06:40 [main] DEBUG org.hibernate.SQL - 
    insert 
    into
        schedules
        (active, arrival_time, available_seats, bus_id, departure_time, fare, route_id) 
    values
        (?, ?, ?, ?, ?, ?, ?)
2026-09-21 10:06:40 [main] DEBUG org.hibernate.SQL - 
    select
        s1_0.id 
    from
        schedules s1_0 
    where
        s1_0.route_id=? 
        and s1_0.bus_id=? 
        and s1_0.departure_time=? 
    limit
        ?
2026-09-21 10:06:40 [main] DEBUG org.hibernate.SQL - 
    insert 
    into
        schedules
        (active, arrival_time, available_seats, bus_id, departure_time, fare, route_id) 
    values
        (?, ?, ?, ?, ?, ?, ?)
2026-09-21 10:06:40 [main] DEBUG org.hibernate.SQL - 
    select
        s1_0.id 
    from
        schedules s1_0 
    where
        s1_0.route_id=? 
        and s1_0.bus_id=? 
        and s1_0.departure_time=? 
    limit
        ?
2026-09-21 10:06:40 [main] DEBUG org.hibernate.SQL - 
    insert 
    into
        schedules
        (active, arrival_time, available_seats, bus_id, departure_time, fare, route_id) 
    values
        (?, ?, ?, ?, ?, ?, ?)
2026-09-21 10:06:40 [main] DEBUG org.hibernate.SQL - 
    select
        s1_0.id 
    from
        schedules s1_0 
    where
        s1_0.route_id=? 
        and s1_0.bus_id=? 
        and s1_0.departure_time=? 
    limit
        ?
2026-09-21 10:06:40 [main] DEBUG org.hibernate.SQL - 
    insert 
    into
        schedules
        (active, arrival_time, available_seats, bus_id, departure_time, fare, route_id) 
    values
        (?, ?, ?, ?, ?, ?, ?)
2026-09-21 10:06:40 [main] DEBUG org.hibernate.SQL - 
    select
        s1_0.id 
    from
        schedules s1_0 
    where
        s1_0.route_id=? 
        and s1_0.bus_id=? 
        and s1_0.departure_time=? 
    limit
        ?
2026-09-21 10:06:40 [main] DEBUG org.hibernate.SQL - 
    insert 
    into
        schedules
        (active, arrival_time, available_seats, bus_id, departure_time, fare, route_id) 
    values
        (?, ?, ?, ?, ?, ?, ?)
2026-09-21 10:06:40 [main] DEBUG org.hibernate.SQL - 
    select
        s1_0.id 
    from
        schedules s1_0 
    where
        s1_0.route_id=? 
        and s1_0.bus_id=? 
        and s1_0.departure_time=? 
    limit
        ?
2026-09-21 10:06:40 [main] DEBUG org.hibernate.SQL - 
    insert 
    into
        schedules
        (active, arrival_time, available_seats, bus_id, departure_time, fare, route_id) 
    values
        (?, ?, ?, ?, ?, ?, ?)
2026-09-21 10:06:40 [main] DEBUG org.hibernate.SQL - 
    select
        s1_0.id 
    from
        schedules s1_0 
    where
        s1_0.route_id=? 
        and s1_0.bus_id=? 
        and s1_0.departure_time=? 
    limit
        ?
2026-09-21 10:06:40 [main] DEBUG org.hibernate.SQL - 
    insert 
    into
        schedules
        (active, arrival_time, available_seats, bus_id, departure_time, fare, route_id) 
    values
        (?, ?, ?, ?, ?, ?, ?)
2026-09-21 10:06:40 [main] DEBUG org.hibernate.SQL - 
    select
        s1_0.id 
    from
        schedules s1_0 
    where
        s1_0.route_id=? 
        and s1_0.bus_id=? 
        and s1_0.departure_time=? 
    limit
        ?
2026-09-21 10:06:40 [main] DEBUG org.hibernate.SQL - 
    insert 
    into
        schedules
        (active, arrival_time, available_seats, bus_id, departure_time, fare, route_id) 
    values
        (?, ?, ?, ?, ?, ?, ?)
2026-09-21 10:06:40 [main] DEBUG org.hibernate.SQL - 
    select
        s1_0.id 
    from
        schedules s1_0 
    where
        s1_0.route_id=? 
        and s1_0.bus_id=? 
        and s1_0.departure_time=? 
    limit
        ?
2026-09-21 10:06:40 [main] DEBUG org.hibernate.SQL - 
    insert 
    into
        schedules
        (active, arrival_time, available_seats, bus_id, departure_time, fare, route_id) 
    values
        (?, ?, ?, ?, ?, ?, ?)
2026-09-21 10:06:40 [main] DEBUG org.hibernate.SQL - 
    select
        s1_0.id 
    from
        schedules s1_0 
    where
        s1_0.route_id=? 
        and s1_0.bus_id=? 
        and s1_0.departure_time=? 
    limit
        ?
2026-09-21 10:06:40 [main] DEBUG org.hibernate.SQL - 
    insert 
    into
        schedules
        (active, arrival_time, available_seats, bus_id, departure_time, fare, route_id) 
    values
        (?, ?, ?, ?, ?, ?, ?)
2026-09-21 10:06:40 [main] DEBUG org.hibernate.SQL - 
    select
        s1_0.id 
    from
        schedules s1_0 
    where
        s1_0.route_id=? 
        and s1_0.bus_id=? 
        and s1_0.departure_time=? 
    limit
        ?
2026-09-21 10:06:40 [main] DEBUG org.hibernate.SQL - 
    insert 
    into
        schedules
        (active, arrival_time, available_seats, bus_id, departure_time, fare, route_id) 
    values
        (?, ?, ?, ?, ?, ?, ?)
2026-09-21 10:06:40 [main] DEBUG org.hibernate.SQL - 
    select
        s1_0.id 
    from
        schedules s1_0 
    where
        s1_0.route_id=? 
        and s1_0.bus_id=? 
        and s1_0.departure_time=? 
    limit
        ?
2026-09-21 10:06:40 [main] DEBUG org.hibernate.SQL - 
    insert 
    into
        schedules
        (active, arrival_time, available_seats, bus_id, departure_time, fare, route_id) 
    values
        (?, ?, ?, ?, ?, ?, ?)
2026-09-21 10:06:40 [main] DEBUG org.hibernate.SQL - 
    select
        s1_0.id 
    from
        schedules s1_0 
    where
        s1_0.route_id=? 
        and s1_0.bus_id=? 
        and s1_0.departure_time=? 
    limit
        ?
2026-09-21 10:06:40 [main] DEBUG org.hibernate.SQL - 
    insert 
    into
        schedules
        (active, arrival_time, available_seats, bus_id, departure_time, fare, route_id) 
    values
        (?, ?, ?, ?, ?, ?, ?)
2026-09-21 10:06:40 [main] DEBUG org.hibernate.SQL - 
    select
        s1_0.id 
    from
        schedules s1_0 
    where
        s1_0.route_id=? 
        and s1_0.bus_id=? 
        and s1_0.departure_time=? 
    limit
        ?
2026-09-21 10:06:40 [main] DEBUG org.hibernate.SQL - 
    insert 
    into
        schedules
        (active, arrival_time, available_seats, bus_id, departure_time, fare, route_id) 
    values
        (?, ?, ?, ?, ?, ?, ?)
2026-09-21 10:06:40 [main] DEBUG org.hibernate.SQL - 
    select
        s1_0.id 
    from
        schedules s1_0 
    where
        s1_0.route_id=? 
        and s1_0.bus_id=? 
        and s1_0.departure_time=? 
    limit
        ?
2026-09-21 10:06:40 [main] DEBUG org.hibernate.SQL - 
    insert 
    into
        schedules
        (active, arrival_time, available_seats, bus_id, departure_time, fare, route_id) 
    values
        (?, ?, ?, ?, ?, ?, ?)
2026-09-21 10:06:40 [main] DEBUG org.hibernate.SQL - 
    select
        s1_0.id 
    from
        schedules s1_0 
    where
        s1_0.route_id=? 
        and s1_0.bus_id=? 
        and s1_0.departure_time=? 
    limit
        ?
2026-09-21 10:06:40 [main] DEBUG org.hibernate.SQL - 
    insert 
    into
        schedules
        (active, arrival_time, available_seats, bus_id, departure_time, fare, route_id) 
    values
        (?, ?, ?, ?, ?, ?, ?)
2026-09-21 10:06:40 [main] DEBUG org.hibernate.SQL - 
    select
        s1_0.id 
    from
        schedules s1_0 
    where
        s1_0.route_id=? 
        and s1_0.bus_id=? 
        and s1_0.departure_time=? 
    limit
        ?
2026-09-21 10:06:40 [main] DEBUG org.hibernate.SQL - 
    insert 
    into
        schedules
        (active, arrival_time, available_seats, bus_id, departure_time, fare, route_id) 
    values
        (?, ?, ?, ?, ?, ?, ?)
2026-09-21 10:06:40 [main] DEBUG org.hibernate.SQL - 
    select
        s1_0.id 
    from
        schedules s1_0 
    where
        s1_0.route_id=? 
        and s1_0.bus_id=? 
        and s1_0.departure_time=? 
    limit
        ?
2026-09-21 10:06:40 [main] DEBUG org.hibernate.SQL - 
    insert 
    into
        schedules
        (active, arrival_time, available_seats, bus_id, departure_time, fare, route_id) 
    values
        (?, ?, ?, ?, ?, ?, ?)
2026-09-21 10:06:40 [main] DEBUG org.hibernate.SQL - 
    select
        s1_0.id 
    from
        schedules s1_0 
    where
        s1_0.route_id=? 
        and s1_0.bus_id=? 
        and s1_0.departure_time=? 
    limit
        ?
2026-09-21 10:06:40 [main] DEBUG org.hibernate.SQL - 
    insert 
    into
        schedules
        (active, arrival_time, available_seats, bus_id, departure_time, fare, route_id) 
    values
        (?, ?, ?, ?, ?, ?, ?)
2026-09-21 10:06:40 [main] DEBUG org.hibernate.SQL - 
    select
        s1_0.id 
    from
        schedules s1_0 
    where
        s1_0.route_id=? 
        and s1_0.bus_id=? 
        and s1_0.departure_time=? 
    limit
        ?
2026-09-21 10:06:40 [main] DEBUG org.hibernate.SQL - 
    insert 
    into
        schedules
        (active, arrival_time, available_seats, bus_id, departure_time, fare, route_id) 
    values
        (?, ?, ?, ?, ?, ?, ?)
2026-09-21 10:06:40 [main] DEBUG org.hibernate.SQL - 
    select
        s1_0.id 
    from
        schedules s1_0 
    where
        s1_0.route_id=? 
        and s1_0.bus_id=? 
        and s1_0.departure_time=? 
    limit
        ?
2026-09-21 10:06:40 [main] DEBUG org.hibernate.SQL - 
    insert 
    into
        schedules
        (active, arrival_time, available_seats, bus_id, departure_time, fare, route_id) 
    values
        (?, ?, ?, ?, ?, ?, ?)
2026-09-21 10:06:40 [main] DEBUG org.hibernate.SQL - 
    select
        s1_0.id 
    from
        schedules s1_0 
    where
        s1_0.route_id=? 
        and s1_0.bus_id=? 
        and s1_0.departure_time=? 
    limit
        ?
2026-09-21 10:06:40 [main] DEBUG org.hibernate.SQL - 
    insert 
    into
        schedules
        (active, arrival_time, available_seats, bus_id, departure_time, fare, route_id) 
    values
        (?, ?, ?, ?, ?, ?, ?)
2026-09-21 10:06:40 [main] DEBUG org.hibernate.SQL - 
    select
        s1_0.id 
    from
        schedules s1_0 
    where
        s1_0.route_id=? 
        and s1_0.bus_id=? 
        and s1_0.departure_time=? 
    limit
        ?
2026-09-21 10:06:40 [main] DEBUG org.hibernate.SQL - 
    insert 
    into
        schedules
        (active, arrival_time, available_seats, bus_id, departure_time, fare, route_id) 
    values
        (?, ?, ?, ?, ?, ?, ?)
2026-09-21 10:06:40 [main] DEBUG org.hibernate.SQL - 
    select
        s1_0.id 
    from
        schedules s1_0 
    where
        s1_0.route_id=? 
        and s1_0.bus_id=? 
        and s1_0.departure_time=? 
    limit
        ?
2026-09-21 10:06:40 [main] DEBUG org.hibernate.SQL - 
    insert 
    into
        schedules
        (active, arrival_time, available_seats, bus_id, departure_time, fare, route_id) 
    values
        (?, ?, ?, ?, ?, ?, ?)
2026-09-21 10:06:40 [main] DEBUG org.hibernate.SQL - 
    select
        s1_0.id 
    from
        schedules s1_0 
    where
        s1_0.route_id=? 
        and s1_0.bus_id=? 
        and s1_0.departure_time=? 
    limit
        ?
2026-09-21 10:06:40 [main] DEBUG org.hibernate.SQL - 
    insert 
    into
        schedules
        (active, arrival_time, available_seats, bus_id, departure_time, fare, route_id) 
    values
        (?, ?, ?, ?, ?, ?, ?)
2026-09-21 10:06:40 [main] DEBUG org.hibernate.SQL - 
    select
        s1_0.id 
    from
        schedules s1_0 
    where
        s1_0.route_id=? 
        and s1_0.bus_id=? 
        and s1_0.departure_time=? 
    limit
        ?
2026-09-21 10:06:40 [main] DEBUG org.hibernate.SQL - 
    insert 
    into
        schedules
        (active, arrival_time, available_seats, bus_id, departure_time, fare, route_id) 
    values
        (?, ?, ?, ?, ?, ?, ?)
2026-09-21 10:06:40 [main] DEBUG org.hibernate.SQL - 
    select
        s1_0.id 
    from
        schedules s1_0 
    where
        s1_0.route_id=? 
        and s1_0.bus_id=? 
        and s1_0.departure_time=? 
    limit
        ?
2026-09-21 10:06:40 [main] DEBUG org.hibernate.SQL - 
    insert 
    into
        schedules
        (active, arrival_time, available_seats, bus_id, departure_time, fare, route_id) 
    values
        (?, ?, ?, ?, ?, ?, ?)
2026-09-21 10:06:40 [main] DEBUG org.hibernate.SQL - 
    select
        s1_0.id 
    from
        schedules s1_0 
    where
        s1_0.route_id=? 
        and s1_0.bus_id=? 
        and s1_0.departure_time=? 
    limit
        ?
2026-09-21 10:06:40 [main] DEBUG org.hibernate.SQL - 
    insert 
    into
        schedules
        (active, arrival_time, available_seats, bus_id, departure_time, fare, route_id) 
    values
        (?, ?, ?, ?, ?, ?, ?)
2026-09-21 10:06:40 [main] DEBUG org.hibernate.SQL - 
    select
        s1_0.id 
    from
        schedules s1_0 
    where
        s1_0.route_id=? 
        and s1_0.bus_id=? 
        and s1_0.departure_time=? 
    limit
        ?
2026-09-21 10:06:40 [main] DEBUG org.hibernate.SQL - 
    insert 
    into
        schedules
        (active, arrival_time, available_seats, bus_id, departure_time, fare, route_id) 
    values
        (?, ?, ?, ?, ?, ?, ?)
2026-09-21 10:06:40 [main] DEBUG org.hibernate.SQL - 
    select
        s1_0.id 
    from
        schedules s1_0 
    where
        s1_0.route_id=? 
        and s1_0.bus_id=? 
        and s1_0.departure_time=? 
    limit
        ?
2026-09-21 10:06:40 [main] DEBUG org.hibernate.SQL - 
    insert 
    into
        schedules
        (active, arrival_time, available_seats, bus_id, departure_time, fare, route_id) 
    values
        (?, ?, ?, ?, ?, ?, ?)
2026-09-21 10:06:40 [main] DEBUG org.hibernate.SQL - 
    select
        s1_0.id 
    from
        schedules s1_0 
    where
        s1_0.route_id=? 
        and s1_0.bus_id=? 
        and s1_0.departure_time=? 
    limit
        ?
2026-09-21 10:06:40 [main] DEBUG org.hibernate.SQL - 
    insert 
    into
        schedules
        (active, arrival_time, available_seats, bus_id, departure_time, fare, route_id) 
    values
        (?, ?, ?, ?, ?, ?, ?)
2026-09-21 10:06:40 [main] DEBUG org.hibernate.SQL - 
    select
        s1_0.id 
    from
        schedules s1_0 
    where
        s1_0.route_id=? 
        and s1_0.bus_id=? 
        and s1_0.departure_time=? 
    limit
        ?
2026-09-21 10:06:40 [main] DEBUG org.hibernate.SQL - 
    insert 
    into
        schedules
        (active, arrival_time, available_seats, bus_id, departure_time, fare, route_id) 
    values
        (?, ?, ?, ?, ?, ?, ?)
2026-09-21 10:06:40 [main] DEBUG org.hibernate.SQL - 
    select
        s1_0.id 
    from
        schedules s1_0 
    where
        s1_0.route_id=? 
        and s1_0.bus_id=? 
        and s1_0.departure_time=? 
    limit
        ?
2026-09-21 10:06:40 [main] DEBUG org.hibernate.SQL - 
    insert 
    into
        schedules
        (active, arrival_time, available_seats, bus_id, departure_time, fare, route_id) 
    values
        (?, ?, ?, ?, ?, ?, ?)
2026-09-21 10:06:41 [main] DEBUG org.hibernate.SQL - 
    select
        s1_0.id 
    from
        schedules s1_0 
    where
        s1_0.route_id=? 
        and s1_0.bus_id=? 
        and s1_0.departure_time=? 
    limit
        ?
2026-09-21 10:06:41 [main] DEBUG org.hibernate.SQL - 
    insert 
    into
        schedules
        (active, arrival_time, available_seats, bus_id, departure_time, fare, route_id) 
    values
        (?, ?, ?, ?, ?, ?, ?)
2026-09-21 10:06:41 [main] DEBUG org.hibernate.SQL - 
    select
        s1_0.id 
    from
        schedules s1_0 
    where
        s1_0.route_id=? 
        and s1_0.bus_id=? 
        and s1_0.departure_time=? 
    limit
        ?
2026-09-21 10:06:41 [main] DEBUG org.hibernate.SQL - 
    insert 
    into
        schedules
        (active, arrival_time, available_seats, bus_id, departure_time, fare, route_id) 
    values
        (?, ?, ?, ?, ?, ?, ?)
2026-09-21 10:06:41 [main] DEBUG org.hibernate.SQL - 
    select
        s1_0.id 
    from
        schedules s1_0 
    where
        s1_0.route_id=? 
        and s1_0.bus_id=? 
        and s1_0.departure_time=? 
    limit
        ?
2026-09-21 10:06:41 [main] DEBUG org.hibernate.SQL - 
    insert 
    into
        schedules
        (active, arrival_time, available_seats, bus_id, departure_time, fare, route_id) 
    values
        (?, ?, ?, ?, ?, ?, ?)
2026-09-21 10:06:41 [main] DEBUG org.hibernate.SQL - 
    select
        s1_0.id 
    from
        schedules s1_0 
    where
        s1_0.route_id=? 
        and s1_0.bus_id=? 
        and s1_0.departure_time=? 
    limit
        ?
2026-09-21 10:06:41 [main] DEBUG org.hibernate.SQL - 
    insert 
    into
        schedules
        (active, arrival_time, available_seats, bus_id, departure_time, fare, route_id) 
    values
        (?, ?, ?, ?, ?, ?, ?)
2026-09-21 10:06:41 [main] INFO  B.ijse.DataInitializer - Seeded active schedules for today + next 14 days
2026-09-21 10:06:41 [main] DEBUG org.hibernate.SQL - 
    update
        users 
    set
        email=?,
        enabled=?,
        full_name=?,
        password=?,
        phone=?,
        username=? 
    where
        id=?
2026-09-21 10:06:41 [main] DEBUG org.hibernate.SQL - 
    select
        b1_0.id,
        b1_0.booking_date,
        b1_0.passenger_id,
        b1_0.schedule_id,
        b1_0.status,
        b1_0.total_amount,
        b1_0.user_id 
    from
        bookings b1_0 
    where
        b1_0.user_id=?
2026-09-21 10:06:41 [main] DEBUG org.hibernate.SQL - 
    select
        c1_0.id,
        c1_0.booking_id,
        c1_0.cancellation_date,
        c1_0.reason,
        c1_0.refund_amount,
        c1_0.status 
    from
        cancellations c1_0 
    where
        c1_0.booking_id=?
2026-09-21 10:06:41 [main] DEBUG org.hibernate.SQL - 
    select
        p1_0.id,
        p1_0.amount,
        p1_0.booking_id,
        p1_0.method,
        p1_0.payment_date,
        p1_0.status,
        p1_0.transaction_id 
    from
        payments p1_0 
    where
        p1_0.booking_id=?
2026-09-21 10:06:41 [main] DEBUG org.hibernate.SQL - 
    select
        c1_0.id,
        c1_0.booking_id,
        c1_0.cancellation_date,
        c1_0.reason,
        c1_0.refund_amount,
        c1_0.status 
    from
        cancellations c1_0 
    where
        c1_0.booking_id=?
2026-09-21 10:06:41 [main] DEBUG org.hibernate.SQL - 
    select
        p1_0.id,
        p1_0.amount,
        p1_0.booking_id,
        p1_0.method,
        p1_0.payment_date,
        p1_0.status,
        p1_0.transaction_id 
    from
        payments p1_0 
    where
        p1_0.booking_id=?
2026-09-21 10:06:41 [main] DEBUG org.hibernate.SQL - 
    select
        s1_0.id,
        s1_0.active,
        s1_0.arrival_time,
        s1_0.available_seats,
        s1_0.bus_id,
        s1_0.departure_time,
        s1_0.fare,
        s1_0.route_id 
    from
        schedules s1_0
2026-09-21 10:06:41 [main] DEBUG org.hibernate.SQL - 
    insert 
    into
        passengers
        (age, first_name, gender, last_name, nic, phone) 
    values
        (?, ?, ?, ?, ?, ?)
2026-09-21 10:06:41 [main] DEBUG org.hibernate.SQL - 
    insert 
    into
        bookings
        (booking_date, passenger_id, schedule_id, status, total_amount, user_id) 
    values
        (?, ?, ?, ?, ?, ?)
2026-09-21 10:06:41 [main] DEBUG org.hibernate.SQL - 
    select
        bs1_0.id,
        bs1_0.is_available,
        bs1_0.bus_id,
        bs1_0.seat_number,
        bs1_0.seat_type 
    from
        bus_seats bs1_0 
    where
        bs1_0.bus_id=?
2026-09-21 10:06:41 [main] DEBUG org.hibernate.SQL - 
    insert 
    into
        booking_seats
        (booking_id, bus_seat_id) 
    values
        (?, ?)
2026-09-21 10:06:41 [main] DEBUG org.hibernate.SQL - 
    insert 
    into
        booking_seats
        (booking_id, bus_seat_id) 
    values
        (?, ?)
2026-09-21 10:06:41 [main] DEBUG org.hibernate.SQL - 
    insert 
    into
        passengers
        (age, first_name, gender, last_name, nic, phone) 
    values
        (?, ?, ?, ?, ?, ?)
2026-09-21 10:06:41 [main] DEBUG org.hibernate.SQL - 
    insert 
    into
        bookings
        (booking_date, passenger_id, schedule_id, status, total_amount, user_id) 
    values
        (?, ?, ?, ?, ?, ?)
2026-09-21 10:06:41 [main] DEBUG org.hibernate.SQL - 
    select
        bs1_0.id,
        bs1_0.is_available,
        bs1_0.bus_id,
        bs1_0.seat_number,
        bs1_0.seat_type 
    from
        bus_seats bs1_0 
    where
        bs1_0.bus_id=?
2026-09-21 10:06:41 [main] DEBUG org.hibernate.SQL - 
    insert 
    into
        booking_seats
        (booking_id, bus_seat_id) 
    values
        (?, ?)
2026-09-21 10:06:41 [main] INFO  B.ijse.DataInitializer - Seeded upcoming confirmed bookings for testuser on schedules #100 and #107
2026-09-21 10:06:41 [main] DEBUG org.hibernate.SQL - 
    select
        n1_0.id,
        n1_0.created_at,
        n1_0.message,
        n1_0.is_read,
        n1_0.type,
        n1_0.user_id 
    from
        notifications n1_0 
    where
        n1_0.user_id=? 
        and not(n1_0.is_read)
2026-09-21 10:06:41 [main] DEBUG org.hibernate.SQL - 
    insert 
    into
        notifications
        (created_at, message, is_read, type, user_id) 
    values
        (?, ?, ?, ?, ?)
2026-09-21 10:06:41 [main] INFO  B.ijse.DataInitializer - Seeded welcome notification for testuser
2026-09-21 10:06:41 [main] DEBUG org.hibernate.SQL - 
    select
        r1_0.id,
        r1_0.comment,
        r1_0.created_at,
        r1_0.rating,
        r1_0.route_id,
        r1_0.user_id 
    from
        reviews r1_0 
    where
        r1_0.user_id=?
2026-09-21 10:06:41 [main] INFO  B.ijse.DataInitializer - === Data Initialization Complete ===
2026-09-21 10:06:41 [main] DEBUG org.hibernate.SQL - 
    update
        schedules 
    set
        active=?,
        arrival_time=?,
        available_seats=?,
        bus_id=?,
        departure_time=?,
        fare=?,
        route_id=? 
    where
        id=?
2026-09-21 10:06:41 [main] DEBUG org.hibernate.SQL - 
    update
        schedules 
    set
        active=?,
        arrival_time=?,
        available_seats=?,
        bus_id=?,
        departure_time=?,
        fare=?,
        route_id=? 
    where
        id=?
2026-09-21 10:06:55 [http-nio-8080-exec-2] INFO  o.a.c.c.C.[Tomcat].[localhost].[/] - Initializing Spring DispatcherServlet 'dispatcherServlet'
2026-09-21 10:06:55 [http-nio-8080-exec-2] INFO  o.s.web.servlet.DispatcherServlet - Initializing Servlet 'dispatcherServlet'
2026-09-21 10:06:55 [http-nio-8080-exec-2] INFO  o.s.web.servlet.DispatcherServlet - Completed initialization in 2 ms
2026-09-21 10:06:55 [http-nio-8080-exec-2] INFO  B.ijse.Controller.AuthController - Login request for: testuser
2026-09-21 10:06:55 [http-nio-8080-exec-2] DEBUG org.hibernate.SQL - 
    select
        u1_0.id,
        u1_0.email,
        u1_0.enabled,
        u1_0.full_name,
        u1_0.password,
        u1_0.phone,
        u1_0.username 
    from
        users u1_0 
    where
        u1_0.username=?
2026-09-21 10:06:55 [http-nio-8080-exec-2] DEBUG org.hibernate.SQL - 
    select
        r1_0.user_id,
        r1_1.id,
        r1_1.name 
    from
        user_roles r1_0 
    join
        roles r1_1 
            on r1_1.id=r1_0.role_id 
    where
        r1_0.user_id=?
2026-09-21 10:06:55 [http-nio-8080-exec-2] DEBUG B.i.security.UserDetailsServiceImpl - Loaded user: testuser with roles: [Bus_Ticket_booking.ijse.entity.Role@40]
2026-09-21 10:06:56 [http-nio-8080-exec-2] INFO  B.i.S.Serviceimpl.AuthServiceImpl - User logged in: testuser
2026-09-21 10:06:56 [http-nio-8080-exec-3] DEBUG org.hibernate.SQL - 
    select
        u1_0.id,
        u1_0.email,
        u1_0.enabled,
        u1_0.full_name,
        u1_0.password,
        u1_0.phone,
        u1_0.username 
    from
        users u1_0 
    where
        u1_0.username=?
2026-09-21 10:06:56 [http-nio-8080-exec-3] DEBUG org.hibernate.SQL - 
    select
        r1_0.user_id,
        r1_1.id,
        r1_1.name 
    from
        user_roles r1_0 
    join
        roles r1_1 
            on r1_1.id=r1_0.role_id 
    where
        r1_0.user_id=?
2026-09-21 10:06:56 [http-nio-8080-exec-3] DEBUG B.i.security.UserDetailsServiceImpl - Loaded user: testuser with roles: [Bus_Ticket_booking.ijse.entity.Role@40]
2026-09-21 10:06:56 [http-nio-8080-exec-3] DEBUG B.i.security.JwtAuthenticationFilter - Authenticated user: testuser, URI: /api/v1/bookings/my
2026-09-21 10:06:56 [http-nio-8080-exec-3] DEBUG org.hibernate.SQL - 
    select
        u1_0.id,
        u1_0.email,
        u1_0.enabled,
        u1_0.full_name,
        u1_0.password,
        u1_0.phone,
        u1_0.username 
    from
        users u1_0 
    where
        u1_0.username=?
2026-09-21 10:06:56 [http-nio-8080-exec-3] DEBUG org.hibernate.SQL - 
    select
        r1_0.user_id,
        r1_1.id,
        r1_1.name 
    from
        user_roles r1_0 
    join
        roles r1_1 
            on r1_1.id=r1_0.role_id 
    where
        r1_0.user_id=?
2026-09-21 10:06:56 [http-nio-8080-exec-3] DEBUG org.hibernate.SQL - 
    select
        b1_0.id,
        b1_0.booking_date,
        b1_0.passenger_id,
        b1_0.schedule_id,
        b1_0.status,
        b1_0.total_amount,
        b1_0.user_id 
    from
        bookings b1_0 
    where
        b1_0.user_id=?
2026-09-21 10:06:56 [http-nio-8080-exec-3] DEBUG org.hibernate.SQL - 
    select
        c1_0.id,
        c1_0.booking_id,
        c1_0.cancellation_date,
        c1_0.reason,
        c1_0.refund_amount,
        c1_0.status 
    from
        cancellations c1_0 
    where
        c1_0.booking_id=?
2026-09-21 10:06:56 [http-nio-8080-exec-3] DEBUG org.hibernate.SQL - 
    select
        p1_0.id,
        p1_0.amount,
        p1_0.booking_id,
        p1_0.method,
        p1_0.payment_date,
        p1_0.status,
        p1_0.transaction_id 
    from
        payments p1_0 
    where
        p1_0.booking_id=?
2026-09-21 10:06:56 [http-nio-8080-exec-3] DEBUG org.hibernate.SQL - 
    select
        c1_0.id,
        c1_0.booking_id,
        c1_0.cancellation_date,
        c1_0.reason,
        c1_0.refund_amount,
        c1_0.status 
    from
        cancellations c1_0 
    where
        c1_0.booking_id=?
2026-09-21 10:06:56 [http-nio-8080-exec-3] DEBUG org.hibernate.SQL - 
    select
        p1_0.id,
        p1_0.amount,
        p1_0.booking_id,
        p1_0.method,
        p1_0.payment_date,
        p1_0.status,
        p1_0.transaction_id 
    from
        payments p1_0 
    where
        p1_0.booking_id=?
2026-09-21 10:06:56 [http-nio-8080-exec-3] DEBUG org.hibernate.SQL - 
    select
        c1_0.id,
        c1_0.booking_id,
        c1_0.cancellation_date,
        c1_0.reason,
        c1_0.refund_amount,
        c1_0.status 
    from
        cancellations c1_0 
    where
        c1_0.booking_id=?
2026-09-21 10:06:56 [http-nio-8080-exec-3] DEBUG org.hibernate.SQL - 
    select
        p1_0.id,
        p1_0.amount,
        p1_0.booking_id,
        p1_0.method,
        p1_0.payment_date,
        p1_0.status,
        p1_0.transaction_id 
    from
        payments p1_0 
    where
        p1_0.booking_id=?
2026-09-21 10:06:56 [http-nio-8080-exec-3] DEBUG org.hibernate.SQL - 
    select
        c1_0.id,
        c1_0.booking_id,
        c1_0.cancellation_date,
        c1_0.reason,
        c1_0.refund_amount,
        c1_0.status 
    from
        cancellations c1_0 
    where
        c1_0.booking_id=?
2026-09-21 10:06:56 [http-nio-8080-exec-3] DEBUG org.hibernate.SQL - 
    select
        p1_0.id,
        p1_0.amount,
        p1_0.booking_id,
        p1_0.method,
        p1_0.payment_date,
        p1_0.status,
        p1_0.transaction_id 
    from
        payments p1_0 
    where
        p1_0.booking_id=?
2026-09-21 10:06:56 [http-nio-8080-exec-3] DEBUG org.hibernate.SQL - 
    select
        bs1_0.id,
        bs1_0.booking_id,
        bs1_0.bus_seat_id 
    from
        booking_seats bs1_0 
    where
        bs1_0.booking_id=?
2026-09-21 10:06:56 [http-nio-8080-exec-3] DEBUG org.hibernate.SQL - 
    select
        bs1_0.id,
        bs1_0.is_available,
        bs1_0.bus_id,
        bs1_0.seat_number,
        bs1_0.seat_type 
    from
        bus_seats bs1_0 
    where
        bs1_0.id=?
2026-09-21 10:06:56 [http-nio-8080-exec-3] DEBUG org.hibernate.SQL - 
    select
        s1_0.id,
        s1_0.active,
        s1_0.arrival_time,
        s1_0.available_seats,
        s1_0.bus_id,
        s1_0.departure_time,
        s1_0.fare,
        s1_0.route_id 
    from
        schedules s1_0 
    where
        s1_0.id=?
2026-09-21 10:06:56 [http-nio-8080-exec-3] DEBUG org.hibernate.SQL - 
    select
        r1_0.id,
        r1_0.active,
        r1_0.base_fare,
        r1_0.destination,
        r1_0.distance_km,
        r1_0.duration_minutes,
        r1_0.source 
    from
        routes r1_0 
    where
        r1_0.id=?
2026-09-21 10:06:56 [http-nio-8080-exec-3] DEBUG org.hibernate.SQL - 
    select
        b1_0.id,
        b1_0.is_active,
        b1_0.bus_name,
        b1_0.bus_number,
        b1_0.bus_type,
        b1_0.owner_id,
        b1_0.total_seats 
    from
        buses b1_0 
    where
        b1_0.id=?
2026-09-21 10:06:56 [http-nio-8080-exec-3] DEBUG org.hibernate.SQL - 
    select
        p1_0.id,
        p1_0.age,
        p1_0.first_name,
        p1_0.gender,
        p1_0.last_name,
        p1_0.nic,
        p1_0.phone 
    from
        passengers p1_0 
    where
        p1_0.id=?
2026-09-21 10:06:56 [http-nio-8080-exec-3] DEBUG org.hibernate.SQL - 
    select
        b1_0.id,
        b1_0.booking_date,
        b1_0.passenger_id,
        b1_0.schedule_id,
        b1_0.status,
        b1_0.total_amount,
        b1_0.user_id 
    from
        bookings b1_0 
    where
        b1_0.passenger_id=?
2026-09-21 10:06:56 [http-nio-8080-exec-3] DEBUG org.hibernate.SQL - 
    select
        bs1_0.id,
        bs1_0.booking_id,
        bs1_0.bus_seat_id 
    from
        booking_seats bs1_0 
    where
        bs1_0.booking_id=?
2026-09-21 10:06:56 [http-nio-8080-exec-3] DEBUG org.hibernate.SQL - 
    select
        bs1_0.id,
        bs1_0.is_available,
        bs1_0.bus_id,
        bs1_0.seat_number,
        bs1_0.seat_type 
    from
        bus_seats bs1_0 
    where
        bs1_0.id=?
2026-09-21 10:06:56 [http-nio-8080-exec-3] DEBUG org.hibernate.SQL - 
    select
        s1_0.id,
        s1_0.active,
        s1_0.arrival_time,
        s1_0.available_seats,
        s1_0.bus_id,
        s1_0.departure_time,
        s1_0.fare,
        s1_0.route_id 
    from
        schedules s1_0 
    where
        s1_0.id=?
2026-09-21 10:06:56 [http-nio-8080-exec-3] DEBUG org.hibernate.SQL - 
    select
        r1_0.id,
        r1_0.active,
        r1_0.base_fare,
        r1_0.destination,
        r1_0.distance_km,
        r1_0.duration_minutes,
        r1_0.source 
    from
        routes r1_0 
    where
        r1_0.id=?
2026-09-21 10:06:56 [http-nio-8080-exec-3] DEBUG org.hibernate.SQL - 
    select
        b1_0.id,
        b1_0.is_active,
        b1_0.bus_name,
        b1_0.bus_number,
        b1_0.bus_type,
        b1_0.owner_id,
        b1_0.total_seats 
    from
        buses b1_0 
    where
        b1_0.id=?
2026-09-21 10:06:56 [http-nio-8080-exec-3] DEBUG org.hibernate.SQL - 
    select
        p1_0.id,
        p1_0.age,
        p1_0.first_name,
        p1_0.gender,
        p1_0.last_name,
        p1_0.nic,
        p1_0.phone 
    from
        passengers p1_0 
    where
        p1_0.id=?
2026-09-21 10:06:56 [http-nio-8080-exec-3] DEBUG org.hibernate.SQL - 
    select
        b1_0.id,
        b1_0.booking_date,
        b1_0.passenger_id,
        b1_0.schedule_id,
        b1_0.status,
        b1_0.total_amount,
        b1_0.user_id 
    from
        bookings b1_0 
    where
        b1_0.passenger_id=?
2026-09-21 10:06:56 [http-nio-8080-exec-3] DEBUG org.hibernate.SQL - 
    select
        bs1_0.id,
        bs1_0.booking_id,
        bs1_0.bus_seat_id 
    from
        booking_seats bs1_0 
    where
        bs1_0.booking_id=?
2026-09-21 10:06:56 [http-nio-8080-exec-3] DEBUG org.hibernate.SQL - 
    select
        bs1_0.id,
        bs1_0.is_available,
        bs1_0.bus_id,
        bs1_0.seat_number,
        bs1_0.seat_type 
    from
        bus_seats bs1_0 
    where
        bs1_0.id=?
2026-09-21 10:06:56 [http-nio-8080-exec-3] DEBUG org.hibernate.SQL - 
    select
        bs1_0.id,
        bs1_0.is_available,
        bs1_0.bus_id,
        bs1_0.seat_number,
        bs1_0.seat_type 
    from
        bus_seats bs1_0 
    where
        bs1_0.id=?
2026-09-21 10:06:56 [http-nio-8080-exec-3] DEBUG org.hibernate.SQL - 
    select
        s1_0.id,
        s1_0.active,
        s1_0.arrival_time,
        s1_0.available_seats,
        s1_0.bus_id,
        s1_0.departure_time,
        s1_0.fare,
        s1_0.route_id 
    from
        schedules s1_0 
    where
        s1_0.id=?
2026-09-21 10:06:56 [http-nio-8080-exec-3] DEBUG org.hibernate.SQL - 
    select
        r1_0.id,
        r1_0.active,
        r1_0.base_fare,
        r1_0.destination,
        r1_0.distance_km,
        r1_0.duration_minutes,
        r1_0.source 
    from
        routes r1_0 
    where
        r1_0.id=?
2026-09-21 10:06:56 [http-nio-8080-exec-3] DEBUG org.hibernate.SQL - 
    select
        b1_0.id,
        b1_0.is_active,
        b1_0.bus_name,
        b1_0.bus_number,
        b1_0.bus_type,
        b1_0.owner_id,
        b1_0.total_seats 
    from
        buses b1_0 
    where
        b1_0.id=?
2026-09-21 10:06:56 [http-nio-8080-exec-3] DEBUG org.hibernate.SQL - 
    select
        p1_0.id,
        p1_0.age,
        p1_0.first_name,
        p1_0.gender,
        p1_0.last_name,
        p1_0.nic,
        p1_0.phone 
    from
        passengers p1_0 
    where
        p1_0.id=?
2026-09-21 10:06:56 [http-nio-8080-exec-3] DEBUG org.hibernate.SQL - 
    select
        b1_0.id,
        b1_0.booking_date,
        b1_0.passenger_id,
        b1_0.schedule_id,
        b1_0.status,
        b1_0.total_amount,
        b1_0.user_id 
    from
        bookings b1_0 
    where
        b1_0.passenger_id=?
2026-09-21 10:06:56 [http-nio-8080-exec-3] DEBUG org.hibernate.SQL - 
    select
        bs1_0.id,
        bs1_0.booking_id,
        bs1_0.bus_seat_id 
    from
        booking_seats bs1_0 
    where
        bs1_0.booking_id=?
2026-09-21 10:06:56 [http-nio-8080-exec-3] DEBUG org.hibernate.SQL - 
    select
        bs1_0.id,
        bs1_0.is_available,
        bs1_0.bus_id,
        bs1_0.seat_number,
        bs1_0.seat_type 
    from
        bus_seats bs1_0 
    where
        bs1_0.id=?
2026-09-21 10:06:56 [http-nio-8080-exec-3] DEBUG org.hibernate.SQL - 
    select
        s1_0.id,
        s1_0.active,
        s1_0.arrival_time,
        s1_0.available_seats,
        s1_0.bus_id,
        s1_0.departure_time,
        s1_0.fare,
        s1_0.route_id 
    from
        schedules s1_0 
    where
        s1_0.id=?
2026-09-21 10:06:56 [http-nio-8080-exec-3] DEBUG org.hibernate.SQL - 
    select
        r1_0.id,
        r1_0.active,
        r1_0.base_fare,
        r1_0.destination,
        r1_0.distance_km,
        r1_0.duration_minutes,
        r1_0.source 
    from
        routes r1_0 
    where
        r1_0.id=?
2026-09-21 10:06:56 [http-nio-8080-exec-3] DEBUG org.hibernate.SQL - 
    select
        p1_0.id,
        p1_0.age,
        p1_0.first_name,
        p1_0.gender,
        p1_0.last_name,
        p1_0.nic,
        p1_0.phone 
    from
        passengers p1_0 
    where
        p1_0.id=?
2026-09-21 10:06:56 [http-nio-8080-exec-3] DEBUG org.hibernate.SQL - 
    select
        b1_0.id,
        b1_0.booking_date,
        b1_0.passenger_id,
        b1_0.schedule_id,
        b1_0.status,
        b1_0.total_amount,
        b1_0.user_id 
    from
        bookings b1_0 
    where
        b1_0.passenger_id=?
2026-09-21 10:06:56 [http-nio-8080-exec-1] DEBUG org.hibernate.SQL - 
    select
        s1_0.id,
        s1_0.active,
        s1_0.arrival_time,
        s1_0.available_seats,
        s1_0.bus_id,
        s1_0.departure_time,
        s1_0.fare,
        s1_0.route_id 
    from
        schedules s1_0 
    where
        s1_0.route_id=? 
        and s1_0.active=1 
        and s1_0.departure_time between ? and ? 
    order by
        s1_0.departure_time
2026-09-21 10:06:56 [http-nio-8080-exec-1] DEBUG org.hibernate.SQL - 
    select
        r1_0.id,
        r1_0.active,
        r1_0.base_fare,
        r1_0.destination,
        r1_0.distance_km,
        r1_0.duration_minutes,
        r1_0.source 
    from
        routes r1_0 
    where
        r1_0.id=?
2026-09-21 10:06:56 [http-nio-8080-exec-1] DEBUG org.hibernate.SQL - 
    select
        b1_0.id,
        b1_0.is_active,
        b1_0.bus_name,
        b1_0.bus_number,
        b1_0.bus_type,
        b1_0.owner_id,
        b1_0.total_seats 
    from
        buses b1_0 
    where
        b1_0.id=?
2026-09-21 10:06:56 [http-nio-8080-exec-1] DEBUG org.hibernate.SQL - 
    select
        b1_0.id,
        b1_0.is_active,
        b1_0.bus_name,
        b1_0.bus_number,
        b1_0.bus_type,
        b1_0.owner_id,
        b1_0.total_seats 
    from
        buses b1_0 
    where
        b1_0.id=?
2026-09-21 10:06:56 [http-nio-8080-exec-1] DEBUG org.hibernate.SQL - 
    select
        b1_0.id,
        b1_0.is_active,
        b1_0.bus_name,
        b1_0.bus_number,
        b1_0.bus_type,
        b1_0.owner_id,
        b1_0.total_seats 
    from
        buses b1_0 
    where
        b1_0.id=?
2026-09-21 10:07:12 [http-nio-8080-exec-9] ERROR B.i.exception.GlobalExceptionHandler - Unexpected error: No static resource favicon.ico.
org.springframework.web.servlet.resource.NoResourceFoundException: No static resource favicon.ico.
	at org.springframework.web.servlet.resource.ResourceHttpRequestHandler.handleRequest(ResourceHttpRequestHandler.java:585)
	at org.springframework.web.servlet.mvc.HttpRequestHandlerAdapter.handle(HttpRequestHandlerAdapter.java:52)
	at org.springframework.web.servlet.DispatcherServlet.doDispatch(DispatcherServlet.java:1089)
	at org.springframework.web.servlet.DispatcherServlet.doService(DispatcherServlet.java:979)
	at org.springframework.web.servlet.FrameworkServlet.processRequest(FrameworkServlet.java:1014)
	at org.springframework.web.servlet.FrameworkServlet.doGet(FrameworkServlet.java:903)
	at jakarta.servlet.http.HttpServlet.service(HttpServlet.java:564)
	at org.springframework.web.servlet.FrameworkServlet.service(FrameworkServlet.java:885)
	at jakarta.servlet.http.HttpServlet.service(HttpServlet.java:658)
	at org.apache.catalina.core.ApplicationFilterChain.internalDoFilter(ApplicationFilterChain.java:195)
	at org.apache.catalina.core.ApplicationFilterChain.doFilter(ApplicationFilterChain.java:140)
	at org.apache.tomcat.websocket.server.WsFilter.doFilter(WsFilter.java:51)
	at org.apache.catalina.core.ApplicationFilterChain.internalDoFilter(ApplicationFilterChain.java:164)
	at org.apache.catalina.core.ApplicationFilterChain.doFilter(ApplicationFilterChain.java:140)
	at org.springframework.web.filter.CorsFilter.doFilterInternal(CorsFilter.java:91)
	at org.springframework.web.filter.OncePerRequestFilter.doFilter(OncePerRequestFilter.java:116)
	at org.apache.catalina.core.ApplicationFilterChain.internalDoFilter(ApplicationFilterChain.java:164)
	at org.apache.catalina.core.ApplicationFilterChain.doFilter(ApplicationFilterChain.java:140)
	at org.springframework.web.filter.OncePerRequestFilter.doFilter(OncePerRequestFilter.java:110)
	at org.apache.catalina.core.ApplicationFilterChain.internalDoFilter(ApplicationFilterChain.java:164)
	at org.apache.catalina.core.ApplicationFilterChain.doFilter(ApplicationFilterChain.java:140)
	at org.springframework.web.filter.CompositeFilter$VirtualFilterChain.doFilter(CompositeFilter.java:108)
	at org.springframework.security.web.FilterChainProxy.lambda$doFilterInternal$3(FilterChainProxy.java:231)
	at org.springframework.security.web.FilterChainProxy$VirtualFilterChain.doFilter(FilterChainProxy.java:365)
	at org.springframework.security.web.access.intercept.AuthorizationFilter.doFilter(AuthorizationFilter.java:100)
	at org.springframework.security.web.FilterChainProxy$VirtualFilterChain.doFilter(FilterChainProxy.java:374)
	at org.springframework.security.web.access.ExceptionTranslationFilter.doFilter(ExceptionTranslationFilter.java:126)
	at org.springframework.security.web.access.ExceptionTranslationFilter.doFilter(ExceptionTranslationFilter.java:120)
	at org.springframework.security.web.FilterChainProxy$VirtualFilterChain.doFilter(FilterChainProxy.java:374)
	at org.springframework.security.web.session.SessionManagementFilter.doFilter(SessionManagementFilter.java:131)
	at org.springframework.security.web.session.SessionManagementFilter.doFilter(SessionManagementFilter.java:85)
	at org.springframework.security.web.FilterChainProxy$VirtualFilterChain.doFilter(FilterChainProxy.java:374)
	at org.springframework.security.web.authentication.AnonymousAuthenticationFilter.doFilter(AnonymousAuthenticationFilter.java:100)
	at org.springframework.security.web.FilterChainProxy$VirtualFilterChain.doFilter(FilterChainProxy.java:374)
	at org.springframework.security.web.servletapi.SecurityContextHolderAwareRequestFilter.doFilter(SecurityContextHolderAwareRequestFilter.java:179)
	at org.springframework.security.web.FilterChainProxy$VirtualFilterChain.doFilter(FilterChainProxy.java:374)
	at org.springframework.security.web.savedrequest.RequestCacheAwareFilter.doFilter(RequestCacheAwareFilter.java:63)
	at org.springframework.security.web.FilterChainProxy$VirtualFilterChain.doFilter(FilterChainProxy.java:374)
	at Bus_Ticket_booking.ijse.security.JwtAuthenticationFilter.doFilterInternal(JwtAuthenticationFilter.java:51)
	at org.springframework.web.filter.OncePerRequestFilter.doFilter(OncePerRequestFilter.java:116)
	at org.springframework.security.web.FilterChainProxy$VirtualFilterChain.doFilter(FilterChainProxy.java:374)
	at org.springframework.security.web.authentication.logout.LogoutFilter.doFilter(LogoutFilter.java:107)
	at org.springframework.security.web.authentication.logout.LogoutFilter.doFilter(LogoutFilter.java:93)
	at org.springframework.security.web.FilterChainProxy$VirtualFilterChain.doFilter(FilterChainProxy.java:374)
	at org.springframework.web.filter.CorsFilter.doFilterInternal(CorsFilter.java:91)
	at org.springframework.web.filter.OncePerRequestFilter.doFilter(OncePerRequestFilter.java:116)
	at org.springframework.security.web.FilterChainProxy$VirtualFilterChain.doFilter(FilterChainProxy.java:374)
	at org.springframework.security.web.header.HeaderWriterFilter.doHeadersAfter(HeaderWriterFilter.java:90)
	at org.springframework.security.web.header.HeaderWriterFilter.doFilterInternal(HeaderWriterFilter.java:75)
	at org.springframework.web.filter.OncePerRequestFilter.doFilter(OncePerRequestFilter.java:116)
	at org.springframework.security.web.FilterChainProxy$VirtualFilterChain.doFilter(FilterChainProxy.java:374)
	at org.springframework.security.web.context.SecurityContextHolderFilter.doFilter(SecurityContextHolderFilter.java:82)
	at org.springframework.security.web.context.SecurityContextHolderFilter.doFilter(SecurityContextHolderFilter.java:69)
	at org.springframework.security.web.FilterChainProxy$VirtualFilterChain.doFilter(FilterChainProxy.java:374)
	at org.springframework.security.web.context.request.async.WebAsyncManagerIntegrationFilter.doFilterInternal(WebAsyncManagerIntegrationFilter.java:62)
	at org.springframework.web.filter.OncePerRequestFilter.doFilter(OncePerRequestFilter.java:116)
	at org.springframework.security.web.FilterChainProxy$VirtualFilterChain.doFilter(FilterChainProxy.java:374)
	at org.springframework.security.web.session.DisableEncodeUrlFilter.doFilterInternal(DisableEncodeUrlFilter.java:42)
	at org.springframework.web.filter.OncePerRequestFilter.doFilter(OncePerRequestFilter.java:116)
	at org.springframework.security.web.FilterChainProxy$VirtualFilterChain.doFilter(FilterChainProxy.java:374)
	at org.springframework.security.web.FilterChainProxy.doFilterInternal(FilterChainProxy.java:233)
	at org.springframework.security.web.FilterChainProxy.doFilter(FilterChainProxy.java:191)
	at org.springframework.web.filter.CompositeFilter$VirtualFilterChain.doFilter(CompositeFilter.java:113)
	at org.springframework.web.servlet.handler.HandlerMappingIntrospector.lambda$createCacheFilter$3(HandlerMappingIntrospector.java:195)
	at org.springframework.web.filter.CompositeFilter$VirtualFilterChain.doFilter(CompositeFilter.java:113)
	at org.springframework.web.filter.CompositeFilter.doFilter(CompositeFilter.java:74)
	at org.springframework.security.config.annotation.web.configuration.WebMvcSecurityConfiguration$CompositeFilterChainProxy.doFilter(WebMvcSecurityConfiguration.java:230)
	at org.springframework.web.filter.DelegatingFilterProxy.invokeDelegate(DelegatingFilterProxy.java:362)
	at org.springframework.web.filter.DelegatingFilterProxy.doFilter(DelegatingFilterProxy.java:278)
	at org.apache.catalina.core.ApplicationFilterChain.internalDoFilter(ApplicationFilterChain.java:164)
	at org.apache.catalina.core.ApplicationFilterChain.doFilter(ApplicationFilterChain.java:140)
	at org.springframework.web.filter.RequestContextFilter.doFilterInternal(RequestContextFilter.java:100)
	at org.springframework.web.filter.OncePerRequestFilter.doFilter(OncePerRequestFilter.java:116)
	at org.apache.catalina.core.ApplicationFilterChain.internalDoFilter(ApplicationFilterChain.java:164)
	at org.apache.catalina.core.ApplicationFilterChain.doFilter(ApplicationFilterChain.java:140)
	at org.springframework.web.filter.FormContentFilter.doFilterInternal(FormContentFilter.java:93)
	at org.springframework.web.filter.OncePerRequestFilter.doFilter(OncePerRequestFilter.java:116)
	at org.apache.catalina.core.ApplicationFilterChain.internalDoFilter(ApplicationFilterChain.java:164)
	at org.apache.catalina.core.ApplicationFilterChain.doFilter(ApplicationFilterChain.java:140)
	at org.springframework.web.filter.CharacterEncodingFilter.doFilterInternal(CharacterEncodingFilter.java:201)
	at org.springframework.web.filter.OncePerRequestFilter.doFilter(OncePerRequestFilter.java:116)
	at org.apache.catalina.core.ApplicationFilterChain.internalDoFilter(ApplicationFilterChain.java:164)
	at org.apache.catalina.core.ApplicationFilterChain.doFilter(ApplicationFilterChain.java:140)
	at org.apache.catalina.core.StandardWrapperValve.invoke(StandardWrapperValve.java:167)
	at org.apache.catalina.core.StandardContextValve.invoke(StandardContextValve.java:90)
	at org.apache.catalina.authenticator.AuthenticatorBase.invoke(AuthenticatorBase.java:483)
	at org.apache.catalina.core.StandardHostValve.invoke(StandardHostValve.java:115)
	at org.apache.catalina.valves.ErrorReportValve.invoke(ErrorReportValve.java:93)
	at org.apache.catalina.core.StandardEngineValve.invoke(StandardEngineValve.java:74)
	at org.apache.catalina.connector.CoyoteAdapter.service(CoyoteAdapter.java:344)
	at org.apache.coyote.http11.Http11Processor.service(Http11Processor.java:384)
	at org.apache.coyote.AbstractProcessorLight.process(AbstractProcessorLight.java:63)
	at org.apache.coyote.AbstractProtocol$ConnectionHandler.process(AbstractProtocol.java:905)
	at org.apache.tomcat.util.net.NioEndpoint$SocketProcessor.doRun(NioEndpoint.java:1741)
	at org.apache.tomcat.util.net.SocketProcessorBase.run(SocketProcessorBase.java:52)
	at org.apache.tomcat.util.threads.ThreadPoolExecutor.runWorker(ThreadPoolExecutor.java:1190)
	at org.apache.tomcat.util.threads.ThreadPoolExecutor$Worker.run(ThreadPoolExecutor.java:659)
	at org.apache.tomcat.util.threads.TaskThread$WrappingRunnable.run(TaskThread.java:63)
	at java.base/java.lang.Thread.run(Thread.java:1583)
2026-09-21 10:07:29 [http-nio-8080-exec-10] DEBUG org.hibernate.SQL - 
    select
        r1_0.id,
        r1_0.active,
        r1_0.base_fare,
        r1_0.destination,
        r1_0.distance_km,
        r1_0.duration_minutes,
        r1_0.source 
    from
        routes r1_0 
    where
        upper(r1_0.source)=upper(?) 
        and upper(r1_0.destination)=upper(?)
2026-09-21 10:07:29 [http-nio-8080-exec-10] DEBUG org.hibernate.SQL - 
    select
        avg(r1_0.rating) 
    from
        reviews r1_0 
    where
        r1_0.route_id=?
2026-09-21 10:07:29 [http-nio-8080-exec-2] DEBUG org.hibernate.SQL - 
    select
        s1_0.id,
        s1_0.active,
        s1_0.arrival_time,
        s1_0.available_seats,
        s1_0.bus_id,
        s1_0.departure_time,
        s1_0.fare,
        s1_0.route_id 
    from
        schedules s1_0 
    where
        s1_0.route_id=? 
        and s1_0.active=1 
        and s1_0.departure_time between ? and ? 
    order by
        s1_0.departure_time
2026-09-21 10:07:29 [http-nio-8080-exec-2] DEBUG org.hibernate.SQL - 
    select
        r1_0.id,
        r1_0.active,
        r1_0.base_fare,
        r1_0.destination,
        r1_0.distance_km,
        r1_0.duration_minutes,
        r1_0.source 
    from
        routes r1_0 
    where
        r1_0.id=?
2026-09-21 10:07:29 [http-nio-8080-exec-2] DEBUG org.hibernate.SQL - 
    select
        b1_0.id,
        b1_0.is_active,
        b1_0.bus_name,
        b1_0.bus_number,
        b1_0.bus_type,
        b1_0.owner_id,
        b1_0.total_seats 
    from
        buses b1_0 
    where
        b1_0.id=?
2026-09-21 10:07:29 [http-nio-8080-exec-2] DEBUG org.hibernate.SQL - 
    select
        b1_0.id,
        b1_0.is_active,
        b1_0.bus_name,
        b1_0.bus_number,
        b1_0.bus_type,
        b1_0.owner_id,
        b1_0.total_seats 
    from
        buses b1_0 
    where
        b1_0.id=?
2026-09-21 10:07:29 [http-nio-8080-exec-2] DEBUG org.hibernate.SQL - 
    select
        b1_0.id,
        b1_0.is_active,
        b1_0.bus_name,
        b1_0.bus_number,
        b1_0.bus_type,
        b1_0.owner_id,
        b1_0.total_seats 
    from
        buses b1_0 
    where
        b1_0.id=?
2026-09-21 10:07:59 [http-nio-8080-exec-3] DEBUG org.hibernate.SQL - 
    select
        s1_0.id,
        s1_0.active,
        s1_0.arrival_time,
        s1_0.available_seats,
        s1_0.bus_id,
        s1_0.departure_time,
        s1_0.fare,
        s1_0.route_id 
    from
        schedules s1_0 
    where
        s1_0.id=?
2026-09-21 10:07:59 [http-nio-8080-exec-3] DEBUG org.hibernate.SQL - 
    select
        bs1_0.id,
        bs1_0.is_available,
        bs1_0.bus_id,
        bs1_0.seat_number,
        bs1_0.seat_type 
    from
        bus_seats bs1_0 
    where
        bs1_0.bus_id=?
2026-09-21 10:07:59 [http-nio-8080-exec-3] DEBUG org.hibernate.SQL - 
    select
        bs1_0.id,
        bs1_0.booking_id,
        bs1_0.bus_seat_id 
    from
        booking_seats bs1_0 
    left join
        bookings b1_0 
            on b1_0.id=bs1_0.booking_id 
    where
        b1_0.schedule_id=?
2026-09-21 10:09:18 [http-nio-8080-exec-2] DEBUG org.hibernate.SQL - 
    select
        u1_0.id,
        u1_0.email,
        u1_0.enabled,
        u1_0.full_name,
        u1_0.password,
        u1_0.phone,
        u1_0.username 
    from
        users u1_0 
    where
        u1_0.username=?
2026-09-21 10:09:18 [http-nio-8080-exec-10] DEBUG org.hibernate.SQL - 
    select
        u1_0.id,
        u1_0.email,
        u1_0.enabled,
        u1_0.full_name,
        u1_0.password,
        u1_0.phone,
        u1_0.username 
    from
        users u1_0 
    where
        u1_0.username=?
2026-09-21 10:09:18 [http-nio-8080-exec-10] DEBUG org.hibernate.SQL - 
    select
        r1_0.user_id,
        r1_1.id,
        r1_1.name 
    from
        user_roles r1_0 
    join
        roles r1_1 
            on r1_1.id=r1_0.role_id 
    where
        r1_0.user_id=?
2026-09-21 10:09:18 [http-nio-8080-exec-2] DEBUG org.hibernate.SQL - 
    select
        r1_0.user_id,
        r1_1.id,
        r1_1.name 
    from
        user_roles r1_0 
    join
        roles r1_1 
            on r1_1.id=r1_0.role_id 
    where
        r1_0.user_id=?
2026-09-21 10:09:18 [http-nio-8080-exec-3] DEBUG org.hibernate.SQL - 
    select
        u1_0.id,
        u1_0.email,
        u1_0.enabled,
        u1_0.full_name,
        u1_0.password,
        u1_0.phone,
        u1_0.username 
    from
        users u1_0 
    where
        u1_0.username=?
2026-09-21 10:09:18 [http-nio-8080-exec-2] DEBUG B.i.security.UserDetailsServiceImpl - Loaded user: testuser with roles: [Bus_Ticket_booking.ijse.entity.Role@40]
2026-09-21 10:09:18 [http-nio-8080-exec-10] DEBUG B.i.security.UserDetailsServiceImpl - Loaded user: testuser with roles: [Bus_Ticket_booking.ijse.entity.Role@40]
2026-09-21 10:09:18 [http-nio-8080-exec-3] DEBUG org.hibernate.SQL - 
    select
        r1_0.user_id,
        r1_1.id,
        r1_1.name 
    from
        user_roles r1_0 
    join
        roles r1_1 
            on r1_1.id=r1_0.role_id 
    where
        r1_0.user_id=?
2026-09-21 10:09:18 [http-nio-8080-exec-1] ERROR B.i.exception.GlobalExceptionHandler - Unexpected error: No static resource favicon.ico.
org.springframework.web.servlet.resource.NoResourceFoundException: No static resource favicon.ico.
	at org.springframework.web.servlet.resource.ResourceHttpRequestHandler.handleRequest(ResourceHttpRequestHandler.java:585)
	at org.springframework.web.servlet.mvc.HttpRequestHandlerAdapter.handle(HttpRequestHandlerAdapter.java:52)
	at org.springframework.web.servlet.DispatcherServlet.doDispatch(DispatcherServlet.java:1089)
	at org.springframework.web.servlet.DispatcherServlet.doService(DispatcherServlet.java:979)
	at org.springframework.web.servlet.FrameworkServlet.processRequest(FrameworkServlet.java:1014)
	at org.springframework.web.servlet.FrameworkServlet.doGet(FrameworkServlet.java:903)
	at jakarta.servlet.http.HttpServlet.service(HttpServlet.java:564)
	at org.springframework.web.servlet.FrameworkServlet.service(FrameworkServlet.java:885)
	at jakarta.servlet.http.HttpServlet.service(HttpServlet.java:658)
	at org.apache.catalina.core.ApplicationFilterChain.internalDoFilter(ApplicationFilterChain.java:195)
	at org.apache.catalina.core.ApplicationFilterChain.doFilter(ApplicationFilterChain.java:140)
	at org.apache.tomcat.websocket.server.WsFilter.doFilter(WsFilter.java:51)
	at org.apache.catalina.core.ApplicationFilterChain.internalDoFilter(ApplicationFilterChain.java:164)
	at org.apache.catalina.core.ApplicationFilterChain.doFilter(ApplicationFilterChain.java:140)
	at org.springframework.web.filter.CorsFilter.doFilterInternal(CorsFilter.java:91)
	at org.springframework.web.filter.OncePerRequestFilter.doFilter(OncePerRequestFilter.java:116)
	at org.apache.catalina.core.ApplicationFilterChain.internalDoFilter(ApplicationFilterChain.java:164)
	at org.apache.catalina.core.ApplicationFilterChain.doFilter(ApplicationFilterChain.java:140)
	at org.springframework.web.filter.OncePerRequestFilter.doFilter(OncePerRequestFilter.java:110)
	at org.apache.catalina.core.ApplicationFilterChain.internalDoFilter(ApplicationFilterChain.java:164)
	at org.apache.catalina.core.ApplicationFilterChain.doFilter(ApplicationFilterChain.java:140)
	at org.springframework.web.filter.CompositeFilter$VirtualFilterChain.doFilter(CompositeFilter.java:108)
	at org.springframework.security.web.FilterChainProxy.lambda$doFilterInternal$3(FilterChainProxy.java:231)
	at org.springframework.security.web.FilterChainProxy$VirtualFilterChain.doFilter(FilterChainProxy.java:365)
	at org.springframework.security.web.access.intercept.AuthorizationFilter.doFilter(AuthorizationFilter.java:100)
	at org.springframework.security.web.FilterChainProxy$VirtualFilterChain.doFilter(FilterChainProxy.java:374)
	at org.springframework.security.web.access.ExceptionTranslationFilter.doFilter(ExceptionTranslationFilter.java:126)
	at org.springframework.security.web.access.ExceptionTranslationFilter.doFilter(ExceptionTranslationFilter.java:120)
	at org.springframework.security.web.FilterChainProxy$VirtualFilterChain.doFilter(FilterChainProxy.java:374)
	at org.springframework.security.web.session.SessionManagementFilter.doFilter(SessionManagementFilter.java:131)
	at org.springframework.security.web.session.SessionManagementFilter.doFilter(SessionManagementFilter.java:85)
	at org.springframework.security.web.FilterChainProxy$VirtualFilterChain.doFilter(FilterChainProxy.java:374)
	at org.springframework.security.web.authentication.AnonymousAuthenticationFilter.doFilter(AnonymousAuthenticationFilter.java:100)
	at org.springframework.security.web.FilterChainProxy$VirtualFilterChain.doFilter(FilterChainProxy.java:374)
	at org.springframework.security.web.servletapi.SecurityContextHolderAwareRequestFilter.doFilter(SecurityContextHolderAwareRequestFilter.java:179)
	at org.springframework.security.web.FilterChainProxy$VirtualFilterChain.doFilter(FilterChainProxy.java:374)
	at org.springframework.security.web.savedrequest.RequestCacheAwareFilter.doFilter(RequestCacheAwareFilter.java:63)
	at org.springframework.security.web.FilterChainProxy$VirtualFilterChain.doFilter(FilterChainProxy.java:374)
	at Bus_Ticket_booking.ijse.security.JwtAuthenticationFilter.doFilterInternal(JwtAuthenticationFilter.java:51)
	at org.springframework.web.filter.OncePerRequestFilter.doFilter(OncePerRequestFilter.java:116)
	at org.springframework.security.web.FilterChainProxy$VirtualFilterChain.doFilter(FilterChainProxy.java:374)
	at org.springframework.security.web.authentication.logout.LogoutFilter.doFilter(LogoutFilter.java:107)
	at org.springframework.security.web.authentication.logout.LogoutFilter.doFilter(LogoutFilter.java:93)
	at org.springframework.security.web.FilterChainProxy$VirtualFilterChain.doFilter(FilterChainProxy.java:374)
	at org.springframework.web.filter.CorsFilter.doFilterInternal(CorsFilter.java:91)
	at org.springframework.web.filter.OncePerRequestFilter.doFilter(OncePerRequestFilter.java:116)
	at org.springframework.security.web.FilterChainProxy$VirtualFilterChain.doFilter(FilterChainProxy.java:374)
	at org.springframework.security.web.header.HeaderWriterFilter.doHeadersAfter(HeaderWriterFilter.java:90)
	at org.springframework.security.web.header.HeaderWriterFilter.doFilterInternal(HeaderWriterFilter.java:75)
	at org.springframework.web.filter.OncePerRequestFilter.doFilter(OncePerRequestFilter.java:116)
	at org.springframework.security.web.FilterChainProxy$VirtualFilterChain.doFilter(FilterChainProxy.java:374)
	at org.springframework.security.web.context.SecurityContextHolderFilter.doFilter(SecurityContextHolderFilter.java:82)
	at org.springframework.security.web.context.SecurityContextHolderFilter.doFilter(SecurityContextHolderFilter.java:69)
	at org.springframework.security.web.FilterChainProxy$VirtualFilterChain.doFilter(FilterChainProxy.java:374)
	at org.springframework.security.web.context.request.async.WebAsyncManagerIntegrationFilter.doFilterInternal(WebAsyncManagerIntegrationFilter.java:62)
	at org.springframework.web.filter.OncePerRequestFilter.doFilter(OncePerRequestFilter.java:116)
	at org.springframework.security.web.FilterChainProxy$VirtualFilterChain.doFilter(FilterChainProxy.java:374)
	at org.springframework.security.web.session.DisableEncodeUrlFilter.doFilterInternal(DisableEncodeUrlFilter.java:42)
	at org.springframework.web.filter.OncePerRequestFilter.doFilter(OncePerRequestFilter.java:116)
	at org.springframework.security.web.FilterChainProxy$VirtualFilterChain.doFilter(FilterChainProxy.java:374)
	at org.springframework.security.web.FilterChainProxy.doFilterInternal(FilterChainProxy.java:233)
	at org.springframework.security.web.FilterChainProxy.doFilter(FilterChainProxy.java:191)
	at org.springframework.web.filter.CompositeFilter$VirtualFilterChain.doFilter(CompositeFilter.java:113)
	at org.springframework.web.servlet.handler.HandlerMappingIntrospector.lambda$createCacheFilter$3(HandlerMappingIntrospector.java:195)
	at org.springframework.web.filter.CompositeFilter$VirtualFilterChain.doFilter(CompositeFilter.java:113)
	at org.springframework.web.filter.CompositeFilter.doFilter(CompositeFilter.java:74)
	at org.springframework.security.config.annotation.web.configuration.WebMvcSecurityConfiguration$CompositeFilterChainProxy.doFilter(WebMvcSecurityConfiguration.java:230)
	at org.springframework.web.filter.DelegatingFilterProxy.invokeDelegate(DelegatingFilterProxy.java:362)
	at org.springframework.web.filter.DelegatingFilterProxy.doFilter(DelegatingFilterProxy.java:278)
	at org.apache.catalina.core.ApplicationFilterChain.internalDoFilter(ApplicationFilterChain.java:164)
	at org.apache.catalina.core.ApplicationFilterChain.doFilter(ApplicationFilterChain.java:140)
	at org.springframework.web.filter.RequestContextFilter.doFilterInternal(RequestContextFilter.java:100)
	at org.springframework.web.filter.OncePerRequestFilter.doFilter(OncePerRequestFilter.java:116)
	at org.apache.catalina.core.ApplicationFilterChain.internalDoFilter(ApplicationFilterChain.java:164)
	at org.apache.catalina.core.ApplicationFilterChain.doFilter(ApplicationFilterChain.java:140)
	at org.springframework.web.filter.FormContentFilter.doFilterInternal(FormContentFilter.java:93)
	at org.springframework.web.filter.OncePerRequestFilter.doFilter(OncePerRequestFilter.java:116)
	at org.apache.catalina.core.ApplicationFilterChain.internalDoFilter(ApplicationFilterChain.java:164)
	at org.apache.catalina.core.ApplicationFilterChain.doFilter(ApplicationFilterChain.java:140)
	at org.springframework.web.filter.CharacterEncodingFilter.doFilterInternal(CharacterEncodingFilter.java:201)
	at org.springframework.web.filter.OncePerRequestFilter.doFilter(OncePerRequestFilter.java:116)
	at org.apache.catalina.core.ApplicationFilterChain.internalDoFilter(ApplicationFilterChain.java:164)
	at org.apache.catalina.core.ApplicationFilterChain.doFilter(ApplicationFilterChain.java:140)
	at org.apache.catalina.core.StandardWrapperValve.invoke(StandardWrapperValve.java:167)
	at org.apache.catalina.core.StandardContextValve.invoke(StandardContextValve.java:90)
	at org.apache.catalina.authenticator.AuthenticatorBase.invoke(AuthenticatorBase.java:483)
	at org.apache.catalina.core.StandardHostValve.invoke(StandardHostValve.java:115)
	at org.apache.catalina.valves.ErrorReportValve.invoke(ErrorReportValve.java:93)
	at org.apache.catalina.core.StandardEngineValve.invoke(StandardEngineValve.java:74)
	at org.apache.catalina.connector.CoyoteAdapter.service(CoyoteAdapter.java:344)
	at org.apache.coyote.http11.Http11Processor.service(Http11Processor.java:384)
	at org.apache.coyote.AbstractProcessorLight.process(AbstractProcessorLight.java:63)
	at org.apache.coyote.AbstractProtocol$ConnectionHandler.process(AbstractProtocol.java:905)
	at org.apache.tomcat.util.net.NioEndpoint$SocketProcessor.doRun(NioEndpoint.java:1741)
	at org.apache.tomcat.util.net.SocketProcessorBase.run(SocketProcessorBase.java:52)
	at org.apache.tomcat.util.threads.ThreadPoolExecutor.runWorker(ThreadPoolExecutor.java:1190)
	at org.apache.tomcat.util.threads.ThreadPoolExecutor$Worker.run(ThreadPoolExecutor.java:659)
	at org.apache.tomcat.util.threads.TaskThread$WrappingRunnable.run(TaskThread.java:63)
	at java.base/java.lang.Thread.run(Thread.java:1583)
2026-09-21 10:09:18 [http-nio-8080-exec-10] DEBUG B.i.security.JwtAuthenticationFilter - Authenticated user: testuser, URI: /api/v1/bookings/my
2026-09-21 10:09:18 [http-nio-8080-exec-2] DEBUG B.i.security.JwtAuthenticationFilter - Authenticated user: testuser, URI: /api/v1/notifications
2026-09-21 10:09:18 [http-nio-8080-exec-3] DEBUG B.i.security.UserDetailsServiceImpl - Loaded user: testuser with roles: [Bus_Ticket_booking.ijse.entity.Role@40]
2026-09-21 10:09:18 [http-nio-8080-exec-2] DEBUG org.hibernate.SQL - 
    select
        u1_0.id,
        u1_0.email,
        u1_0.enabled,
        u1_0.full_name,
        u1_0.password,
        u1_0.phone,
        u1_0.username 
    from
        users u1_0 
    where
        u1_0.username=?
2026-09-21 10:09:18 [http-nio-8080-exec-10] DEBUG org.hibernate.SQL - 
    select
        u1_0.id,
        u1_0.email,
        u1_0.enabled,
        u1_0.full_name,
        u1_0.password,
        u1_0.phone,
        u1_0.username 
    from
        users u1_0 
    where
        u1_0.username=?
2026-09-21 10:09:18 [http-nio-8080-exec-3] DEBUG B.i.security.JwtAuthenticationFilter - Authenticated user: testuser, URI: /api/v1/reviews/my
2026-09-21 10:09:18 [http-nio-8080-exec-2] DEBUG org.hibernate.SQL - 
    select
        r1_0.user_id,
        r1_1.id,
        r1_1.name 
    from
        user_roles r1_0 
    join
        roles r1_1 
            on r1_1.id=r1_0.role_id 
    where
        r1_0.user_id=?
2026-09-21 10:09:18 [http-nio-8080-exec-10] DEBUG org.hibernate.SQL - 
    select
        r1_0.user_id,
        r1_1.id,
        r1_1.name 
    from
        user_roles r1_0 
    join
        roles r1_1 
            on r1_1.id=r1_0.role_id 
    where
        r1_0.user_id=?
2026-09-21 10:09:18 [http-nio-8080-exec-3] DEBUG org.hibernate.SQL - 
    select
        u1_0.id,
        u1_0.email,
        u1_0.enabled,
        u1_0.full_name,
        u1_0.password,
        u1_0.phone,
        u1_0.username 
    from
        users u1_0 
    where
        u1_0.username=?
2026-09-21 10:09:18 [http-nio-8080-exec-10] DEBUG org.hibernate.SQL - 
    select
        b1_0.id,
        b1_0.booking_date,
        b1_0.passenger_id,
        b1_0.schedule_id,
        b1_0.status,
        b1_0.total_amount,
        b1_0.user_id 
    from
        bookings b1_0 
    where
        b1_0.user_id=?
2026-09-21 10:09:18 [http-nio-8080-exec-2] DEBUG org.hibernate.SQL - 
    select
        n1_0.id,
        n1_0.created_at,
        n1_0.message,
        n1_0.is_read,
        n1_0.type,
        n1_0.user_id 
    from
        notifications n1_0 
    where
        n1_0.user_id=? 
    order by
        n1_0.created_at desc
2026-09-21 10:09:18 [http-nio-8080-exec-10] DEBUG org.hibernate.SQL - 
    select
        c1_0.id,
        c1_0.booking_id,
        c1_0.cancellation_date,
        c1_0.reason,
        c1_0.refund_amount,
        c1_0.status 
    from
        cancellations c1_0 
    where
        c1_0.booking_id=?
2026-09-21 10:09:18 [http-nio-8080-exec-3] DEBUG org.hibernate.SQL - 
    select
        r1_0.user_id,
        r1_1.id,
        r1_1.name 
    from
        user_roles r1_0 
    join
        roles r1_1 
            on r1_1.id=r1_0.role_id 
    where
        r1_0.user_id=?
2026-09-21 10:09:18 [http-nio-8080-exec-10] DEBUG org.hibernate.SQL - 
    select
        p1_0.id,
        p1_0.amount,
        p1_0.booking_id,
        p1_0.method,
        p1_0.payment_date,
        p1_0.status,
        p1_0.transaction_id 
    from
        payments p1_0 
    where
        p1_0.booking_id=?
2026-09-21 10:09:18 [http-nio-8080-exec-3] DEBUG org.hibernate.SQL - 
    select
        r1_0.id,
        r1_0.comment,
        r1_0.created_at,
        r1_0.rating,
        r1_0.route_id,
        r1_0.user_id 
    from
        reviews r1_0 
    where
        r1_0.user_id=?
2026-09-21 10:09:18 [http-nio-8080-exec-10] DEBUG org.hibernate.SQL - 
    select
        c1_0.id,
        c1_0.booking_id,
        c1_0.cancellation_date,
        c1_0.reason,
        c1_0.refund_amount,
        c1_0.status 
    from
        cancellations c1_0 
    where
        c1_0.booking_id=?
2026-09-21 10:09:18 [http-nio-8080-exec-3] DEBUG org.hibernate.SQL - 
    select
        r1_0.id,
        r1_0.active,
        r1_0.base_fare,
        r1_0.destination,
        r1_0.distance_km,
        r1_0.duration_minutes,
        r1_0.source 
    from
        routes r1_0 
    where
        r1_0.id=?
2026-09-21 10:09:18 [http-nio-8080-exec-10] DEBUG org.hibernate.SQL - 
    select
        p1_0.id,
        p1_0.amount,
        p1_0.booking_id,
        p1_0.method,
        p1_0.payment_date,
        p1_0.status,
        p1_0.transaction_id 
    from
        payments p1_0 
    where
        p1_0.booking_id=?
2026-09-21 10:09:18 [http-nio-8080-exec-10] DEBUG org.hibernate.SQL - 
    select
        c1_0.id,
        c1_0.booking_id,
        c1_0.cancellation_date,
        c1_0.reason,
        c1_0.refund_amount,
        c1_0.status 
    from
        cancellations c1_0 
    where
        c1_0.booking_id=?
2026-09-21 10:09:18 [http-nio-8080-exec-10] DEBUG org.hibernate.SQL - 
    select
        p1_0.id,
        p1_0.amount,
        p1_0.booking_id,
        p1_0.method,
        p1_0.payment_date,
        p1_0.status,
        p1_0.transaction_id 
    from
        payments p1_0 
    where
        p1_0.booking_id=?
2026-09-21 10:09:18 [http-nio-8080-exec-10] DEBUG org.hibernate.SQL - 
    select
        c1_0.id,
        c1_0.booking_id,
        c1_0.cancellation_date,
        c1_0.reason,
        c1_0.refund_amount,
        c1_0.status 
    from
        cancellations c1_0 
    where
        c1_0.booking_id=?
2026-09-21 10:09:18 [http-nio-8080-exec-10] DEBUG org.hibernate.SQL - 
    select
        p1_0.id,
        p1_0.amount,
        p1_0.booking_id,
        p1_0.method,
        p1_0.payment_date,
        p1_0.status,
        p1_0.transaction_id 
    from
        payments p1_0 
    where
        p1_0.booking_id=?
2026-09-21 10:09:18 [http-nio-8080-exec-10] DEBUG org.hibernate.SQL - 
    select
        bs1_0.id,
        bs1_0.booking_id,
        bs1_0.bus_seat_id 
    from
        booking_seats bs1_0 
    where
        bs1_0.booking_id=?
2026-09-21 10:09:18 [http-nio-8080-exec-10] DEBUG org.hibernate.SQL - 
    select
        bs1_0.id,
        bs1_0.is_available,
        bs1_0.bus_id,
        bs1_0.seat_number,
        bs1_0.seat_type 
    from
        bus_seats bs1_0 
    where
        bs1_0.id=?
2026-09-21 10:09:18 [http-nio-8080-exec-10] DEBUG org.hibernate.SQL - 
    select
        s1_0.id,
        s1_0.active,
        s1_0.arrival_time,
        s1_0.available_seats,
        s1_0.bus_id,
        s1_0.departure_time,
        s1_0.fare,
        s1_0.route_id 
    from
        schedules s1_0 
    where
        s1_0.id=?
2026-09-21 10:09:18 [http-nio-8080-exec-10] DEBUG org.hibernate.SQL - 
    select
        r1_0.id,
        r1_0.active,
        r1_0.base_fare,
        r1_0.destination,
        r1_0.distance_km,
        r1_0.duration_minutes,
        r1_0.source 
    from
        routes r1_0 
    where
        r1_0.id=?
2026-09-21 10:09:18 [http-nio-8080-exec-10] DEBUG org.hibernate.SQL - 
    select
        b1_0.id,
        b1_0.is_active,
        b1_0.bus_name,
        b1_0.bus_number,
        b1_0.bus_type,
        b1_0.owner_id,
        b1_0.total_seats 
    from
        buses b1_0 
    where
        b1_0.id=?
2026-09-21 10:09:18 [http-nio-8080-exec-10] DEBUG org.hibernate.SQL - 
    select
        p1_0.id,
        p1_0.age,
        p1_0.first_name,
        p1_0.gender,
        p1_0.last_name,
        p1_0.nic,
        p1_0.phone 
    from
        passengers p1_0 
    where
        p1_0.id=?
2026-09-21 10:09:18 [http-nio-8080-exec-10] DEBUG org.hibernate.SQL - 
    select
        b1_0.id,
        b1_0.booking_date,
        b1_0.passenger_id,
        b1_0.schedule_id,
        b1_0.status,
        b1_0.total_amount,
        b1_0.user_id 
    from
        bookings b1_0 
    where
        b1_0.passenger_id=?
2026-09-21 10:09:18 [http-nio-8080-exec-10] DEBUG org.hibernate.SQL - 
    select
        bs1_0.id,
        bs1_0.booking_id,
        bs1_0.bus_seat_id 
    from
        booking_seats bs1_0 
    where
        bs1_0.booking_id=?
2026-09-21 10:09:18 [http-nio-8080-exec-10] DEBUG org.hibernate.SQL - 
    select
        bs1_0.id,
        bs1_0.is_available,
        bs1_0.bus_id,
        bs1_0.seat_number,
        bs1_0.seat_type 
    from
        bus_seats bs1_0 
    where
        bs1_0.id=?
2026-09-21 10:09:18 [http-nio-8080-exec-10] DEBUG org.hibernate.SQL - 
    select
        s1_0.id,
        s1_0.active,
        s1_0.arrival_time,
        s1_0.available_seats,
        s1_0.bus_id,
        s1_0.departure_time,
        s1_0.fare,
        s1_0.route_id 
    from
        schedules s1_0 
    where
        s1_0.id=?
2026-09-21 10:09:18 [http-nio-8080-exec-10] DEBUG org.hibernate.SQL - 
    select
        r1_0.id,
        r1_0.active,
        r1_0.base_fare,
        r1_0.destination,
        r1_0.distance_km,
        r1_0.duration_minutes,
        r1_0.source 
    from
        routes r1_0 
    where
        r1_0.id=?
2026-09-21 10:09:18 [http-nio-8080-exec-10] DEBUG org.hibernate.SQL - 
    select
        b1_0.id,
        b1_0.is_active,
        b1_0.bus_name,
        b1_0.bus_number,
        b1_0.bus_type,
        b1_0.owner_id,
        b1_0.total_seats 
    from
        buses b1_0 
    where
        b1_0.id=?
2026-09-21 10:09:18 [http-nio-8080-exec-10] DEBUG org.hibernate.SQL - 
    select
        p1_0.id,
        p1_0.age,
        p1_0.first_name,
        p1_0.gender,
        p1_0.last_name,
        p1_0.nic,
        p1_0.phone 
    from
        passengers p1_0 
    where
        p1_0.id=?
2026-09-21 10:09:18 [http-nio-8080-exec-10] DEBUG org.hibernate.SQL - 
    select
        b1_0.id,
        b1_0.booking_date,
        b1_0.passenger_id,
        b1_0.schedule_id,
        b1_0.status,
        b1_0.total_amount,
        b1_0.user_id 
    from
        bookings b1_0 
    where
        b1_0.passenger_id=?
2026-09-21 10:09:18 [http-nio-8080-exec-10] DEBUG org.hibernate.SQL - 
    select
        bs1_0.id,
        bs1_0.booking_id,
        bs1_0.bus_seat_id 
    from
        booking_seats bs1_0 
    where
        bs1_0.booking_id=?
2026-09-21 10:09:18 [http-nio-8080-exec-10] DEBUG org.hibernate.SQL - 
    select
        bs1_0.id,
        bs1_0.is_available,
        bs1_0.bus_id,
        bs1_0.seat_number,
        bs1_0.seat_type 
    from
        bus_seats bs1_0 
    where
        bs1_0.id=?
2026-09-21 10:09:18 [http-nio-8080-exec-10] DEBUG org.hibernate.SQL - 
    select
        bs1_0.id,
        bs1_0.is_available,
        bs1_0.bus_id,
        bs1_0.seat_number,
        bs1_0.seat_type 
    from
        bus_seats bs1_0 
    where
        bs1_0.id=?
2026-09-21 10:09:18 [http-nio-8080-exec-10] DEBUG org.hibernate.SQL - 
    select
        s1_0.id,
        s1_0.active,
        s1_0.arrival_time,
        s1_0.available_seats,
        s1_0.bus_id,
        s1_0.departure_time,
        s1_0.fare,
        s1_0.route_id 
    from
        schedules s1_0 
    where
        s1_0.id=?
2026-09-21 10:09:18 [http-nio-8080-exec-10] DEBUG org.hibernate.SQL - 
    select
        r1_0.id,
        r1_0.active,
        r1_0.base_fare,
        r1_0.destination,
        r1_0.distance_km,
        r1_0.duration_minutes,
        r1_0.source 
    from
        routes r1_0 
    where
        r1_0.id=?
2026-09-21 10:09:18 [http-nio-8080-exec-10] DEBUG org.hibernate.SQL - 
    select
        b1_0.id,
        b1_0.is_active,
        b1_0.bus_name,
        b1_0.bus_number,
        b1_0.bus_type,
        b1_0.owner_id,
        b1_0.total_seats 
    from
        buses b1_0 
    where
        b1_0.id=?
2026-09-21 10:09:18 [http-nio-8080-exec-10] DEBUG org.hibernate.SQL - 
    select
        p1_0.id,
        p1_0.age,
        p1_0.first_name,
        p1_0.gender,
        p1_0.last_name,
        p1_0.nic,
        p1_0.phone 
    from
        passengers p1_0 
    where
        p1_0.id=?
2026-09-21 10:09:18 [http-nio-8080-exec-10] DEBUG org.hibernate.SQL - 
    select
        b1_0.id,
        b1_0.booking_date,
        b1_0.passenger_id,
        b1_0.schedule_id,
        b1_0.status,
        b1_0.total_amount,
        b1_0.user_id 
    from
        bookings b1_0 
    where
        b1_0.passenger_id=?
2026-09-21 10:09:18 [http-nio-8080-exec-10] DEBUG org.hibernate.SQL - 
    select
        bs1_0.id,
        bs1_0.booking_id,
        bs1_0.bus_seat_id 
    from
        booking_seats bs1_0 
    where
        bs1_0.booking_id=?
2026-09-21 10:09:18 [http-nio-8080-exec-10] DEBUG org.hibernate.SQL - 
    select
        bs1_0.id,
        bs1_0.is_available,
        bs1_0.bus_id,
        bs1_0.seat_number,
        bs1_0.seat_type 
    from
        bus_seats bs1_0 
    where
        bs1_0.id=?
2026-09-21 10:09:18 [http-nio-8080-exec-10] DEBUG org.hibernate.SQL - 
    select
        s1_0.id,
        s1_0.active,
        s1_0.arrival_time,
        s1_0.available_seats,
        s1_0.bus_id,
        s1_0.departure_time,
        s1_0.fare,
        s1_0.route_id 
    from
        schedules s1_0 
    where
        s1_0.id=?
2026-09-21 10:09:18 [http-nio-8080-exec-10] DEBUG org.hibernate.SQL - 
    select
        r1_0.id,
        r1_0.active,
        r1_0.base_fare,
        r1_0.destination,
        r1_0.distance_km,
        r1_0.duration_minutes,
        r1_0.source 
    from
        routes r1_0 
    where
        r1_0.id=?
2026-09-21 10:09:18 [http-nio-8080-exec-10] DEBUG org.hibernate.SQL - 
    select
        p1_0.id,
        p1_0.age,
        p1_0.first_name,
        p1_0.gender,
        p1_0.last_name,
        p1_0.nic,
        p1_0.phone 
    from
        passengers p1_0 
    where
        p1_0.id=?
2026-09-21 10:09:18 [http-nio-8080-exec-10] DEBUG org.hibernate.SQL - 
    select
        b1_0.id,
        b1_0.booking_date,
        b1_0.passenger_id,
        b1_0.schedule_id,
        b1_0.status,
        b1_0.total_amount,
        b1_0.user_id 
    from
        bookings b1_0 
    where
        b1_0.passenger_id=?
2026-09-21 10:10:25 [http-nio-8080-exec-1] ERROR B.i.exception.GlobalExceptionHandler - Unexpected error: No static resource favicon.ico.
org.springframework.web.servlet.resource.NoResourceFoundException: No static resource favicon.ico.
	at org.springframework.web.servlet.resource.ResourceHttpRequestHandler.handleRequest(ResourceHttpRequestHandler.java:585)
	at org.springframework.web.servlet.mvc.HttpRequestHandlerAdapter.handle(HttpRequestHandlerAdapter.java:52)
	at org.springframework.web.servlet.DispatcherServlet.doDispatch(DispatcherServlet.java:1089)
	at org.springframework.web.servlet.DispatcherServlet.doService(DispatcherServlet.java:979)
	at org.springframework.web.servlet.FrameworkServlet.processRequest(FrameworkServlet.java:1014)
	at org.springframework.web.servlet.FrameworkServlet.doGet(FrameworkServlet.java:903)
	at jakarta.servlet.http.HttpServlet.service(HttpServlet.java:564)
	at org.springframework.web.servlet.FrameworkServlet.service(FrameworkServlet.java:885)
	at jakarta.servlet.http.HttpServlet.service(HttpServlet.java:658)
	at org.apache.catalina.core.ApplicationFilterChain.internalDoFilter(ApplicationFilterChain.java:195)
	at org.apache.catalina.core.ApplicationFilterChain.doFilter(ApplicationFilterChain.java:140)
	at org.apache.tomcat.websocket.server.WsFilter.doFilter(WsFilter.java:51)
	at org.apache.catalina.core.ApplicationFilterChain.internalDoFilter(ApplicationFilterChain.java:164)
	at org.apache.catalina.core.ApplicationFilterChain.doFilter(ApplicationFilterChain.java:140)
	at org.springframework.web.filter.CorsFilter.doFilterInternal(CorsFilter.java:91)
	at org.springframework.web.filter.OncePerRequestFilter.doFilter(OncePerRequestFilter.java:116)
	at org.apache.catalina.core.ApplicationFilterChain.internalDoFilter(ApplicationFilterChain.java:164)
	at org.apache.catalina.core.ApplicationFilterChain.doFilter(ApplicationFilterChain.java:140)
	at org.springframework.web.filter.OncePerRequestFilter.doFilter(OncePerRequestFilter.java:110)
	at org.apache.catalina.core.ApplicationFilterChain.internalDoFilter(ApplicationFilterChain.java:164)
	at org.apache.catalina.core.ApplicationFilterChain.doFilter(ApplicationFilterChain.java:140)
	at org.springframework.web.filter.CompositeFilter$VirtualFilterChain.doFilter(CompositeFilter.java:108)
	at org.springframework.security.web.FilterChainProxy.lambda$doFilterInternal$3(FilterChainProxy.java:231)
	at org.springframework.security.web.FilterChainProxy$VirtualFilterChain.doFilter(FilterChainProxy.java:365)
	at org.springframework.security.web.access.intercept.AuthorizationFilter.doFilter(AuthorizationFilter.java:100)
	at org.springframework.security.web.FilterChainProxy$VirtualFilterChain.doFilter(FilterChainProxy.java:374)
	at org.springframework.security.web.access.ExceptionTranslationFilter.doFilter(ExceptionTranslationFilter.java:126)
	at org.springframework.security.web.access.ExceptionTranslationFilter.doFilter(ExceptionTranslationFilter.java:120)
	at org.springframework.security.web.FilterChainProxy$VirtualFilterChain.doFilter(FilterChainProxy.java:374)
	at org.springframework.security.web.session.SessionManagementFilter.doFilter(SessionManagementFilter.java:131)
	at org.springframework.security.web.session.SessionManagementFilter.doFilter(SessionManagementFilter.java:85)
	at org.springframework.security.web.FilterChainProxy$VirtualFilterChain.doFilter(FilterChainProxy.java:374)
	at org.springframework.security.web.authentication.AnonymousAuthenticationFilter.doFilter(AnonymousAuthenticationFilter.java:100)
	at org.springframework.security.web.FilterChainProxy$VirtualFilterChain.doFilter(FilterChainProxy.java:374)
	at org.springframework.security.web.servletapi.SecurityContextHolderAwareRequestFilter.doFilter(SecurityContextHolderAwareRequestFilter.java:179)
	at org.springframework.security.web.FilterChainProxy$VirtualFilterChain.doFilter(FilterChainProxy.java:374)
	at org.springframework.security.web.savedrequest.RequestCacheAwareFilter.doFilter(RequestCacheAwareFilter.java:63)
	at org.springframework.security.web.FilterChainProxy$VirtualFilterChain.doFilter(FilterChainProxy.java:374)
	at Bus_Ticket_booking.ijse.security.JwtAuthenticationFilter.doFilterInternal(JwtAuthenticationFilter.java:51)
	at org.springframework.web.filter.OncePerRequestFilter.doFilter(OncePerRequestFilter.java:116)
	at org.springframework.security.web.FilterChainProxy$VirtualFilterChain.doFilter(FilterChainProxy.java:374)
	at org.springframework.security.web.authentication.logout.LogoutFilter.doFilter(LogoutFilter.java:107)
	at org.springframework.security.web.authentication.logout.LogoutFilter.doFilter(LogoutFilter.java:93)
	at org.springframework.security.web.FilterChainProxy$VirtualFilterChain.doFilter(FilterChainProxy.java:374)
	at org.springframework.web.filter.CorsFilter.doFilterInternal(CorsFilter.java:91)
	at org.springframework.web.filter.OncePerRequestFilter.doFilter(OncePerRequestFilter.java:116)
	at org.springframework.security.web.FilterChainProxy$VirtualFilterChain.doFilter(FilterChainProxy.java:374)
	at org.springframework.security.web.header.HeaderWriterFilter.doHeadersAfter(HeaderWriterFilter.java:90)
	at org.springframework.security.web.header.HeaderWriterFilter.doFilterInternal(HeaderWriterFilter.java:75)
	at org.springframework.web.filter.OncePerRequestFilter.doFilter(OncePerRequestFilter.java:116)
	at org.springframework.security.web.FilterChainProxy$VirtualFilterChain.doFilter(FilterChainProxy.java:374)
	at org.springframework.security.web.context.SecurityContextHolderFilter.doFilter(SecurityContextHolderFilter.java:82)
	at org.springframework.security.web.context.SecurityContextHolderFilter.doFilter(SecurityContextHolderFilter.java:69)
	at org.springframework.security.web.FilterChainProxy$VirtualFilterChain.doFilter(FilterChainProxy.java:374)
	at org.springframework.security.web.context.request.async.WebAsyncManagerIntegrationFilter.doFilterInternal(WebAsyncManagerIntegrationFilter.java:62)
	at org.springframework.web.filter.OncePerRequestFilter.doFilter(OncePerRequestFilter.java:116)
	at org.springframework.security.web.FilterChainProxy$VirtualFilterChain.doFilter(FilterChainProxy.java:374)
	at org.springframework.security.web.session.DisableEncodeUrlFilter.doFilterInternal(DisableEncodeUrlFilter.java:42)
	at org.springframework.web.filter.OncePerRequestFilter.doFilter(OncePerRequestFilter.java:116)
	at org.springframework.security.web.FilterChainProxy$VirtualFilterChain.doFilter(FilterChainProxy.java:374)
	at org.springframework.security.web.FilterChainProxy.doFilterInternal(FilterChainProxy.java:233)
	at org.springframework.security.web.FilterChainProxy.doFilter(FilterChainProxy.java:191)
	at org.springframework.web.filter.CompositeFilter$VirtualFilterChain.doFilter(CompositeFilter.java:113)
	at org.springframework.web.servlet.handler.HandlerMappingIntrospector.lambda$createCacheFilter$3(HandlerMappingIntrospector.java:195)
	at org.springframework.web.filter.CompositeFilter$VirtualFilterChain.doFilter(CompositeFilter.java:113)
	at org.springframework.web.filter.CompositeFilter.doFilter(CompositeFilter.java:74)
	at org.springframework.security.config.annotation.web.configuration.WebMvcSecurityConfiguration$CompositeFilterChainProxy.doFilter(WebMvcSecurityConfiguration.java:230)
	at org.springframework.web.filter.DelegatingFilterProxy.invokeDelegate(DelegatingFilterProxy.java:362)
	at org.springframework.web.filter.DelegatingFilterProxy.doFilter(DelegatingFilterProxy.java:278)
	at org.apache.catalina.core.ApplicationFilterChain.internalDoFilter(ApplicationFilterChain.java:164)
	at org.apache.catalina.core.ApplicationFilterChain.doFilter(ApplicationFilterChain.java:140)
	at org.springframework.web.filter.RequestContextFilter.doFilterInternal(RequestContextFilter.java:100)
	at org.springframework.web.filter.OncePerRequestFilter.doFilter(OncePerRequestFilter.java:116)
	at org.apache.catalina.core.ApplicationFilterChain.internalDoFilter(ApplicationFilterChain.java:164)
	at org.apache.catalina.core.ApplicationFilterChain.doFilter(ApplicationFilterChain.java:140)
	at org.springframework.web.filter.FormContentFilter.doFilterInternal(FormContentFilter.java:93)
	at org.springframework.web.filter.OncePerRequestFilter.doFilter(OncePerRequestFilter.java:116)
	at org.apache.catalina.core.ApplicationFilterChain.internalDoFilter(ApplicationFilterChain.java:164)
	at org.apache.catalina.core.ApplicationFilterChain.doFilter(ApplicationFilterChain.java:140)
	at org.springframework.web.filter.CharacterEncodingFilter.doFilterInternal(CharacterEncodingFilter.java:201)
	at org.springframework.web.filter.OncePerRequestFilter.doFilter(OncePerRequestFilter.java:116)
	at org.apache.catalina.core.ApplicationFilterChain.internalDoFilter(ApplicationFilterChain.java:164)
	at org.apache.catalina.core.ApplicationFilterChain.doFilter(ApplicationFilterChain.java:140)
	at org.apache.catalina.core.StandardWrapperValve.invoke(StandardWrapperValve.java:167)
	at org.apache.catalina.core.StandardContextValve.invoke(StandardContextValve.java:90)
	at org.apache.catalina.authenticator.AuthenticatorBase.invoke(AuthenticatorBase.java:483)
	at org.apache.catalina.core.StandardHostValve.invoke(StandardHostValve.java:115)
	at org.apache.catalina.valves.ErrorReportValve.invoke(ErrorReportValve.java:93)
	at org.apache.catalina.core.StandardEngineValve.invoke(StandardEngineValve.java:74)
	at org.apache.catalina.connector.CoyoteAdapter.service(CoyoteAdapter.java:344)
	at org.apache.coyote.http11.Http11Processor.service(Http11Processor.java:384)
	at org.apache.coyote.AbstractProcessorLight.process(AbstractProcessorLight.java:63)
	at org.apache.coyote.AbstractProtocol$ConnectionHandler.process(AbstractProtocol.java:905)
	at org.apache.tomcat.util.net.NioEndpoint$SocketProcessor.doRun(NioEndpoint.java:1741)
	at org.apache.tomcat.util.net.SocketProcessorBase.run(SocketProcessorBase.java:52)
	at org.apache.tomcat.util.threads.ThreadPoolExecutor.runWorker(ThreadPoolExecutor.java:1190)
	at org.apache.tomcat.util.threads.ThreadPoolExecutor$Worker.run(ThreadPoolExecutor.java:659)
	at org.apache.tomcat.util.threads.TaskThread$WrappingRunnable.run(TaskThread.java:63)
	at java.base/java.lang.Thread.run(Thread.java:1583)
2026-09-21 10:11:35 [http-nio-8080-exec-3] INFO  B.ijse.Controller.AuthController - Login request for: testuser
2026-09-21 10:11:35 [http-nio-8080-exec-3] DEBUG org.hibernate.SQL - 
    select
        u1_0.id,
        u1_0.email,
        u1_0.enabled,
        u1_0.full_name,
        u1_0.password,
        u1_0.phone,
        u1_0.username 
    from
        users u1_0 
    where
        u1_0.username=?
2026-09-21 10:11:35 [http-nio-8080-exec-3] DEBUG org.hibernate.SQL - 
    select
        r1_0.user_id,
        r1_1.id,
        r1_1.name 
    from
        user_roles r1_0 
    join
        roles r1_1 
            on r1_1.id=r1_0.role_id 
    where
        r1_0.user_id=?
2026-09-21 10:11:35 [http-nio-8080-exec-3] DEBUG B.i.security.UserDetailsServiceImpl - Loaded user: testuser with roles: [Bus_Ticket_booking.ijse.entity.Role@40]
2026-09-21 10:11:37 [http-nio-8080-exec-3] INFO  B.i.S.Serviceimpl.AuthServiceImpl - User logged in: testuser
2026-09-21 10:11:39 [http-nio-8080-exec-6] DEBUG org.hibernate.SQL - 
    select
        u1_0.id,
        u1_0.email,
        u1_0.enabled,
        u1_0.full_name,
        u1_0.password,
        u1_0.phone,
        u1_0.username 
    from
        users u1_0 
    where
        u1_0.username=?
2026-09-21 10:11:39 [http-nio-8080-exec-5] DEBUG org.hibernate.SQL - 
    select
        u1_0.id,
        u1_0.email,
        u1_0.enabled,
        u1_0.full_name,
        u1_0.password,
        u1_0.phone,
        u1_0.username 
    from
        users u1_0 
    where
        u1_0.username=?
2026-09-21 10:11:39 [http-nio-8080-exec-8] DEBUG org.hibernate.SQL - 
    select
        u1_0.id,
        u1_0.email,
        u1_0.enabled,
        u1_0.full_name,
        u1_0.password,
        u1_0.phone,
        u1_0.username 
    from
        users u1_0 
    where
        u1_0.username=?
2026-09-21 10:11:39 [http-nio-8080-exec-6] DEBUG org.hibernate.SQL - 
    select
        r1_0.user_id,
        r1_1.id,
        r1_1.name 
    from
        user_roles r1_0 
    join
        roles r1_1 
            on r1_1.id=r1_0.role_id 
    where
        r1_0.user_id=?
2026-09-21 10:11:39 [http-nio-8080-exec-8] DEBUG org.hibernate.SQL - 
    select
        r1_0.user_id,
        r1_1.id,
        r1_1.name 
    from
        user_roles r1_0 
    join
        roles r1_1 
            on r1_1.id=r1_0.role_id 
    where
        r1_0.user_id=?
2026-09-21 10:11:39 [http-nio-8080-exec-5] DEBUG org.hibernate.SQL - 
    select
        r1_0.user_id,
        r1_1.id,
        r1_1.name 
    from
        user_roles r1_0 
    join
        roles r1_1 
            on r1_1.id=r1_0.role_id 
    where
        r1_0.user_id=?
2026-09-21 10:11:39 [http-nio-8080-exec-8] DEBUG B.i.security.UserDetailsServiceImpl - Loaded user: testuser with roles: [Bus_Ticket_booking.ijse.entity.Role@40]
2026-09-21 10:11:39 [http-nio-8080-exec-5] DEBUG B.i.security.UserDetailsServiceImpl - Loaded user: testuser with roles: [Bus_Ticket_booking.ijse.entity.Role@40]
2026-09-21 10:11:39 [http-nio-8080-exec-6] DEBUG B.i.security.UserDetailsServiceImpl - Loaded user: testuser with roles: [Bus_Ticket_booking.ijse.entity.Role@40]
2026-09-21 10:11:39 [http-nio-8080-exec-5] DEBUG B.i.security.JwtAuthenticationFilter - Authenticated user: testuser, URI: /api/v1/bookings/my
2026-09-21 10:11:39 [http-nio-8080-exec-6] DEBUG B.i.security.JwtAuthenticationFilter - Authenticated user: testuser, URI: /api/v1/reviews/my
2026-09-21 10:11:39 [http-nio-8080-exec-8] DEBUG B.i.security.JwtAuthenticationFilter - Authenticated user: testuser, URI: /api/v1/notifications
2026-09-21 10:11:39 [http-nio-8080-exec-8] DEBUG org.hibernate.SQL - 
    select
        u1_0.id,
        u1_0.email,
        u1_0.enabled,
        u1_0.full_name,
        u1_0.password,
        u1_0.phone,
        u1_0.username 
    from
        users u1_0 
    where
        u1_0.username=?
2026-09-21 10:11:39 [http-nio-8080-exec-5] DEBUG org.hibernate.SQL - 
    select
        u1_0.id,
        u1_0.email,
        u1_0.enabled,
        u1_0.full_name,
        u1_0.password,
        u1_0.phone,
        u1_0.username 
    from
        users u1_0 
    where
        u1_0.username=?
2026-09-21 10:11:39 [http-nio-8080-exec-6] DEBUG org.hibernate.SQL - 
    select
        u1_0.id,
        u1_0.email,
        u1_0.enabled,
        u1_0.full_name,
        u1_0.password,
        u1_0.phone,
        u1_0.username 
    from
        users u1_0 
    where
        u1_0.username=?
2026-09-21 10:11:39 [http-nio-8080-exec-8] DEBUG org.hibernate.SQL - 
    select
        r1_0.user_id,
        r1_1.id,
        r1_1.name 
    from
        user_roles r1_0 
    join
        roles r1_1 
            on r1_1.id=r1_0.role_id 
    where
        r1_0.user_id=?
2026-09-21 10:11:39 [http-nio-8080-exec-5] DEBUG org.hibernate.SQL - 
    select
        r1_0.user_id,
        r1_1.id,
        r1_1.name 
    from
        user_roles r1_0 
    join
        roles r1_1 
            on r1_1.id=r1_0.role_id 
    where
        r1_0.user_id=?
2026-09-21 10:11:39 [http-nio-8080-exec-6] DEBUG org.hibernate.SQL - 
    select
        r1_0.user_id,
        r1_1.id,
        r1_1.name 
    from
        user_roles r1_0 
    join
        roles r1_1 
            on r1_1.id=r1_0.role_id 
    where
        r1_0.user_id=?
2026-09-21 10:11:39 [http-nio-8080-exec-8] DEBUG org.hibernate.SQL - 
    select
        n1_0.id,
        n1_0.created_at,
        n1_0.message,
        n1_0.is_read,
        n1_0.type,
        n1_0.user_id 
    from
        notifications n1_0 
    where
        n1_0.user_id=? 
    order by
        n1_0.created_at desc
2026-09-21 10:11:39 [http-nio-8080-exec-5] DEBUG org.hibernate.SQL - 
    select
        b1_0.id,
        b1_0.booking_date,
        b1_0.passenger_id,
        b1_0.schedule_id,
        b1_0.status,
        b1_0.total_amount,
        b1_0.user_id 
    from
        bookings b1_0 
    where
        b1_0.user_id=?
2026-09-21 10:11:39 [http-nio-8080-exec-6] DEBUG org.hibernate.SQL - 
    select
        r1_0.id,
        r1_0.comment,
        r1_0.created_at,
        r1_0.rating,
        r1_0.route_id,
        r1_0.user_id 
    from
        reviews r1_0 
    where
        r1_0.user_id=?
2026-09-21 10:11:39 [http-nio-8080-exec-6] DEBUG org.hibernate.SQL - 
    select
        r1_0.id,
        r1_0.active,
        r1_0.base_fare,
        r1_0.destination,
        r1_0.distance_km,
        r1_0.duration_minutes,
        r1_0.source 
    from
        routes r1_0 
    where
        r1_0.id=?
2026-09-21 10:11:39 [http-nio-8080-exec-5] DEBUG org.hibernate.SQL - 
    select
        c1_0.id,
        c1_0.booking_id,
        c1_0.cancellation_date,
        c1_0.reason,
        c1_0.refund_amount,
        c1_0.status 
    from
        cancellations c1_0 
    where
        c1_0.booking_id=?
2026-09-21 10:11:39 [http-nio-8080-exec-7] ERROR B.i.exception.GlobalExceptionHandler - Unexpected error: No static resource favicon.ico.
org.springframework.web.servlet.resource.NoResourceFoundException: No static resource favicon.ico.
	at org.springframework.web.servlet.resource.ResourceHttpRequestHandler.handleRequest(ResourceHttpRequestHandler.java:585)
	at org.springframework.web.servlet.mvc.HttpRequestHandlerAdapter.handle(HttpRequestHandlerAdapter.java:52)
	at org.springframework.web.servlet.DispatcherServlet.doDispatch(DispatcherServlet.java:1089)
	at org.springframework.web.servlet.DispatcherServlet.doService(DispatcherServlet.java:979)
	at org.springframework.web.servlet.FrameworkServlet.processRequest(FrameworkServlet.java:1014)
	at org.springframework.web.servlet.FrameworkServlet.doGet(FrameworkServlet.java:903)
	at jakarta.servlet.http.HttpServlet.service(HttpServlet.java:564)
	at org.springframework.web.servlet.FrameworkServlet.service(FrameworkServlet.java:885)
	at jakarta.servlet.http.HttpServlet.service(HttpServlet.java:658)
	at org.apache.catalina.core.ApplicationFilterChain.internalDoFilter(ApplicationFilterChain.java:195)
	at org.apache.catalina.core.ApplicationFilterChain.doFilter(ApplicationFilterChain.java:140)
	at org.apache.tomcat.websocket.server.WsFilter.doFilter(WsFilter.java:51)
	at org.apache.catalina.core.ApplicationFilterChain.internalDoFilter(ApplicationFilterChain.java:164)
	at org.apache.catalina.core.ApplicationFilterChain.doFilter(ApplicationFilterChain.java:140)
	at org.springframework.web.filter.CorsFilter.doFilterInternal(CorsFilter.java:91)
	at org.springframework.web.filter.OncePerRequestFilter.doFilter(OncePerRequestFilter.java:116)
	at org.apache.catalina.core.ApplicationFilterChain.internalDoFilter(ApplicationFilterChain.java:164)
	at org.apache.catalina.core.ApplicationFilterChain.doFilter(ApplicationFilterChain.java:140)
	at org.springframework.web.filter.OncePerRequestFilter.doFilter(OncePerRequestFilter.java:110)
	at org.apache.catalina.core.ApplicationFilterChain.internalDoFilter(ApplicationFilterChain.java:164)
	at org.apache.catalina.core.ApplicationFilterChain.doFilter(ApplicationFilterChain.java:140)
	at org.springframework.web.filter.CompositeFilter$VirtualFilterChain.doFilter(CompositeFilter.java:108)
	at org.springframework.security.web.FilterChainProxy.lambda$doFilterInternal$3(FilterChainProxy.java:231)
	at org.springframework.security.web.FilterChainProxy$VirtualFilterChain.doFilter(FilterChainProxy.java:365)
	at org.springframework.security.web.access.intercept.AuthorizationFilter.doFilter(AuthorizationFilter.java:100)
	at org.springframework.security.web.FilterChainProxy$VirtualFilterChain.doFilter(FilterChainProxy.java:374)
	at org.springframework.security.web.access.ExceptionTranslationFilter.doFilter(ExceptionTranslationFilter.java:126)
	at org.springframework.security.web.access.ExceptionTranslationFilter.doFilter(ExceptionTranslationFilter.java:120)
	at org.springframework.security.web.FilterChainProxy$VirtualFilterChain.doFilter(FilterChainProxy.java:374)
	at org.springframework.security.web.session.SessionManagementFilter.doFilter(SessionManagementFilter.java:131)
	at org.springframework.security.web.session.SessionManagementFilter.doFilter(SessionManagementFilter.java:85)
	at org.springframework.security.web.FilterChainProxy$VirtualFilterChain.doFilter(FilterChainProxy.java:374)
	at org.springframework.security.web.authentication.AnonymousAuthenticationFilter.doFilter(AnonymousAuthenticationFilter.java:100)
	at org.springframework.security.web.FilterChainProxy$VirtualFilterChain.doFilter(FilterChainProxy.java:374)
	at org.springframework.security.web.servletapi.SecurityContextHolderAwareRequestFilter.doFilter(SecurityContextHolderAwareRequestFilter.java:179)
	at org.springframework.security.web.FilterChainProxy$VirtualFilterChain.doFilter(FilterChainProxy.java:374)
	at org.springframework.security.web.savedrequest.RequestCacheAwareFilter.doFilter(RequestCacheAwareFilter.java:63)
	at org.springframework.security.web.FilterChainProxy$VirtualFilterChain.doFilter(FilterChainProxy.java:374)
	at Bus_Ticket_booking.ijse.security.JwtAuthenticationFilter.doFilterInternal(JwtAuthenticationFilter.java:51)
	at org.springframework.web.filter.OncePerRequestFilter.doFilter(OncePerRequestFilter.java:116)
	at org.springframework.security.web.FilterChainProxy$VirtualFilterChain.doFilter(FilterChainProxy.java:374)
	at org.springframework.security.web.authentication.logout.LogoutFilter.doFilter(LogoutFilter.java:107)
	at org.springframework.security.web.authentication.logout.LogoutFilter.doFilter(LogoutFilter.java:93)
	at org.springframework.security.web.FilterChainProxy$VirtualFilterChain.doFilter(FilterChainProxy.java:374)
	at org.springframework.web.filter.CorsFilter.doFilterInternal(CorsFilter.java:91)
	at org.springframework.web.filter.OncePerRequestFilter.doFilter(OncePerRequestFilter.java:116)
	at org.springframework.security.web.FilterChainProxy$VirtualFilterChain.doFilter(FilterChainProxy.java:374)
	at org.springframework.security.web.header.HeaderWriterFilter.doHeadersAfter(HeaderWriterFilter.java:90)
	at org.springframework.security.web.header.HeaderWriterFilter.doFilterInternal(HeaderWriterFilter.java:75)
	at org.springframework.web.filter.OncePerRequestFilter.doFilter(OncePerRequestFilter.java:116)
	at org.springframework.security.web.FilterChainProxy$VirtualFilterChain.doFilter(FilterChainProxy.java:374)
	at org.springframework.security.web.context.SecurityContextHolderFilter.doFilter(SecurityContextHolderFilter.java:82)
	at org.springframework.security.web.context.SecurityContextHolderFilter.doFilter(SecurityContextHolderFilter.java:69)
	at org.springframework.security.web.FilterChainProxy$VirtualFilterChain.doFilter(FilterChainProxy.java:374)
	at org.springframework.security.web.context.request.async.WebAsyncManagerIntegrationFilter.doFilterInternal(WebAsyncManagerIntegrationFilter.java:62)
	at org.springframework.web.filter.OncePerRequestFilter.doFilter(OncePerRequestFilter.java:116)
	at org.springframework.security.web.FilterChainProxy$VirtualFilterChain.doFilter(FilterChainProxy.java:374)
	at org.springframework.security.web.session.DisableEncodeUrlFilter.doFilterInternal(DisableEncodeUrlFilter.java:42)
	at org.springframework.web.filter.OncePerRequestFilter.doFilter(OncePerRequestFilter.java:116)
	at org.springframework.security.web.FilterChainProxy$VirtualFilterChain.doFilter(FilterChainProxy.java:374)
	at org.springframework.security.web.FilterChainProxy.doFilterInternal(FilterChainProxy.java:233)
	at org.springframework.security.web.FilterChainProxy.doFilter(FilterChainProxy.java:191)
	at org.springframework.web.filter.CompositeFilter$VirtualFilterChain.doFilter(CompositeFilter.java:113)
	at org.springframework.web.servlet.handler.HandlerMappingIntrospector.lambda$createCacheFilter$3(HandlerMappingIntrospector.java:195)
	at org.springframework.web.filter.CompositeFilter$VirtualFilterChain.doFilter(CompositeFilter.java:113)
	at org.springframework.web.filter.CompositeFilter.doFilter(CompositeFilter.java:74)
	at org.springframework.security.config.annotation.web.configuration.WebMvcSecurityConfiguration$CompositeFilterChainProxy.doFilter(WebMvcSecurityConfiguration.java:230)
	at org.springframework.web.filter.DelegatingFilterProxy.invokeDelegate(DelegatingFilterProxy.java:362)
	at org.springframework.web.filter.DelegatingFilterProxy.doFilter(DelegatingFilterProxy.java:278)
	at org.apache.catalina.core.ApplicationFilterChain.internalDoFilter(ApplicationFilterChain.java:164)
	at org.apache.catalina.core.ApplicationFilterChain.doFilter(ApplicationFilterChain.java:140)
	at org.springframework.web.filter.RequestContextFilter.doFilterInternal(RequestContextFilter.java:100)
	at org.springframework.web.filter.OncePerRequestFilter.doFilter(OncePerRequestFilter.java:116)
	at org.apache.catalina.core.ApplicationFilterChain.internalDoFilter(ApplicationFilterChain.java:164)
	at org.apache.catalina.core.ApplicationFilterChain.doFilter(ApplicationFilterChain.java:140)
	at org.springframework.web.filter.FormContentFilter.doFilterInternal(FormContentFilter.java:93)
	at org.springframework.web.filter.OncePerRequestFilter.doFilter(OncePerRequestFilter.java:116)
	at org.apache.catalina.core.ApplicationFilterChain.internalDoFilter(ApplicationFilterChain.java:164)
	at org.apache.catalina.core.ApplicationFilterChain.doFilter(ApplicationFilterChain.java:140)
	at org.springframework.web.filter.CharacterEncodingFilter.doFilterInternal(CharacterEncodingFilter.java:201)
	at org.springframework.web.filter.OncePerRequestFilter.doFilter(OncePerRequestFilter.java:116)
	at org.apache.catalina.core.ApplicationFilterChain.internalDoFilter(ApplicationFilterChain.java:164)
	at org.apache.catalina.core.ApplicationFilterChain.doFilter(ApplicationFilterChain.java:140)
	at org.apache.catalina.core.StandardWrapperValve.invoke(StandardWrapperValve.java:167)
	at org.apache.catalina.core.StandardContextValve.invoke(StandardContextValve.java:90)
	at org.apache.catalina.authenticator.AuthenticatorBase.invoke(AuthenticatorBase.java:483)
	at org.apache.catalina.core.StandardHostValve.invoke(StandardHostValve.java:115)
	at org.apache.catalina.valves.ErrorReportValve.invoke(ErrorReportValve.java:93)
	at org.apache.catalina.core.StandardEngineValve.invoke(StandardEngineValve.java:74)
	at org.apache.catalina.connector.CoyoteAdapter.service(CoyoteAdapter.java:344)
	at org.apache.coyote.http11.Http11Processor.service(Http11Processor.java:384)
	at org.apache.coyote.AbstractProcessorLight.process(AbstractProcessorLight.java:63)
	at org.apache.coyote.AbstractProtocol$ConnectionHandler.process(AbstractProtocol.java:905)
	at org.apache.tomcat.util.net.NioEndpoint$SocketProcessor.doRun(NioEndpoint.java:1741)
	at org.apache.tomcat.util.net.SocketProcessorBase.run(SocketProcessorBase.java:52)
	at org.apache.tomcat.util.threads.ThreadPoolExecutor.runWorker(ThreadPoolExecutor.java:1190)
	at org.apache.tomcat.util.threads.ThreadPoolExecutor$Worker.run(ThreadPoolExecutor.java:659)
	at org.apache.tomcat.util.threads.TaskThread$WrappingRunnable.run(TaskThread.java:63)
	at java.base/java.lang.Thread.run(Thread.java:1583)
2026-09-21 10:11:39 [http-nio-8080-exec-5] DEBUG org.hibernate.SQL - 
    select
        p1_0.id,
        p1_0.amount,
        p1_0.booking_id,
        p1_0.method,
        p1_0.payment_date,
        p1_0.status,
        p1_0.transaction_id 
    from
        payments p1_0 
    where
        p1_0.booking_id=?
2026-09-21 10:11:39 [http-nio-8080-exec-5] DEBUG org.hibernate.SQL - 
    select
        c1_0.id,
        c1_0.booking_id,
        c1_0.cancellation_date,
        c1_0.reason,
        c1_0.refund_amount,
        c1_0.status 
    from
        cancellations c1_0 
    where
        c1_0.booking_id=?
2026-09-21 10:11:39 [http-nio-8080-exec-5] DEBUG org.hibernate.SQL - 
    select
        p1_0.id,
        p1_0.amount,
        p1_0.booking_id,
        p1_0.method,
        p1_0.payment_date,
        p1_0.status,
        p1_0.transaction_id 
    from
        payments p1_0 
    where
        p1_0.booking_id=?
2026-09-21 10:11:39 [http-nio-8080-exec-5] DEBUG org.hibernate.SQL - 
    select
        c1_0.id,
        c1_0.booking_id,
        c1_0.cancellation_date,
        c1_0.reason,
        c1_0.refund_amount,
        c1_0.status 
    from
        cancellations c1_0 
    where
        c1_0.booking_id=?
2026-09-21 10:11:39 [http-nio-8080-exec-5] DEBUG org.hibernate.SQL - 
    select
        p1_0.id,
        p1_0.amount,
        p1_0.booking_id,
        p1_0.method,
        p1_0.payment_date,
        p1_0.status,
        p1_0.transaction_id 
    from
        payments p1_0 
    where
        p1_0.booking_id=?
2026-09-21 10:11:39 [http-nio-8080-exec-5] DEBUG org.hibernate.SQL - 
    select
        c1_0.id,
        c1_0.booking_id,
        c1_0.cancellation_date,
        c1_0.reason,
        c1_0.refund_amount,
        c1_0.status 
    from
        cancellations c1_0 
    where
        c1_0.booking_id=?
2026-09-21 10:11:39 [http-nio-8080-exec-5] DEBUG org.hibernate.SQL - 
    select
        p1_0.id,
        p1_0.amount,
        p1_0.booking_id,
        p1_0.method,
        p1_0.payment_date,
        p1_0.status,
        p1_0.transaction_id 
    from
        payments p1_0 
    where
        p1_0.booking_id=?
2026-09-21 10:11:39 [http-nio-8080-exec-5] DEBUG org.hibernate.SQL - 
    select
        bs1_0.id,
        bs1_0.booking_id,
        bs1_0.bus_seat_id 
    from
        booking_seats bs1_0 
    where
        bs1_0.booking_id=?
2026-09-21 10:11:39 [http-nio-8080-exec-5] DEBUG org.hibernate.SQL - 
    select
        bs1_0.id,
        bs1_0.is_available,
        bs1_0.bus_id,
        bs1_0.seat_number,
        bs1_0.seat_type 
    from
        bus_seats bs1_0 
    where
        bs1_0.id=?
2026-09-21 10:11:39 [http-nio-8080-exec-5] DEBUG org.hibernate.SQL - 
    select
        s1_0.id,
        s1_0.active,
        s1_0.arrival_time,
        s1_0.available_seats,
        s1_0.bus_id,
        s1_0.departure_time,
        s1_0.fare,
        s1_0.route_id 
    from
        schedules s1_0 
    where
        s1_0.id=?
2026-09-21 10:11:39 [http-nio-8080-exec-5] DEBUG org.hibernate.SQL - 
    select
        r1_0.id,
        r1_0.active,
        r1_0.base_fare,
        r1_0.destination,
        r1_0.distance_km,
        r1_0.duration_minutes,
        r1_0.source 
    from
        routes r1_0 
    where
        r1_0.id=?
2026-09-21 10:11:39 [http-nio-8080-exec-5] DEBUG org.hibernate.SQL - 
    select
        b1_0.id,
        b1_0.is_active,
        b1_0.bus_name,
        b1_0.bus_number,
        b1_0.bus_type,
        b1_0.owner_id,
        b1_0.total_seats 
    from
        buses b1_0 
    where
        b1_0.id=?
2026-09-21 10:11:39 [http-nio-8080-exec-5] DEBUG org.hibernate.SQL - 
    select
        p1_0.id,
        p1_0.age,
        p1_0.first_name,
        p1_0.gender,
        p1_0.last_name,
        p1_0.nic,
        p1_0.phone 
    from
        passengers p1_0 
    where
        p1_0.id=?
2026-09-21 10:11:39 [http-nio-8080-exec-5] DEBUG org.hibernate.SQL - 
    select
        b1_0.id,
        b1_0.booking_date,
        b1_0.passenger_id,
        b1_0.schedule_id,
        b1_0.status,
        b1_0.total_amount,
        b1_0.user_id 
    from
        bookings b1_0 
    where
        b1_0.passenger_id=?
2026-09-21 10:11:39 [http-nio-8080-exec-5] DEBUG org.hibernate.SQL - 
    select
        bs1_0.id,
        bs1_0.booking_id,
        bs1_0.bus_seat_id 
    from
        booking_seats bs1_0 
    where
        bs1_0.booking_id=?
2026-09-21 10:11:39 [http-nio-8080-exec-5] DEBUG org.hibernate.SQL - 
    select
        bs1_0.id,
        bs1_0.is_available,
        bs1_0.bus_id,
        bs1_0.seat_number,
        bs1_0.seat_type 
    from
        bus_seats bs1_0 
    where
        bs1_0.id=?
2026-09-21 10:11:39 [http-nio-8080-exec-5] DEBUG org.hibernate.SQL - 
    select
        s1_0.id,
        s1_0.active,
        s1_0.arrival_time,
        s1_0.available_seats,
        s1_0.bus_id,
        s1_0.departure_time,
        s1_0.fare,
        s1_0.route_id 
    from
        schedules s1_0 
    where
        s1_0.id=?
2026-09-21 10:11:39 [http-nio-8080-exec-5] DEBUG org.hibernate.SQL - 
    select
        r1_0.id,
        r1_0.active,
        r1_0.base_fare,
        r1_0.destination,
        r1_0.distance_km,
        r1_0.duration_minutes,
        r1_0.source 
    from
        routes r1_0 
    where
        r1_0.id=?
2026-09-21 10:11:39 [http-nio-8080-exec-5] DEBUG org.hibernate.SQL - 
    select
        b1_0.id,
        b1_0.is_active,
        b1_0.bus_name,
        b1_0.bus_number,
        b1_0.bus_type,
        b1_0.owner_id,
        b1_0.total_seats 
    from
        buses b1_0 
    where
        b1_0.id=?
2026-09-21 10:11:39 [http-nio-8080-exec-5] DEBUG org.hibernate.SQL - 
    select
        p1_0.id,
        p1_0.age,
        p1_0.first_name,
        p1_0.gender,
        p1_0.last_name,
        p1_0.nic,
        p1_0.phone 
    from
        passengers p1_0 
    where
        p1_0.id=?
2026-09-21 10:11:39 [http-nio-8080-exec-5] DEBUG org.hibernate.SQL - 
    select
        b1_0.id,
        b1_0.booking_date,
        b1_0.passenger_id,
        b1_0.schedule_id,
        b1_0.status,
        b1_0.total_amount,
        b1_0.user_id 
    from
        bookings b1_0 
    where
        b1_0.passenger_id=?
2026-09-21 10:11:39 [http-nio-8080-exec-5] DEBUG org.hibernate.SQL - 
    select
        bs1_0.id,
        bs1_0.booking_id,
        bs1_0.bus_seat_id 
    from
        booking_seats bs1_0 
    where
        bs1_0.booking_id=?
2026-09-21 10:11:39 [http-nio-8080-exec-5] DEBUG org.hibernate.SQL - 
    select
        bs1_0.id,
        bs1_0.is_available,
        bs1_0.bus_id,
        bs1_0.seat_number,
        bs1_0.seat_type 
    from
        bus_seats bs1_0 
    where
        bs1_0.id=?
2026-09-21 10:11:39 [http-nio-8080-exec-5] DEBUG org.hibernate.SQL - 
    select
        bs1_0.id,
        bs1_0.is_available,
        bs1_0.bus_id,
        bs1_0.seat_number,
        bs1_0.seat_type 
    from
        bus_seats bs1_0 
    where
        bs1_0.id=?
2026-09-21 10:11:39 [http-nio-8080-exec-5] DEBUG org.hibernate.SQL - 
    select
        s1_0.id,
        s1_0.active,
        s1_0.arrival_time,
        s1_0.available_seats,
        s1_0.bus_id,
        s1_0.departure_time,
        s1_0.fare,
        s1_0.route_id 
    from
        schedules s1_0 
    where
        s1_0.id=?
2026-09-21 10:11:39 [http-nio-8080-exec-5] DEBUG org.hibernate.SQL - 
    select
        r1_0.id,
        r1_0.active,
        r1_0.base_fare,
        r1_0.destination,
        r1_0.distance_km,
        r1_0.duration_minutes,
        r1_0.source 
    from
        routes r1_0 
    where
        r1_0.id=?
2026-09-21 10:11:39 [http-nio-8080-exec-5] DEBUG org.hibernate.SQL - 
    select
        b1_0.id,
        b1_0.is_active,
        b1_0.bus_name,
        b1_0.bus_number,
        b1_0.bus_type,
        b1_0.owner_id,
        b1_0.total_seats 
    from
        buses b1_0 
    where
        b1_0.id=?
2026-09-21 10:11:39 [http-nio-8080-exec-5] DEBUG org.hibernate.SQL - 
    select
        p1_0.id,
        p1_0.age,
        p1_0.first_name,
        p1_0.gender,
        p1_0.last_name,
        p1_0.nic,
        p1_0.phone 
    from
        passengers p1_0 
    where
        p1_0.id=?
2026-09-21 10:11:39 [http-nio-8080-exec-5] DEBUG org.hibernate.SQL - 
    select
        b1_0.id,
        b1_0.booking_date,
        b1_0.passenger_id,
        b1_0.schedule_id,
        b1_0.status,
        b1_0.total_amount,
        b1_0.user_id 
    from
        bookings b1_0 
    where
        b1_0.passenger_id=?
2026-09-21 10:11:39 [http-nio-8080-exec-5] DEBUG org.hibernate.SQL - 
    select
        bs1_0.id,
        bs1_0.booking_id,
        bs1_0.bus_seat_id 
    from
        booking_seats bs1_0 
    where
        bs1_0.booking_id=?
2026-09-21 10:11:39 [http-nio-8080-exec-5] DEBUG org.hibernate.SQL - 
    select
        bs1_0.id,
        bs1_0.is_available,
        bs1_0.bus_id,
        bs1_0.seat_number,
        bs1_0.seat_type 
    from
        bus_seats bs1_0 
    where
        bs1_0.id=?
2026-09-21 10:11:39 [http-nio-8080-exec-5] DEBUG org.hibernate.SQL - 
    select
        s1_0.id,
        s1_0.active,
        s1_0.arrival_time,
        s1_0.available_seats,
        s1_0.bus_id,
        s1_0.departure_time,
        s1_0.fare,
        s1_0.route_id 
    from
        schedules s1_0 
    where
        s1_0.id=?
2026-09-21 10:11:39 [http-nio-8080-exec-5] DEBUG org.hibernate.SQL - 
    select
        r1_0.id,
        r1_0.active,
        r1_0.base_fare,
        r1_0.destination,
        r1_0.distance_km,
        r1_0.duration_minutes,
        r1_0.source 
    from
        routes r1_0 
    where
        r1_0.id=?
2026-09-21 10:11:39 [http-nio-8080-exec-5] DEBUG org.hibernate.SQL - 
    select
        p1_0.id,
        p1_0.age,
        p1_0.first_name,
        p1_0.gender,
        p1_0.last_name,
        p1_0.nic,
        p1_0.phone 
    from
        passengers p1_0 
    where
        p1_0.id=?
2026-09-21 10:11:39 [http-nio-8080-exec-5] DEBUG org.hibernate.SQL - 
    select
        b1_0.id,
        b1_0.booking_date,
        b1_0.passenger_id,
        b1_0.schedule_id,
        b1_0.status,
        b1_0.total_amount,
        b1_0.user_id 
    from
        bookings b1_0 
    where
        b1_0.passenger_id=?
2026-09-21 10:19:06 [background-preinit] INFO  o.h.validator.internal.util.Version - HV000001: Hibernate Validator 8.0.1.Final
2026-09-21 10:19:06 [main] INFO  B.ijse.IjseApplicationTests - Starting IjseApplicationTests using Java 21.0.11 with PID 13400 (started by Dinesh in C:\Users\Dinesh\Downloads\ijse\ijse)
2026-09-21 10:19:06 [main] DEBUG B.ijse.IjseApplicationTests - Running with Spring Boot v3.3.5, Spring v6.1.14
2026-09-21 10:19:06 [main] INFO  B.ijse.IjseApplicationTests - No active profile set, falling back to 1 default profile: "default"
2026-09-21 10:19:10 [main] INFO  o.s.d.r.c.RepositoryConfigurationDelegate - Bootstrapping Spring Data JPA repositories in DEFAULT mode.
2026-09-21 10:19:10 [main] INFO  o.s.d.r.c.RepositoryConfigurationDelegate - Finished Spring Data repository scanning in 378 ms. Found 17 JPA repository interfaces.
2026-09-21 10:19:13 [main] INFO  o.h.jpa.internal.util.LogHelper - HHH000204: Processing PersistenceUnitInfo [name: default]
2026-09-21 10:19:13 [main] INFO  org.hibernate.Version - HHH000412: Hibernate ORM core version 6.5.3.Final
2026-09-21 10:19:13 [main] INFO  o.h.c.i.RegionFactoryInitiator - HHH000026: Second-level cache disabled
2026-09-21 10:19:15 [main] INFO  o.s.o.j.p.SpringPersistenceUnitInfo - No LoadTimeWeaver setup: ignoring JPA class transformer
2026-09-21 10:19:15 [main] INFO  com.zaxxer.hikari.HikariDataSource - HikariPool-1 - Starting...
2026-09-21 10:19:16 [main] INFO  com.zaxxer.hikari.pool.HikariPool - HikariPool-1 - Added connection com.mysql.cj.jdbc.ConnectionImpl@6f976c
2026-09-21 10:19:16 [main] INFO  com.zaxxer.hikari.HikariDataSource - HikariPool-1 - Start completed.
2026-09-21 10:19:16 [main] WARN  org.hibernate.orm.deprecation - HHH90000025: MySQLDialect does not need to be specified explicitly using 'hibernate.dialect' (remove the property setting and it will be selected by default)
2026-09-21 10:19:20 [main] INFO  o.h.e.t.j.p.i.JtaPlatformInitiator - HHH000489: No JTA platform available (set 'hibernate.transaction.jta.platform' to enable JTA platform integration)
2026-09-21 10:19:20 [main] DEBUG org.hibernate.SQL - 
    alter table bookings 
       modify column status enum ('CANCELLED','COMPLETED','CONFIRMED','NO_SHOW','PENDING') not null
2026-09-21 10:19:20 [main] DEBUG org.hibernate.SQL - 
    alter table bus_seats 
       modify column seat_type enum ('AISLE','LOWER_BERTH','MIDDLE','UPPER_BERTH','WINDOW') not null
2026-09-21 10:19:20 [main] DEBUG org.hibernate.SQL - 
    alter table buses 
       modify column bus_type enum ('AC_SEATER','AC_SLEEPER','LUXURY','MINI','NON_AC_SEATER','NON_AC_SLEEPER') not null
2026-09-21 10:19:20 [main] DEBUG org.hibernate.SQL - 
    alter table cancellations 
       modify column status enum ('APPROVED','REFUND_COMPLETED','REFUND_INITIATED','REJECTED','REQUESTED') not null
2026-09-21 10:19:20 [main] DEBUG org.hibernate.SQL - 
    alter table notifications 
       modify column type enum ('BOOKING_CANCELLED','BOOKING_CONFIRMED','GENERAL','PAYMENT_FAILED','PAYMENT_SUCCESS','REFUND_INITIATED','SCHEDULE_CHANGE') not null
2026-09-21 10:19:20 [main] DEBUG org.hibernate.SQL - 
    alter table payments 
       modify column method enum ('CASH','CREDIT_CARD','DEBIT_CARD','NET_BANKING','UPI','WALLET') not null
2026-09-21 10:19:20 [main] DEBUG org.hibernate.SQL - 
    alter table payments 
       modify column status enum ('FAILED','PARTIALLY_REFUNDED','PENDING','REFUNDED','SUCCESS') not null
2026-09-21 10:19:20 [main] DEBUG org.hibernate.SQL - 
    alter table roles 
       modify column name enum ('ROLE_ADMIN','ROLE_BUS_OWNER','ROLE_GUEST','ROLE_USER') not null
2026-09-21 10:19:20 [main] DEBUG org.hibernate.SQL - 
    alter table verification_tokens 
       modify column type enum ('EMAIL_VERIFICATION','PASSWORD_RESET') not null
2026-09-21 10:19:21 [main] INFO  o.s.o.j.LocalContainerEntityManagerFactoryBean - Initialized JPA EntityManagerFactory for persistence unit 'default'
2026-09-21 10:19:22 [main] INFO  o.s.d.j.r.query.QueryEnhancerFactory - Hibernate is in classpath; If applicable, HQL parser will be used.
2026-09-21 10:19:25 [main] INFO  o.s.s.c.a.a.c.InitializeAuthenticationProviderBeanManagerConfigurer$InitializeAuthenticationProviderManagerConfigurer - Global AuthenticationManager configured with AuthenticationProvider bean with name authenticationProvider
2026-09-21 10:19:25 [main] WARN  o.s.s.c.a.a.c.InitializeUserDetailsBeanManagerConfigurer$InitializeUserDetailsManagerConfigurer - Global AuthenticationManager configured with an AuthenticationProvider bean. UserDetailsService beans will not be used for username/password login. Consider removing the AuthenticationProvider bean. Alternatively, consider using the UserDetailsService in a manually instantiated DaoAuthenticationProvider.
2026-09-21 10:19:26 [main] INFO  o.s.b.a.w.s.WelcomePageHandlerMapping - Adding welcome page: class path resource [static/index.html]
2026-09-21 10:19:28 [main] INFO  B.ijse.IjseApplicationTests - Started IjseApplicationTests in 22.495 seconds (process running for 25.385)
2026-09-21 10:19:28 [main] INFO  B.ijse.DataInitializer - === GoBus API – Data Initialization ===
2026-09-21 10:19:28 [main] DEBUG org.hibernate.SQL - 
    select
        r1_0.id,
        r1_0.name 
    from
        roles r1_0 
    where
        r1_0.name=?
2026-09-21 10:19:28 [main] DEBUG org.hibernate.SQL - 
    select
        r1_0.id,
        r1_0.name 
    from
        roles r1_0 
    where
        r1_0.name=?
2026-09-21 10:19:28 [main] DEBUG org.hibernate.SQL - 
    select
        r1_0.id,
        r1_0.name 
    from
        roles r1_0 
    where
        r1_0.name=?
2026-09-21 10:19:28 [main] DEBUG org.hibernate.SQL - 
    select
        r1_0.id,
        r1_0.name 
    from
        roles r1_0 
    where
        r1_0.name=?
2026-09-21 10:19:28 [main] DEBUG org.hibernate.SQL - 
    select
        u1_0.id,
        u1_0.email,
        u1_0.enabled,
        u1_0.full_name,
        u1_0.password,
        u1_0.phone,
        u1_0.username 
    from
        users u1_0 
    where
        u1_0.username=?
2026-09-21 10:19:28 [main] DEBUG org.hibernate.SQL - 
    select
        r1_0.user_id,
        r1_1.id,
        r1_1.name 
    from
        user_roles r1_0 
    join
        roles r1_1 
            on r1_1.id=r1_0.role_id 
    where
        r1_0.user_id=?
2026-09-21 10:19:29 [main] INFO  B.ijse.DataInitializer - Admin user verified     → admin / Admin@1234
2026-09-21 10:19:29 [main] DEBUG org.hibernate.SQL - 
    update
        users 
    set
        email=?,
        enabled=?,
        full_name=?,
        password=?,
        phone=?,
        username=? 
    where
        id=?
2026-09-21 10:19:29 [main] DEBUG org.hibernate.SQL - 
    select
        u1_0.id,
        u1_0.email,
        u1_0.enabled,
        u1_0.full_name,
        u1_0.password,
        u1_0.phone,
        u1_0.username 
    from
        users u1_0 
    where
        u1_0.username=?
2026-09-21 10:19:29 [main] DEBUG org.hibernate.SQL - 
    select
        r1_0.user_id,
        r1_1.id,
        r1_1.name 
    from
        user_roles r1_0 
    join
        roles r1_1 
            on r1_1.id=r1_0.role_id 
    where
        r1_0.user_id=?
2026-09-21 10:19:29 [main] INFO  B.ijse.DataInitializer - Test user verified      → testuser / User@1234
2026-09-21 10:19:29 [main] DEBUG org.hibernate.SQL - 
    update
        users 
    set
        email=?,
        enabled=?,
        full_name=?,
        password=?,
        phone=?,
        username=? 
    where
        id=?
2026-09-21 10:19:29 [main] DEBUG org.hibernate.SQL - 
    select
        u1_0.id,
        u1_0.email,
        u1_0.enabled,
        u1_0.full_name,
        u1_0.password,
        u1_0.phone,
        u1_0.username 
    from
        users u1_0 
    where
        u1_0.username=?
2026-09-21 10:19:29 [main] DEBUG org.hibernate.SQL - 
    select
        r1_0.user_id,
        r1_1.id,
        r1_1.name 
    from
        user_roles r1_0 
    join
        roles r1_1 
            on r1_1.id=r1_0.role_id 
    where
        r1_0.user_id=?
2026-09-21 10:19:30 [main] INFO  B.ijse.DataInitializer - Bus Owner verified      → busowner / Owner@1234
2026-09-21 10:19:30 [main] DEBUG org.hibernate.SQL - 
    select
        r1_0.id,
        r1_0.active,
        r1_0.base_fare,
        r1_0.destination,
        r1_0.distance_km,
        r1_0.duration_minutes,
        r1_0.source 
    from
        routes r1_0 
    where
        upper(r1_0.source)=upper(?) 
        and upper(r1_0.destination)=upper(?)
2026-09-21 10:19:30 [main] DEBUG org.hibernate.SQL - 
    select
        r1_0.id,
        r1_0.active,
        r1_0.base_fare,
        r1_0.destination,
        r1_0.distance_km,
        r1_0.duration_minutes,
        r1_0.source 
    from
        routes r1_0 
    where
        upper(r1_0.source)=upper(?) 
        and upper(r1_0.destination)=upper(?)
2026-09-21 10:19:30 [main] DEBUG org.hibernate.SQL - 
    select
        r1_0.id,
        r1_0.active,
        r1_0.base_fare,
        r1_0.destination,
        r1_0.distance_km,
        r1_0.duration_minutes,
        r1_0.source 
    from
        routes r1_0 
    where
        upper(r1_0.source)=upper(?) 
        and upper(r1_0.destination)=upper(?)
2026-09-21 10:19:30 [main] DEBUG org.hibernate.SQL - 
    select
        r1_0.id,
        r1_0.active,
        r1_0.base_fare,
        r1_0.destination,
        r1_0.distance_km,
        r1_0.duration_minutes,
        r1_0.source 
    from
        routes r1_0 
    where
        upper(r1_0.source)=upper(?) 
        and upper(r1_0.destination)=upper(?)
2026-09-21 10:19:30 [main] DEBUG org.hibernate.SQL - 
    select
        r1_0.id,
        r1_0.active,
        r1_0.base_fare,
        r1_0.destination,
        r1_0.distance_km,
        r1_0.duration_minutes,
        r1_0.source 
    from
        routes r1_0 
    where
        upper(r1_0.source)=upper(?) 
        and upper(r1_0.destination)=upper(?)
2026-09-21 10:19:30 [main] DEBUG org.hibernate.SQL - 
    select
        r1_0.id,
        r1_0.active,
        r1_0.base_fare,
        r1_0.destination,
        r1_0.distance_km,
        r1_0.duration_minutes,
        r1_0.source 
    from
        routes r1_0 
    where
        upper(r1_0.source)=upper(?) 
        and upper(r1_0.destination)=upper(?)
2026-09-21 10:19:30 [main] DEBUG org.hibernate.SQL - 
    select
        r1_0.id,
        r1_0.active,
        r1_0.base_fare,
        r1_0.destination,
        r1_0.distance_km,
        r1_0.duration_minutes,
        r1_0.source 
    from
        routes r1_0 
    where
        upper(r1_0.source)=upper(?) 
        and upper(r1_0.destination)=upper(?)
2026-09-21 10:19:30 [main] DEBUG org.hibernate.SQL - 
    select
        r1_0.id,
        r1_0.active,
        r1_0.base_fare,
        r1_0.destination,
        r1_0.distance_km,
        r1_0.duration_minutes,
        r1_0.source 
    from
        routes r1_0 
    where
        upper(r1_0.source)=upper(?) 
        and upper(r1_0.destination)=upper(?)
2026-09-21 10:19:30 [main] INFO  B.ijse.DataInitializer - Ensured 8 routes exist
2026-09-21 10:19:30 [main] DEBUG org.hibernate.SQL - 
    select
        b1_0.id,
        b1_0.is_active,
        b1_0.bus_name,
        b1_0.bus_number,
        b1_0.bus_type,
        b1_0.owner_id,
        b1_0.total_seats 
    from
        buses b1_0 
    where
        b1_0.bus_number=?
2026-09-21 10:19:30 [main] DEBUG org.hibernate.SQL - 
    select
        b1_0.id,
        b1_0.is_active,
        b1_0.bus_name,
        b1_0.bus_number,
        b1_0.bus_type,
        b1_0.owner_id,
        b1_0.total_seats 
    from
        buses b1_0 
    where
        b1_0.bus_number=?
2026-09-21 10:19:30 [main] DEBUG org.hibernate.SQL - 
    select
        b1_0.id,
        b1_0.is_active,
        b1_0.bus_name,
        b1_0.bus_number,
        b1_0.bus_type,
        b1_0.owner_id,
        b1_0.total_seats 
    from
        buses b1_0 
    where
        b1_0.bus_number=?
2026-09-21 10:19:30 [main] DEBUG org.hibernate.SQL - 
    select
        b1_0.id,
        b1_0.is_active,
        b1_0.bus_name,
        b1_0.bus_number,
        b1_0.bus_type,
        b1_0.owner_id,
        b1_0.total_seats 
    from
        buses b1_0 
    where
        b1_0.bus_number=?
2026-09-21 10:19:30 [main] DEBUG org.hibernate.SQL - 
    select
        b1_0.id,
        b1_0.is_active,
        b1_0.bus_name,
        b1_0.bus_number,
        b1_0.bus_type,
        b1_0.owner_id,
        b1_0.total_seats 
    from
        buses b1_0 
    where
        b1_0.bus_number=?
2026-09-21 10:19:30 [main] INFO  B.ijse.DataInitializer - Ensured 5 buses with seats and operator assignment exist
2026-09-21 10:19:30 [main] DEBUG org.hibernate.SQL - 
    select
        s1_0.id,
        s1_0.active,
        s1_0.arrival_time,
        s1_0.available_seats,
        s1_0.bus_id,
        s1_0.departure_time,
        s1_0.fare,
        s1_0.route_id 
    from
        schedules s1_0
2026-09-21 10:19:30 [main] DEBUG org.hibernate.SQL - 
    select
        b1_0.id,
        b1_0.booking_date,
        b1_0.passenger_id,
        b1_0.schedule_id,
        b1_0.status,
        b1_0.total_amount,
        b1_0.user_id 
    from
        bookings b1_0 
    where
        b1_0.user_id=?
2026-09-21 10:19:30 [main] DEBUG org.hibernate.SQL - 
    select
        c1_0.id,
        c1_0.booking_id,
        c1_0.cancellation_date,
        c1_0.reason,
        c1_0.refund_amount,
        c1_0.status 
    from
        cancellations c1_0 
    where
        c1_0.booking_id=?
2026-09-21 10:19:30 [main] DEBUG org.hibernate.SQL - 
    select
        p1_0.id,
        p1_0.amount,
        p1_0.booking_id,
        p1_0.method,
        p1_0.payment_date,
        p1_0.status,
        p1_0.transaction_id 
    from
        payments p1_0 
    where
        p1_0.booking_id=?
2026-09-21 10:19:30 [main] DEBUG org.hibernate.SQL - 
    select
        c1_0.id,
        c1_0.booking_id,
        c1_0.cancellation_date,
        c1_0.reason,
        c1_0.refund_amount,
        c1_0.status 
    from
        cancellations c1_0 
    where
        c1_0.booking_id=?
2026-09-21 10:19:30 [main] DEBUG org.hibernate.SQL - 
    select
        p1_0.id,
        p1_0.amount,
        p1_0.booking_id,
        p1_0.method,
        p1_0.payment_date,
        p1_0.status,
        p1_0.transaction_id 
    from
        payments p1_0 
    where
        p1_0.booking_id=?
2026-09-21 10:19:30 [main] DEBUG org.hibernate.SQL - 
    select
        c1_0.id,
        c1_0.booking_id,
        c1_0.cancellation_date,
        c1_0.reason,
        c1_0.refund_amount,
        c1_0.status 
    from
        cancellations c1_0 
    where
        c1_0.booking_id=?
2026-09-21 10:19:30 [main] DEBUG org.hibernate.SQL - 
    select
        p1_0.id,
        p1_0.amount,
        p1_0.booking_id,
        p1_0.method,
        p1_0.payment_date,
        p1_0.status,
        p1_0.transaction_id 
    from
        payments p1_0 
    where
        p1_0.booking_id=?
2026-09-21 10:19:30 [main] DEBUG org.hibernate.SQL - 
    select
        c1_0.id,
        c1_0.booking_id,
        c1_0.cancellation_date,
        c1_0.reason,
        c1_0.refund_amount,
        c1_0.status 
    from
        cancellations c1_0 
    where
        c1_0.booking_id=?
2026-09-21 10:19:30 [main] DEBUG org.hibernate.SQL - 
    select
        p1_0.id,
        p1_0.amount,
        p1_0.booking_id,
        p1_0.method,
        p1_0.payment_date,
        p1_0.status,
        p1_0.transaction_id 
    from
        payments p1_0 
    where
        p1_0.booking_id=?
2026-09-21 10:19:30 [main] DEBUG org.hibernate.SQL - 
    select
        n1_0.id,
        n1_0.created_at,
        n1_0.message,
        n1_0.is_read,
        n1_0.type,
        n1_0.user_id 
    from
        notifications n1_0 
    where
        n1_0.user_id=? 
        and not(n1_0.is_read)
2026-09-21 10:19:30 [main] DEBUG org.hibernate.SQL - 
    select
        r1_0.id,
        r1_0.comment,
        r1_0.created_at,
        r1_0.rating,
        r1_0.route_id,
        r1_0.user_id 
    from
        reviews r1_0 
    where
        r1_0.user_id=?
2026-09-21 10:19:30 [main] INFO  B.ijse.DataInitializer - === Data Initialization Complete ===
2026-09-21 10:19:30 [main] DEBUG org.hibernate.SQL - 
    update
        users 
    set
        email=?,
        enabled=?,
        full_name=?,
        password=?,
        phone=?,
        username=? 
    where
        id=?
2026-09-21 10:19:33 [main] INFO  B.i.S.Serviceimpl.AuthServiceImpl - Password successfully reset for user: kasun99
2026-09-21 10:19:33 [main] INFO  B.i.S.Serviceimpl.AuthServiceImpl - User email verified successfully: kasun99
2026-09-21 10:19:33 [main] INFO  B.i.S.Serviceimpl.AuthServiceImpl - New user registered (pending verification): kasun99
2026-09-21 10:19:33 [main] INFO  B.i.S.Serviceimpl.AuthServiceImpl - Sent password reset code to: kasun@example.com
2026-09-21 10:19:35 [SpringApplicationShutdownHook] INFO  o.s.o.j.LocalContainerEntityManagerFactoryBean - Closing JPA EntityManagerFactory for persistence unit 'default'
2026-09-21 10:19:35 [SpringApplicationShutdownHook] INFO  com.zaxxer.hikari.HikariDataSource - HikariPool-1 - Shutdown initiated...
2026-09-21 10:19:35 [SpringApplicationShutdownHook] INFO  com.zaxxer.hikari.HikariDataSource - HikariPool-1 - Shutdown completed.
